msoa21,population
E02002483,10239
E02002484,10278
E02002485,8001
E02002489,7125
E02002490,5805
E02002491,6473
E02002492,6774
E02002493,6751
E02002494,7673
E02006909,12688
E02007059,10532
E02002496,11864
E02002497,6112
E02002498,8505
E02002499,7680
E02002500,5907
E02002501,6266
E02002502,9792
E02002503,6835
E02002504,9756
E02002505,6386
E02002506,5600
E02002507,6236
E02002508,5429
E02002509,5143
E02002510,7092
E02002512,5337
E02002513,10236
E02002514,8340
E02006811,11410
E02002515,6473
E02002516,5870
E02002517,5315
E02002518,10877
E02002519,7473
E02002520,13088
E02002521,5874
E02002523,6388
E02002524,5398
E02002525,7971
E02002526,7707
E02002527,5086
E02002529,5740
E02002530,6180
E02002532,6735
E02002533,6565
E02002534,5574
E02006812,7603
E02006910,10612
E02002535,9165
E02002536,9328
E02002537,8365
E02002538,5637
E02002539,10538
E02002540,6066
E02002541,6014
E02002542,8024
E02002543,9246
E02002544,8919
E02002545,5032
E02002546,7453
E02002547,6090
E02002549,7454
E02002550,6046
E02002551,5364
E02002552,7147
E02002553,5798
E02002554,5042
E02002555,10308
E02002556,7267
E02002558,11015
E02007060,6102
E02007061,8369
E02007062,7670
E02007063,9135
E02002559,9657
E02002560,6240
E02002561,5422
E02002562,5619
E02002563,5549
E02002564,9733
E02002567,9403
E02002568,6033
E02002569,9145
E02002570,7506
E02002571,6354
E02002572,6286
E02002573,9369
E02007058,11484
E02004290,5722
E02004291,7120
E02004292,7960
E02004293,9614
E02004294,7899
E02004295,7274
E02004296,8425
E02004297,7937
E02004298,9956
E02004299,8191
E02004300,7683
E02004301,9599
E02004302,7827
E02004303,11018
E02004304,9004
E02004305,10187
E02004306,5993
E02004307,6454
E02004308,7722
E02004309,6194
E02004310,7826
E02004311,9129
E02004312,7425
E02004313,6746
E02004314,12666
E02004315,13300
E02004316,6479
E02004317,7318
E02004318,6584
E02004319,7962
E02004320,8557
E02004321,8166
E02004322,8659
E02004323,7383
E02004324,5762
E02004325,9012
E02004326,6766
E02004327,5549
E02004328,7228
E02004329,6456
E02004330,5944
E02004331,7186
E02004332,7362
E02004333,6690
E02004334,7001
E02004335,7886
E02004336,6713
E02004337,10501
E02004338,7323
E02004339,7029
E02004340,10420
E02004341,8715
E02004342,5606
E02004343,5536
E02004344,6972
E02004345,12569
E02004348,7828
E02004349,9361
E02004350,9778
E02004351,7235
E02004352,8180
E02004353,7205
E02004354,9086
E02004355,7039
E02007022,12145
E02005702,6694
E02005703,6804
E02005704,12641
E02005705,7598
E02005706,9194
E02005707,7032
E02005708,10021
E02005709,6850
E02005710,9379
E02005711,7822
E02005712,9406
E02005713,6272
E02005715,9260
E02005717,7374
E02005718,6268
E02005719,8155
E02005720,12139
E02005721,5447
E02005722,9474
E02005723,6030
E02005724,6633
E02005725,7021
E02005726,7923
E02005727,6065
E02005728,6718
E02005729,5578
E02005730,12643
E02005731,10735
E02005733,8278
E02005734,5950
E02005735,7142
E02005736,8709
E02005739,9005
E02005740,10092
E02005741,8477
E02007105,12429
E02007106,14549
E02007107,8759
E02001709,10345
E02001710,10103
E02001711,9892
E02001712,9336
E02001713,10047
E02001714,9695
E02001715,11802
E02001718,6621
E02001719,8577
E02001720,9505
E02001721,10746
E02001722,9480
E02001723,7173
E02001724,8972
E02001725,9175
E02001726,11810
E02001727,8745
E02001728,9451
E02001729,12297
E02001732,5688
E02001734,8173
E02001735,6620
E02001737,6187
E02006893,10853
E02007095,9934
E02007096,5929
E02007097,8666
E02007098,6507
E02007099,10250
E02007100,8418
E02007101,9609
E02007102,7531
E02007103,6458
E02007104,5536
E02001738,6164
E02001739,7266
E02001740,5913
E02001741,7724
E02001742,5773
E02001743,7574
E02001744,8172
E02001745,6694
E02001746,8186
E02001747,6232
E02001748,8661
E02001749,6367
E02001750,6791
E02001751,6664
E02001752,6404
E02001753,6153
E02001754,5782
E02001755,9896
E02001756,9306
E02001757,5839
E02001758,5603
E02001759,6137
E02001760,7745
E02001761,5514
E02001762,6753
E02001763,6408
E02001764,7563
E02001765,7643
E02001766,7175
E02001767,6864
E02001768,8078
E02001769,7419
E02001770,5951
E02001771,6194
E02001772,5025
E02001773,5244
E02001774,5237
E02001775,5435
E02001776,9055
E02001777,6753
E02001778,5617
E02001779,5348
E02001780,6042
E02001781,5391
E02001782,10190
E02001783,7202
E02001784,6569
E02001785,7590
E02001786,6610
E02001787,5361
E02001788,5778
E02001789,5792
E02001790,5896
E02001791,5480
E02001792,6824
E02001793,8274
E02001794,8840
E02001795,7274
E02001796,8568
E02001797,5876
E02001798,8213
E02001799,9356
E02001800,6693
E02001801,5838
E02001802,7354
E02001803,8544
E02001804,6215
E02001805,5501
E02001806,7655
E02001807,8653
E02001808,5590
E02001809,6491
E02001810,8224
E02001811,8699
E02001812,9978
E02001813,9686
E02001814,6172
E02001815,9787
E02001816,6796
E02001817,6689
E02001818,9496
E02001819,6883
E02001820,9690
E02001821,5604
E02001822,7665
E02001823,8045
E02001824,8539
E02001825,7609
E02001826,7371
E02001682,8529
E02001683,9348
E02001684,6667
E02001685,8037
E02001686,6710
E02001688,7606
E02001689,7507
E02001690,7021
E02001691,8490
E02001692,6313
E02001693,5233
E02001694,6220
E02001695,5777
E02001696,9146
E02001697,7408
E02001698,6964
E02001699,6549
E02001700,10255
E02001701,6236
E02001702,7869
E02001703,5569
E02001704,6791
E02001706,7924
E02001707,8274
E02006841,7691
E02006842,5126
E02007094,6891
E02002574,8699
E02002575,9453
E02002576,7447
E02002577,7312
E02002578,8405
E02002579,7890
E02002580,7878
E02002581,7107
E02002582,9317
E02002583,7670
E02002584,7325
E02002585,10654
E02002586,9514
E02002587,6452
E02002588,7101
E02002589,6251
E02002590,7304
E02002591,6483
E02002592,6220
E02002593,5090
E02002594,5520
E02002595,8070
E02002596,8046
E02002597,9211
E02002598,11238
E02002599,11068
E02002600,9210
E02002601,9033
E02002602,8193
E02002603,6937
E02002604,7748
E02002605,8930
E02002606,11285
E02002607,11239
E02002608,8226
E02002609,9664
E02002610,12661
E02002611,7785
E02002612,9149
E02002613,6846
E02002614,5815
E02002615,10822
E02002616,9598
E02002617,9637
E02002618,8020
E02002619,9407
E02002620,9071
E02002621,8576
E02002622,11082
E02002623,10490
E02002624,8739
E02002625,10069
E02002626,7278
E02002627,7511
E02002628,6848
E02002629,5971
E02002630,6342
E02002631,8962
E02002632,6317
E02002633,7621
E02002634,8005
E02002635,7796
E02002636,8001
E02002637,6252
E02002638,6489
E02002639,6079
E02002640,7101
E02002641,7987
E02002642,7071
E02002643,7787
E02002644,7857
E02002645,6314
E02002646,7074
E02002647,7997
E02002648,7095
E02002649,8352
E02002650,8307
E02002651,7853
E02003811,7608
E02003812,6669
E02003813,6049
E02003814,8376
E02003815,7589
E02003816,7516
E02003817,7681
E02003818,5698
E02003819,6567
E02003820,9768
E02003821,5590
E02003822,11541
E02003823,6880
E02003824,6507
E02003825,6332
E02003826,8851
E02003827,9494
E02003828,6559
E02003829,5567
E02003830,7983
E02003831,10148
E02003832,6586
E02003833,6355
E02003834,7066
E02003835,8313
E02003836,6968
E02003838,8222
E02003839,7084
E02003840,10834
E02003853,6145
E02003854,6436
E02003855,6429
E02003856,11452
E02003857,6781
E02003858,6863
E02003859,12546
E02003860,7289
E02003861,6427
E02003862,5267
E02003863,6829
E02003864,8578
E02003865,7941
E02003866,6253
E02003867,7667
E02003868,8421
E02003869,7325
E02003870,10422
E02003871,6865
E02003872,10191
E02003873,6212
E02007030,7406
E02007031,8635
E02003794,8658
E02003795,6360
E02003796,7306
E02003797,10001
E02003798,6243
E02003799,7341
E02003800,7125
E02003801,7117
E02003802,8568
E02003803,10245
E02003804,6915
E02003805,6345
E02003806,8299
E02003807,8816
E02003808,6517
E02003809,8189
E02003810,9774
E02003841,7912
E02003842,5626
E02003843,6435
E02003844,6636
E02003845,11017
E02003846,6869
E02003847,9808
E02003848,5299
E02003849,8560
E02003850,5090
E02003851,5797
E02003852,6478
E02003874,9179
E02003875,6447
E02003876,5701
E02003877,9598
E02003878,9261
E02003879,9159
E02003880,6582
E02003881,5845
E02003882,9474
E02003883,11195
E02003884,8930
E02003885,6448
E02003886,6559
E02003887,6931
E02003888,6487
E02003889,6516
E02003890,7058
E02003891,6434
E02003965,10979
E02003966,7000
E02003967,8108
E02003968,8825
E02003969,6548
E02003970,8197
E02003971,7732
E02003972,8969
E02003973,8611
E02003974,7668
E02003975,7237
E02003976,6279
E02003977,6181
E02003978,5731
E02003979,7770
E02003980,6755
E02003981,6468
E02003982,8101
E02003983,7259
E02003984,6408
E02003985,6685
E02003986,6047
E02003987,6007
E02003988,6485
E02003989,7491
E02003990,10998
E02003991,7559
E02003992,8023
E02003993,8799
E02003994,7213
E02003995,10164
E02003996,9334
E02003997,9528
E02003998,6544
E02003999,11878
E02004000,5190
E02004001,5186
E02004002,9510
E02004003,11579
E02004004,9823
E02004005,7663
E02004006,8373
E02004007,9753
E02004008,6437
E02004009,6252
E02004010,7730
E02004011,10876
E02004012,5500
E02004013,10218
E02004014,7724
E02004015,6127
E02004016,8022
E02004017,8878
E02004018,8320
E02004019,7649
E02004020,8934
E02004021,5269
E02004022,5552
E02004023,6329
E02004024,7436
E02004025,7970
E02004026,8107
E02004027,7942
E02004028,7917
E02005176,9113
E02005177,6703
E02005178,11817
E02005179,9325
E02005180,7076
E02005181,6646
E02005182,6308
E02005183,6028
E02005184,5075
E02005185,9618
E02005186,6191
E02006881,10746
E02005189,5329
E02005190,5969
E02005191,9736
E02005192,8847
E02005193,8715
E02005194,7986
E02005195,7883
E02005196,11326
E02005197,7242
E02005198,9678
E02005199,7562
E02005200,9135
E02005201,8300
E02005202,10025
E02005203,8512
E02005204,12576
E02005205,6671
E02005206,7572
E02005207,8526
E02005208,10050
E02005209,8767
E02005210,10215
E02005211,8485
E02005212,11016
E02005213,11481
E02005214,6656
E02005215,12511
E02005216,5342
E02005217,13414
E02005218,7289
E02005219,8637
E02005220,5891
E02005221,9943
E02005222,5995
E02005223,7244
E02005224,5158
E02005225,6024
E02005226,7467
E02005228,5775
E02005229,5744
E02005230,6590
E02005231,8283
E02005233,8041
E02005234,9086
E02005235,5106
E02005236,13421
E02005237,10343
E02005238,5620
E02005239,10904
E02006871,12192
E02005240,5558
E02005241,5611
E02005242,6193
E02005245,6932
E02005246,5423
E02005247,9877
E02005248,7707
E02005249,10466
E02005250,9518
E02005251,7310
E02005252,10395
E02007003,10767
E02005253,7167
E02005254,9749
E02005255,9549
E02005256,6859
E02005257,5775
E02005258,8368
E02005259,10544
E02005260,6677
E02005261,10272
E02005262,7375
E02005263,7155
E02005264,12439
E02005265,10809
E02005266,8984
E02005267,6374
E02005268,9351
E02005269,10382
E02005270,7412
E02005271,8160
E02005272,8978
E02005273,5917
E02005274,7808
E02005275,5741
E02005276,8814
E02005277,8727
E02005278,7882
E02005279,10342
E02005280,11135
E02005281,8951
E02005284,6093
E02005285,6294
E02005286,7798
E02006884,12375
E02005287,5337
E02005288,5961
E02005289,5889
E02005290,7129
E02005291,5681
E02005292,5657
E02005293,5457
E02005294,7053
E02005295,7531
E02005296,6116
E02005297,8315
E02005298,8367
E02005299,7358
E02005300,5051
E02005301,6123
E02005302,7675
E02005303,6336
E02005304,9020
E02005305,7972
E02005306,7506
E02005307,9620
E02005308,6505
E02005309,8815
E02005310,10140
E02005311,6797
E02005312,6273
E02005313,8876
E02005314,6413
E02005315,8036
E02005316,6583
E02005317,7306
E02005318,7570
E02005319,8171
E02005320,5872
E02005321,6120
E02005322,10297
E02005323,7532
E02005324,7271
E02005325,9366
E02005326,8277
E02005327,6709
E02005328,7572
E02005329,9344
E02005330,8795
E02005331,8317
E02005332,8298
E02000984,7678
E02000985,7417
E02000986,8397
E02000987,7300
E02000988,9045
E02000989,8350
E02000990,8352
E02000991,7811
E02000992,6303
E02000993,8434
E02000994,9047
E02000995,8347
E02000996,8575
E02000997,6478
E02000998,10433
E02000999,8530
E02001000,9178
E02001001,8860
E02001002,9728
E02001003,7352
E02001004,9343
E02001005,9845
E02001006,8470
E02001007,10065
E02001008,9156
E02001009,7481
E02001010,6524
E02001011,9747
E02001012,9802
E02001013,6106
E02001014,8465
E02001015,8204
E02001016,8706
E02001017,10773
E02001018,7662
E02001019,9040
E02001020,5917
E02001021,7506
E02001022,8071
E02001023,5695
E02001024,8058
E02001025,8152
E02001026,11350
E02001027,7282
E02001028,7333
E02001029,7779
E02001030,6180
E02001031,6877
E02001032,7675
E02001033,6180
E02001034,8617
E02001035,7218
E02001036,7484
E02001037,7215
E02001038,5679
E02001039,8602
E02001040,6405
E02001041,7731
E02001042,6560
E02001043,5686
E02001044,9566
E02001045,8434
E02001046,11213
E02001047,10475
E02001048,9446
E02001049,10496
E02001050,8429
E02001051,9269
E02001052,15014
E02001053,11908
E02001055,9688
E02001056,8935
E02001059,11851
E02001061,10961
E02001062,10138
E02001063,11072
E02001064,10779
E02001065,9528
E02001066,11567
E02001067,11550
E02001068,11888
E02001069,12493
E02001070,11994
E02001072,8939
E02001073,9363
E02001074,11798
E02001075,9135
E02001076,11275
E02001077,7427
E02001078,10689
E02001079,9461
E02001080,9729
E02001081,6306
E02001082,6673
E02001083,8242
E02001084,8604
E02001085,8970
E02001086,6882
E02001087,9281
E02001088,9124
E02001089,8042
E02001090,6981
E02001091,8384
E02001092,9230
E02001093,9896
E02001094,9989
E02001095,9033
E02001096,8022
E02001097,8566
E02006902,7882
E02006912,10129
E02006913,7803
E02006914,7859
E02006915,9362
E02006916,6983
E02006917,6428
E02006983,7041
E02006984,5653
E02006985,9280
E02006986,6356
E02001098,5940
E02001099,5678
E02001100,6038
E02001101,5674
E02001102,6030
E02001103,5502
E02001104,7312
E02001105,5953
E02001106,6028
E02001107,6923
E02001108,5952
E02001109,7750
E02001110,6476
E02001111,9134
E02001112,5994
E02001113,9434
E02001114,8847
E02001115,5990
E02001116,7912
E02001117,6000
E02001118,6064
E02001119,12317
E02001121,8679
E02001123,7059
E02001124,6876
E02001125,7918
E02001126,9165
E02001127,7755
E02001128,7458
E02001129,6787
E02001130,5803
E02001131,5458
E02007000,7692
E02007001,8486
E02001132,6628
E02001133,6605
E02001134,6325
E02001135,8403
E02001136,9545
E02001137,6201
E02001138,8647
E02001139,10362
E02001140,8149
E02001141,12014
E02001142,6016
E02001143,11640
E02001144,6338
E02001145,7040
E02001146,10296
E02001147,10402
E02001148,10458
E02001149,10321
E02001150,8981
E02001151,10103
E02001152,9776
E02001153,12281
E02001154,10132
E02001155,7210
E02001156,9903
E02001157,8704
E02001158,6061
E02001159,7494
E02001160,7272
E02001161,5844
E02001162,5820
E02001163,9918
E02001164,7676
E02001165,6171
E02001166,8245
E02001167,6969
E02001168,9894
E02001169,10908
E02001170,9853
E02001171,6159
E02001173,9504
E02001174,5722
E02001175,7502
E02001176,11752
E02001177,13344
E02001179,7017
E02001180,5686
E02001181,5976
E02001182,7353
E02001183,7329
E02001185,9698
E02001186,10557
E02006957,8279
E02006958,8074
E02006959,8024
E02006960,9327
E02006961,6666
E02006962,5123
E02006963,6006
E02001187,7004
E02001188,8650
E02001189,8298
E02001190,7960
E02001191,5741
E02001192,6557
E02001193,6410
E02001194,6376
E02001195,7553
E02001196,7831
E02001197,6278
E02001198,7522
E02001199,7905
E02001200,7889
E02001201,5787
E02001202,6456
E02001203,5861
E02001204,8923
E02001205,8430
E02001206,7269
E02001207,6849
E02001208,7570
E02001209,7769
E02001210,7438
E02001211,6667
E02001212,6989
E02001213,9918
E02001214,8020
E02001215,5973
E02001216,7841
E02001217,6756
E02001218,6022
E02001219,5284
E02001220,5675
E02001221,5866
E02001222,6478
E02001223,6667
E02001224,5785
E02001225,7377
E02001226,7180
E02001227,5690
E02001228,6260
E02001229,10311
E02001230,5871
E02001231,7101
E02001232,8694
E02001233,7992
E02001234,7944
E02001235,7215
E02001236,6113
E02001237,7218
E02001238,7993
E02001239,9538
E02001240,6383
E02001241,11205
E02001242,7055
E02001243,8236
E02001244,5409
E02001245,8042
E02001246,7438
E02001247,7419
E02001248,11983
E02001249,6371
E02001250,6478
E02001251,6095
E02001252,7540
E02001253,5015
E02001254,5634
E02001255,7681
E02001256,10543
E02001257,9119
E02001258,7437
E02001259,11723
E02001260,7581
E02001261,8878
E02001262,8672
E02001263,8393
E02001264,8655
E02001265,8193
E02001266,6924
E02001267,7247
E02001268,7040
E02001269,8356
E02001270,8550
E02001271,6644
E02001272,8024
E02001273,9535
E02001274,8058
E02001275,8189
E02001276,8116
E02001277,9350
E02001278,8694
E02001279,8286
E02001280,8401
E02001281,7738
E02001282,10105
E02001283,9514
E02001284,8153
E02001285,7756
E02001286,8278
E02001287,6630
E02001288,8334
E02001289,10174
E02001290,6129
E02001291,7815
E02001292,8030
E02001293,6257
E02001294,7998
E02001295,7232
E02001296,9049
E02001297,6605
E02001298,8122
E02001299,8690
E02001300,7888
E02001301,9029
E02001302,7986
E02001303,9028
E02001304,12764
E02001305,8521
E02001306,7149
E02001307,11653
E02001308,5970
E02001309,8354
E02001310,9227
E02001311,8192
E02001312,8687
E02001313,8167
E02001314,8008
E02001315,9440
E02001316,7358
E02001317,9005
E02001318,7830
E02001319,8321
E02001320,7386
E02001321,8005
E02001322,7206
E02001323,7705
E02001324,8267
E02001325,8956
E02001326,8163
E02001327,9422
E02001328,10527
E02001329,7472
E02001330,9082
E02001331,10130
E02001332,7566
E02001333,9467
E02001334,6595
E02001335,8232
E02001336,7001
E02001337,5848
E02001338,6133
E02001339,6404
E02001340,9740
E02001341,7499
E02001342,7838
E02001343,7214
E02001344,5492
E02001345,5402
E02001346,7451
E02001347,8039
E02001348,6662
E02001349,8042
E02001350,8065
E02001351,8996
E02001352,6451
E02001353,7250
E02001354,7916
E02001355,6344
E02001356,9178
E02001357,7232
E02001358,6976
E02001359,5512
E02001360,8800
E02001361,7276
E02001362,7582
E02001363,7895
E02001364,6286
E02001365,9288
E02001366,8802
E02001367,9689
E02001368,7163
E02001369,8070
E02001370,7115
E02001371,7638
E02001372,6065
E02001373,8911
E02001374,8621
E02001375,6903
E02001376,9323
E02001377,12385
E02001378,7374
E02001380,7551
E02001381,9837
E02001382,6902
E02001383,9557
E02001384,10802
E02001385,9078
E02001386,8178
E02001387,7872
E02001388,8282
E02001389,6592
E02001390,9713
E02001391,5991
E02001392,6326
E02001393,7488
E02001394,8644
E02001395,5944
E02001396,7667
E02001397,7186
E02001398,7453
E02001399,7021
E02001400,6898
E02001401,7989
E02001402,9037
E02001403,6459
E02001404,7829
E02001405,9909
E02006932,14133
E02006933,7232
E02006934,6673
E02001406,7846
E02001407,5835
E02001408,5448
E02001409,10272
E02001410,5765
E02001411,5798
E02001412,9077
E02001413,9259
E02001414,5541
E02001415,6914
E02001416,6429
E02001417,7319
E02001418,6564
E02001419,7675
E02001420,11883
E02001421,10506
E02001422,6710
E02001423,6574
E02001425,10689
E02001426,5443
E02001427,10854
E02001428,5576
E02006935,7477
E02006936,7796
E02001429,6681
E02001430,6850
E02001431,7527
E02001432,9524
E02001433,7449
E02001434,7371
E02001435,8839
E02001436,9672
E02001437,9277
E02001438,7192
E02001439,6581
E02001440,6020
E02001441,6331
E02001442,6057
E02001443,5644
E02001444,5594
E02001445,6833
E02001446,7326
E02001447,6070
E02001448,6748
E02001449,9283
E02001450,8365
E02001451,5978
E02001452,6279
E02001453,8812
E02001454,7283
E02001455,7109
E02001456,7416
E02001457,6818
E02001458,7689
E02001459,6857
E02001460,7909
E02001461,6903
E02001462,7671
E02001463,7474
E02001464,7071
E02001465,7691
E02001466,9038
E02001467,7595
E02001468,7605
E02001469,7614
E02001470,8298
E02001471,7338
E02001472,7046
E02001473,7618
E02001474,6954
E02001475,6391
E02001476,7929
E02001477,7697
E02001478,8156
E02001479,6045
E02001480,7584
E02001481,8084
E02001482,8042
E02001483,7201
E02001484,8071
E02001485,6901
E02001486,7945
E02001487,9377
E02001488,8396
E02001489,8076
E02001490,8208
E02001491,6730
E02001492,7580
E02001493,8938
E02001494,7027
E02001495,7986
E02001496,6059
E02001497,8156
E02001498,7243
E02001499,6605
E02001500,7334
E02001501,7727
E02001502,9715
E02001503,7521
E02001504,6982
E02001505,6484
E02001506,8839
E02001507,6973
E02001508,8129
E02002653,8129
E02002654,8228
E02002655,8753
E02002656,5097
E02002657,7468
E02002658,6547
E02002659,11407
E02002660,7006
E02002661,8476
E02002662,7386
E02002663,8110
E02002664,7195
E02002665,7969
E02002666,8154
E02002667,7298
E02002668,8400
E02002669,7992
E02002670,7899
E02002671,8977
E02002672,7336
E02002673,7521
E02002674,6586
E02002675,8549
E02002676,7262
E02002677,8267
E02002678,8475
E02002679,7745
E02002680,9685
E02002681,9208
E02002682,10739
E02006813,8221
E02007079,8370
E02007080,8554
E02002684,10170
E02002685,7833
E02002686,7790
E02002687,5906
E02002688,5395
E02002689,5716
E02002691,8317
E02002692,9684
E02002693,7055
E02002694,12792
E02002695,8198
E02002696,6259
E02002697,7536
E02002698,8577
E02002699,9851
E02002700,6043
E02002701,8697
E02002702,9742
E02002703,9277
E02002704,7142
E02002705,7059
E02002706,7276
E02002707,6736
E02002708,5795
E02002709,8322
E02002710,7195
E02002711,7874
E02002712,7350
E02002714,7873
E02002715,13521
E02002716,8434
E02002717,7949
E02002718,8077
E02002719,6762
E02002720,7582
E02002721,6654
E02002722,8459
E02002723,8485
E02002724,9594
E02002725,6889
E02006814,8035
E02006891,8108
E02006892,6208
E02002726,10360
E02002727,5034
E02002728,7543
E02002729,5601
E02002730,7152
E02002731,5635
E02002732,7957
E02002733,5758
E02002734,5533
E02002736,5607
E02002737,7066
E02002738,6893
E02002739,5758
E02002740,5452
E02002741,8922
E02002743,5408
E02002744,6975
E02002745,7162
E02002746,9829
E02002747,9206
E02002748,7968
E02007081,10143
E02002749,11921
E02002750,6363
E02002751,6353
E02002752,7104
E02002753,8478
E02002754,8249
E02002755,7492
E02002756,8993
E02002757,6291
E02002758,6437
E02002759,9586
E02002760,5792
E02002761,6439
E02002762,6399
E02002763,8825
E02002764,5997
E02002765,6148
E02002766,8955
E02002767,6621
E02002768,7493
E02002769,5634
E02002770,7038
E02002771,7071
E02002772,6946
E02002773,5693
E02002774,6081
E02002775,5760
E02002776,6659
E02002777,8961
E02002778,7875
E02002779,9566
E02002780,8082
E02002781,10108
E02002782,6442
E02002783,10291
E02002784,11347
E02002785,8108
E02002786,10185
E02002787,8931
E02002788,8303
E02002789,9279
E02002790,11774
E02002791,6579
E02002792,7759
E02002793,9269
E02002794,10540
E02002795,8284
E02005742,7422
E02005744,7879
E02005746,6676
E02005747,6911
E02005748,7847
E02005749,10032
E02007041,10159
E02005750,7678
E02005751,8579
E02005752,6920
E02005754,7438
E02005755,6761
E02005756,6329
E02005757,8627
E02005758,9529
E02005759,9305
E02005760,6183
E02007042,7040
E02007043,6302
E02005761,5494
E02005762,6254
E02005763,6496
E02005764,10336
E02005765,7142
E02005766,6013
E02005767,7392
E02005768,8026
E02005769,6996
E02005770,9030
E02005771,7669
E02005772,5890
E02005773,8986
E02005774,9390
E02005775,9212
E02005776,9371
E02005777,8293
E02005778,6133
E02005779,7374
E02005780,11054
E02005781,6114
E02005782,7497
E02005783,8078
E02005784,5818
E02005785,14085
E02005786,5747
E02005787,8554
E02005788,6349
E02005789,10614
E02005790,7097
E02005791,6846
E02005794,9296
E02007044,7798
E02007045,6707
E02005795,6903
E02005796,6525
E02005797,6226
E02005798,8191
E02005799,9362
E02005800,7407
E02005801,5563
E02005802,7766
E02005803,9199
E02005804,7621
E02005805,7683
E02005806,8206
E02005807,6529
E02005808,11551
E02005809,7513
E02005810,9408
E02005811,9867
E02005812,11363
E02005813,13298
E02005814,7008
E02005815,8642
E02005816,8646
E02005817,7411
E02005818,8833
E02001509,6958
E02001510,5923
E02001511,6120
E02001512,8538
E02001513,7574
E02001514,7780
E02001515,9665
E02001516,6293
E02001517,7979
E02001518,10209
E02001519,7974
E02001520,11663
E02001521,12091
E02001522,9517
E02001523,6766
E02001524,6087
E02001525,6774
E02001526,6231
E02001527,5976
E02001528,10691
E02001529,9434
E02001530,7171
E02001531,7733
E02001532,10541
E02001533,7762
E02001534,9590
E02001535,6494
E02001536,8672
E02001537,8452
E02001538,7913
E02001539,6710
E02001540,11974
E02001541,11386
E02001542,7471
E02001543,7823
E02001544,8310
E02001545,8445
E02001546,8839
E02001547,10862
E02001548,7998
E02001549,6253
E02001550,7748
E02001551,5899
E02001552,7655
E02001553,10211
E02001554,6003
E02001555,5227
E02001556,9147
E02001557,10034
E02001558,5989
E02001559,7548
E02001560,11789
E02001561,6296
E02001562,5821
E02001563,8091
E02001564,8196
E02001565,7824
E02001566,8617
E02001567,8693
E02001568,6872
E02001569,8684
E02001570,6996
E02001571,5917
E02001572,7785
E02001573,7673
E02001574,6010
E02001575,7900
E02001576,6967
E02001577,6448
E02001578,11669
E02001579,9966
E02001580,8546
E02001581,6228
E02001582,7690
E02001583,5571
E02001584,6666
E02001585,6317
E02001586,7782
E02001587,5809
E02001588,7207
E02001589,7994
E02001590,7503
E02001591,8252
E02001592,8580
E02001593,7207
E02001594,7452
E02001595,8295
E02001596,8292
E02001597,9512
E02001598,9643
E02001600,11094
E02001602,9048
E02001603,7489
E02001604,11791
E02001605,7501
E02001606,8030
E02001607,8928
E02001608,7061
E02001609,8514
E02001610,8649
E02007002,11524
E02001611,7683
E02001612,5618
E02001613,10217
E02001614,10998
E02001615,7138
E02001616,7280
E02001617,5916
E02001618,9782
E02001619,10170
E02001620,6996
E02001621,6056
E02001622,9032
E02001623,8164
E02001624,9334
E02001625,7910
E02001626,5820
E02001627,6016
E02001628,6506
E02001629,6532
E02001630,9253
E02001631,7567
E02001632,12364
E02001633,7618
E02001634,9025
E02001635,6043
E02001636,9372
E02001637,8571
E02001638,5695
E02001639,5976
E02001640,8326
E02001642,10316
E02001643,6220
E02001646,7657
E02001647,6281
E02001648,8238
E02001649,10975
E02001650,9579
E02001651,8080
E02001652,12869
E02001653,7460
E02001654,6301
E02001655,7674
E02001656,7774
E02001657,9114
E02001658,5259
E02001659,5823
E02001660,9869
E02001661,7682
E02001662,7424
E02001663,7362
E02001664,6288
E02001665,9805
E02001666,5913
E02001669,7769
E02001670,6015
E02001671,5606
E02001672,5979
E02001673,5205
E02001674,9092
E02001675,8418
E02001676,5873
E02001678,10484
E02001679,6323
E02001680,6268
E02001681,7623
E02006803,9271
E02006843,10601
E02006844,7849
E02006868,12075
E02006869,11129
E02002183,5701
E02002184,13119
E02002185,5860
E02002187,6195
E02002188,7788
E02002189,7186
E02002190,11883
E02002191,9643
E02002192,9137
E02002193,6475
E02002194,7479
E02002195,6363
E02002196,6409
E02002197,8696
E02002198,8418
E02002199,7242
E02002200,9094
E02002201,12241
E02002202,7493
E02002203,7738
E02002204,11428
E02002205,9779
E02002206,8842
E02002207,7501
E02002208,8133
E02002209,7007
E02002210,7693
E02002211,7709
E02002212,9588
E02002213,7675
E02002214,6598
E02002215,10788
E02002216,10158
E02002217,10388
E02002218,10285
E02002219,8291
E02002220,9674
E02002222,9234
E02002223,7845
E02002224,10842
E02002225,8531
E02002226,14127
E02002227,6211
E02002228,7646
E02002229,8285
E02002230,8633
E02002231,13334
E02002232,7318
E02002233,9776
E02002234,7599
E02002235,7073
E02002236,6591
E02002237,8836
E02002238,6453
E02002239,10866
E02002240,11568
E02002241,12219
E02002242,7885
E02002243,9627
E02006945,8694
E02006946,5223
E02006947,9854
E02006948,6447
E02002244,6073
E02002245,5398
E02002246,9565
E02002247,8938
E02002248,7780
E02002249,5612
E02002250,8218
E02002251,7942
E02002252,6781
E02002253,8604
E02002254,6217
E02002255,7719
E02002256,9456
E02002257,6544
E02002258,8884
E02002259,7138
E02002260,9059
E02002261,7931
E02002262,7670
E02002263,6497
E02002264,7065
E02002265,5610
E02002266,5737
E02002267,7986
E02002268,10303
E02002269,9388
E02002270,8516
E02002271,7552
E02002272,9671
E02002273,6580
E02002274,6862
E02002275,8564
E02002276,7793
E02002277,6912
E02002278,6722
E02002279,6272
E02002280,6864
E02002281,11657
E02002282,7446
E02002283,7176
E02002284,6250
E02002285,7978
E02002286,6328
E02002287,7261
E02002288,10151
E02002289,7039
E02002290,6292
E02002291,6549
E02002292,5601
E02002293,8852
E02002294,11136
E02002295,7324
E02002296,6930
E02002297,6997
E02002298,6655
E02002299,7223
E02002300,8595
E02002301,8267
E02002302,6170
E02002303,6638
E02002304,6535
E02002305,6184
E02002306,6210
E02002307,5923
E02002308,6781
E02002309,6826
E02002310,5773
E02002311,6547
E02002312,8124
E02002313,7790
E02002314,5883
E02002315,6687
E02002316,6674
E02002317,7484
E02002318,6163
E02002319,6967
E02002320,6001
E02002321,6784
E02002322,6381
E02002323,8221
E02002324,6569
E02002325,9105
E02002326,6012
E02002327,10065
E02002328,7018
E02002329,12199
E02002330,6989
E02002331,7368
E02002332,6529
E02002333,7829
E02002334,7621
E02002335,7525
E02002336,6996
E02002337,7725
E02002338,7281
E02002339,5649
E02002340,5862
E02002341,7434
E02002342,6078
E02002343,5941
E02002344,7805
E02002345,6178
E02002346,6153
E02002347,6572
E02002348,6519
E02002349,5866
E02002350,6662
E02002351,5630
E02002352,7811
E02002353,6019
E02002354,8208
E02002356,9314
E02002357,8333
E02002358,8638
E02002359,6481
E02002360,6867
E02002361,6069
E02002362,8043
E02002363,7035
E02002364,5973
E02002366,8399
E02002367,6423
E02002368,8651
E02002369,7977
E02002370,7267
E02002371,10558
E02002373,8507
E02002374,6892
E02002375,6592
E02002376,7815
E02002377,7511
E02002379,5995
E02002380,5504
E02002381,6286
E02002382,7200
E02002383,8131
E02002384,12480
E02002385,8464
E02002386,9148
E02002387,6022
E02002388,8148
E02002389,7700
E02002390,7074
E02002391,7921
E02002392,9987
E02002393,8938
E02002394,7647
E02002395,7388
E02002396,9052
E02002397,7687
E02002398,7466
E02002399,6449
E02002400,9817
E02002401,6628
E02002402,5780
E02002403,6299
E02002404,10987
E02002405,9168
E02002406,7266
E02002407,6471
E02002408,7535
E02002409,6096
E02002410,6919
E02002411,9059
E02002412,7233
E02002414,6738
E02002415,7876
E02002416,6961
E02002417,7321
E02002418,7078
E02002419,8188
E02002420,8370
E02002421,6364
E02002422,6448
E02002423,5796
E02002424,7637
E02002425,8668
E02002426,7776
E02002427,6708
E02002428,8039
E02002429,8521
E02002430,8205
E02002431,8824
E02002432,7652
E02002433,6774
E02002434,10189
E02002435,8309
E02002436,6909
E02002437,6175
E02006852,11848
E02006861,13634
E02006875,9531
E02006876,7886
E02002438,8951
E02002439,8669
E02002440,7901
E02002441,9755
E02002442,7269
E02002443,6146
E02002444,6929
E02002445,8500
E02002446,5927
E02002447,6162
E02002448,8089
E02002449,9813
E02002450,7910
E02002451,7954
E02002452,9207
E02002453,9665
E02002454,9191
E02002455,6485
E02002456,8067
E02002457,7945
E02002458,9081
E02002459,10050
E02002460,7471
E02002461,11902
E02002462,7441
E02002463,10380
E02002464,9039
E02002465,6091
E02002466,9050
E02002467,8990
E02002468,6147
E02002469,6524
E02002470,6032
E02002471,11478
E02002472,5750
E02002473,6716
E02002474,6971
E02002475,6278
E02002476,6688
E02002477,6297
E02002478,6248
E02002479,8147
E02002480,5499
E02002481,7385
E02002482,7186
E02002796,6182
E02002797,7361
E02002798,10399
E02002799,6320
E02002800,7013
E02002801,7421
E02002802,7966
E02002803,8244
E02002804,9098
E02002805,5597
E02002806,6401
E02002807,9030
E02002808,12267
E02002809,7054
E02002810,9163
E02002811,10930
E02002812,7818
E02002813,11564
E02002814,7182
E02002815,8956
E02002816,9418
E02002817,6311
E02002818,8533
E02002819,7562
E02002820,9941
E02002821,12441
E02002822,6940
E02002823,7678
E02002824,10803
E02002825,8675
E02002826,7093
E02002827,6892
E02002828,8228
E02002829,11778
E02002830,11021
E02002831,7238
E02002832,10317
E02002833,8999
E02002834,11926
E02002836,11228
E02002837,9981
E02002838,8619
E02002839,8516
E02002842,8750
E02002843,15836
E02002844,12361
E02002845,11176
E02002846,7558
E02002847,10608
E02002848,11123
E02002849,13815
E02002851,8720
E02002852,7388
E02002853,13443
E02002854,8456
E02002855,8146
E02002856,11333
E02002857,7256
E02002858,7324
E02002860,8344
E02002861,8276
E02002862,8651
E02006815,11793
E02006817,9230
E02006819,8819
E02006850,10114
E02006851,10053
E02006964,6783
E02006965,8472
E02002863,8950
E02002864,8281
E02002865,7870
E02002866,7479
E02002867,8471
E02002868,6016
E02002869,7522
E02002871,7981
E02002872,8695
E02002873,9433
E02002874,8058
E02002875,8436
E02002876,7932
E02002877,7714
E02002878,9282
E02002879,10013
E02002880,8744
E02002881,6865
E02002882,8745
E02002883,7704
E02002884,7430
E02002885,8642
E02002886,10276
E02002887,6687
E02002888,7859
E02002889,11302
E02002890,11560
E02002891,8459
E02002892,6186
E02002893,13952
E02002895,9671
E02002896,10080
E02002897,7939
E02002898,10990
E02002901,6129
E02002902,9386
E02002903,5894
E02002904,6376
E02006834,7632
E02006904,9213
E02006905,7908
E02007082,16920
E02005612,7321
E02005613,9333
E02005614,13797
E02005615,9400
E02005616,5862
E02005617,11189
E02005629,6480
E02005630,10585
E02005631,11120
E02005632,6523
E02005633,9875
E02005634,9311
E02005635,9446
E02005636,12347
E02005637,9357
E02005638,9984
E02005639,5609
E02005640,11900
E02005641,8621
E02005642,8442
E02005643,8742
E02005644,9201
E02005645,12629
E02005646,6500
E02005647,7623
E02005648,9708
E02005692,6983
E02005693,8712
E02005694,7555
E02005695,10074
E02005696,6420
E02005697,7294
E02005698,6044
E02005699,8615
E02005700,10210
E02005701,11194
E02006862,6653
E02006863,12016
E02007070,6407
E02007071,10443
E02005619,6330
E02005620,8655
E02005621,9060
E02005622,9890
E02005623,11574
E02005624,11521
E02005625,9425
E02005626,7180
E02005627,7649
E02005628,8497
E02005650,6970
E02005651,6391
E02005652,6754
E02005653,8985
E02005654,8717
E02005655,6386
E02005656,6671
E02005657,6604
E02005658,6966
E02005659,6016
E02005660,6645
E02005661,6983
E02005662,6800
E02005663,5541
E02005664,6194
E02005665,8519
E02005666,9143
E02005667,6778
E02005668,6569
E02005669,6057
E02005670,9655
E02005671,7900
E02005672,8570
E02005673,7761
E02005674,9284
E02005675,6431
E02005676,6247
E02005677,9980
E02005679,9051
E02005680,8734
E02005681,8609
E02005682,7561
E02005683,15036
E02005684,8685
E02005685,10048
E02005686,8012
E02005687,6670
E02005688,9744
E02005689,10686
E02005690,5502
E02005691,6737
E02007072,7657
E02007073,7695
E02004029,7346
E02004030,6033
E02004031,7475
E02004032,8441
E02004033,8927
E02004034,6826
E02004035,6414
E02004036,10309
E02004037,7877
E02004038,7523
E02004039,7742
E02004040,9482
E02004041,7365
E02004043,7324
E02004044,9119
E02006827,8006
E02004045,9752
E02004046,6186
E02004047,6165
E02004048,7045
E02004049,7899
E02004050,7803
E02004051,9681
E02004052,8749
E02004053,7842
E02004054,9154
E02004055,6915
E02004056,8046
E02004057,7761
E02004058,8004
E02004059,7207
E02004060,7512
E02004061,7388
E02004062,7585
E02004063,7741
E02004064,9584
E02004065,8107
E02004066,11420
E02004067,6298
E02004068,7260
E02004069,6315
E02004072,9391
E02004073,8803
E02004074,5795
E02004075,7129
E02004076,7528
E02004077,8264
E02007029,11054
E02004078,7027
E02004080,9737
E02004081,5806
E02004082,6069
E02004083,8241
E02004084,5966
E02004085,8903
E02004086,7167
E02004087,7764
E02004088,7621
E02004089,6851
E02004090,5946
E02004091,9312
E02004092,9388
E02006828,7105
E02004093,6370
E02004094,7028
E02004095,10153
E02004096,9789
E02004097,7475
E02004098,7353
E02004100,8157
E02004102,7606
E02004103,6871
E02004104,7242
E02006872,12894
E02004105,9259
E02004106,6762
E02004108,7555
E02004109,6790
E02004110,7378
E02004111,5549
E02004112,6272
E02004113,10219
E02004114,8471
E02004115,8811
E02004116,8546
E02004117,8081
E02006804,8309
E02004118,7714
E02004119,11895
E02004120,10939
E02004121,9288
E02004122,6916
E02004123,6769
E02004124,7560
E02004125,8687
E02004126,7449
E02004128,11474
E02006919,10440
E02006920,8076
E02005334,6065
E02005335,7551
E02005336,7278
E02005337,9984
E02005338,11380
E02005339,8680
E02005340,8898
E02005341,7620
E02005342,7429
E02005343,7966
E02005344,9249
E02006820,10820
E02005345,6415
E02005346,12655
E02005347,11233
E02005348,5520
E02005349,7922
E02005350,6945
E02005351,11274
E02005352,6285
E02005353,10686
E02005354,10203
E02005355,7358
E02005356,7259
E02005357,8418
E02005358,12258
E02005359,7720
E02005360,6372
E02005361,6327
E02005362,7292
E02005363,9059
E02005364,5259
E02005365,9816
E02005366,7697
E02005368,6405
E02005369,12763
E02005370,9651
E02005371,10789
E02005372,10232
E02005373,12174
E02005374,6552
E02005375,9381
E02005376,10830
E02006816,8848
E02005377,9064
E02005378,5324
E02005379,6062
E02005380,8677
E02005381,8874
E02005382,10630
E02005383,9152
E02005384,7406
E02005385,6640
E02005386,9117
E02005387,9957
E02005388,6229
E02005389,6049
E02005390,10459
E02005391,9720
E02005392,9283
E02005393,7434
E02005394,9626
E02005395,8823
E02005396,6871
E02005397,9258
E02005398,6865
E02005399,8321
E02005400,5834
E02005401,6467
E02005402,6801
E02005403,6557
E02005404,8722
E02005405,7200
E02005406,7902
E02005407,10934
E02005408,7841
E02005409,12003
E02005412,8823
E02005414,8230
E02005415,8115
E02005416,8967
E02006818,8404
E02006966,7443
E02006967,7765
E02005417,7560
E02005418,11012
E02005419,8732
E02005420,8858
E02005422,6690
E02005423,10451
E02006864,8846
E02006865,8350
E02005424,10199
E02005425,6516
E02005426,10479
E02005427,6897
E02005428,8452
E02005429,6244
E02005430,7057
E02005431,8841
E02005432,7771
E02005433,7006
E02005434,7554
E02005435,7858
E02005436,8174
E02005437,6244
E02005438,7026
E02005439,11947
E02005440,5556
E02005441,8477
E02005442,6642
E02005443,7502
E02005444,13625
E02005445,12718
E02005446,10448
E02005447,8314
E02005448,7321
E02005449,9411
E02005450,8433
E02005451,8054
E02005452,11351
E02005453,10720
E02005455,14465
E02005456,10937
E02005457,8739
E02005458,6738
E02005459,8496
E02005460,6380
E02005461,6343
E02005462,9835
E02005463,9974
E02005464,8602
E02006866,8698
E02006867,8148
E02005465,8806
E02005466,6768
E02005467,7742
E02005468,7637
E02005469,7984
E02005470,12931
E02005471,9123
E02005472,9986
E02005473,9802
E02005474,7166
E02005475,7177
E02005476,7194
E02005477,9067
E02005478,10026
E02005479,9862
E02005480,7441
E02005481,12267
E02005482,9600
E02005483,7884
E02005484,7178
E02005485,8425
E02005486,9560
E02005487,9788
E02005488,7104
E02005489,7255
E02005490,9242
E02005491,11507
E02005492,9840
E02005493,10139
E02005494,9727
E02005495,10500
E02005496,6283
E02005497,7477
E02005498,7416
E02005499,8554
E02005500,7336
E02005501,8110
E02005502,9769
E02005819,6311
E02005820,5528
E02005821,6696
E02005822,10279
E02005823,7730
E02005824,9780
E02005825,7796
E02005826,6164
E02005827,9430
E02005828,7697
E02005829,6583
E02005830,5876
E02005831,10626
E02005832,9301
E02005833,7633
E02005834,8873
E02005835,11186
E02005836,9230
E02005837,7817
E02005838,8265
E02005839,6351
E02005840,9682
E02005842,8821
E02005843,7057
E02005844,8795
E02005846,6752
E02005847,6951
E02005848,6410
E02005849,9393
E02006903,11093
E02005850,6679
E02005851,6221
E02005852,8274
E02005853,9160
E02005856,7244
E02005857,6193
E02005858,8112
E02005859,9260
E02005860,9079
E02005861,5376
E02005862,7591
E02005863,7438
E02005864,8064
E02006906,12248
E02005865,8605
E02005866,9228
E02005868,7300
E02005869,5876
E02005870,6679
E02005871,7059
E02005872,6594
E02005873,10025
E02005874,8427
E02005875,8186
E02005876,8827
E02005877,7386
E02005878,9659
E02005879,7324
E02006835,6093
E02005880,6411
E02005881,6233
E02005882,7832
E02005883,8316
E02005884,6090
E02005885,8906
E02005886,11428
E02005887,10179
E02005888,8435
E02005889,10684
E02005890,6567
E02005891,6352
E02005892,13048
E02005893,11272
E02005894,11768
E02005895,8061
E02005896,7580
E02005897,9284
E02005898,11365
E02005899,11686
E02005900,7558
E02005901,9662
E02005902,8217
E02005903,10348
E02005904,9449
E02005905,6707
E02005906,7275
E02005907,10110
E02005908,9252
E02005909,8337
E02005910,8957
E02005911,8511
E02005912,9336
E02005913,8586
E02005914,8206
E02005915,5711
E02005916,7674
E02005917,5938
E02005918,5082
E02005919,7313
E02005920,8790
E02002905,6263
E02002906,5665
E02002907,6290
E02002908,8834
E02002909,10681
E02002910,7850
E02002911,9584
E02002912,7582
E02002913,5799
E02002914,8936
E02002915,7929
E02002916,9767
E02002917,6856
E02002918,5797
E02002919,9081
E02002920,6559
E02002921,7862
E02002922,6600
E02002923,9439
E02002924,6060
E02002925,10857
E02002926,10990
E02002927,11761
E02002928,6064
E02002929,6665
E02002930,6994
E02002931,6565
E02002932,8958
E02002933,8004
E02002934,6174
E02002935,6779
E02002936,11158
E02002937,10745
E02002938,7322
E02002939,7569
E02002940,5855
E02002941,10465
E02002942,8045
E02002944,8336
E02002945,9442
E02002946,7581
E02002947,7130
E02002948,7597
E02002949,5322
E02002950,5853
E02007050,8359
E02007051,8558
E02002951,7845
E02002952,7555
E02002953,7347
E02002954,8311
E02002955,7457
E02002956,9232
E02002957,9571
E02002958,8461
E02002959,9042
E02002960,5723
E02002961,7296
E02002962,7878
E02002963,7091
E02002964,8647
E02002965,8340
E02002966,10329
E02002967,10449
E02002968,9493
E02002969,9443
E02002970,7955
E02002973,8113
E02002974,6145
E02002975,7147
E02002976,5970
E02002977,5566
E02002978,6775
E02002979,6117
E02002980,6007
E02002981,8594
E02002982,8703
E02002983,5313
E02002984,5470
E02006974,10980
E02006008,10459
E02006009,7933
E02006010,11877
E02006011,5658
E02006012,6194
E02006013,7876
E02006014,9910
E02006015,10142
E02006016,8149
E02006017,8069
E02006018,12588
E02006019,6283
E02006020,7743
E02006021,8767
E02006022,6063
E02006023,10041
E02006024,9918
E02006025,9568
E02006026,7374
E02006027,5452
E02006028,9810
E02006029,8183
E02006030,9094
E02006031,7956
E02006032,8654
E02006033,8485
E02006034,10662
E02006035,5862
E02006036,6574
E02006037,9970
E02006038,8422
E02006039,8234
E02006040,7781
E02006041,5650
E02006042,5752
E02006043,6716
E02006044,6106
E02006045,10714
E02006046,8917
E02006118,7406
E02006119,8188
E02006120,9287
E02006121,5869
E02006122,8053
E02006123,6459
E02006124,7345
E02006125,7308
E02006126,8378
E02006127,7133
E02006128,8472
E02006129,8301
E02006130,8321
E02006131,7745
E02006132,7083
E02006133,6937
E02006134,10440
E02006135,7762
E02006136,9027
E02006137,9159
E02006138,8057
E02006139,8470
E02006140,8387
E02006141,12153
E02006142,5264
E02006143,9379
E02006144,8193
E02006145,5964
E02006146,8791
E02006147,8410
E02006148,7154
E02006149,10724
E02006150,11451
E02006151,9774
E02006152,10403
E02006153,9163
E02006154,9639
E02006155,5728
E02006156,7962
E02006157,7234
E02006158,8095
E02006159,5709
E02006160,8638
E02006161,6575
E02006162,8326
E02006163,7867
E02006164,7230
E02006165,7413
E02006166,6980
E02006167,10005
E02006168,8348
E02006169,7569
E02006170,5168
E02006171,9029
E02006172,9415
E02006173,6933
E02006174,10921
E02006175,6847
E02006176,7328
E02006177,9784
E02006178,7508
E02006179,9538
E02006180,6950
E02006181,5560
E02006182,7142
E02006185,7121
E02006186,12492
E02006187,7103
E02006982,12175
E02006188,5976
E02006189,7173
E02006190,11081
E02006191,8118
E02006192,9194
E02006193,7486
E02006194,8383
E02006195,8750
E02006196,7255
E02006197,9443
E02006198,8949
E02006199,8321
E02006200,7733
E02006201,12118
E02006202,9206
E02006203,7685
E02006204,7482
E02006205,7241
E02006206,7993
E02006207,6239
E02006208,7992
E02006209,10619
E02006210,5218
E02006211,6351
E02006212,7738
E02006213,6525
E02006214,6186
E02006215,7849
E02006216,8410
E02006217,10207
E02006218,8447
E02006219,8319
E02006220,7337
E02006221,5814
E02006222,6902
E02006223,6861
E02006224,7487
E02006225,7339
E02006226,9933
E02006468,10956
E02006469,8778
E02006470,11740
E02006471,6973
E02006472,9826
E02006473,10378
E02006474,6390
E02006475,9584
E02006476,9599
E02006477,8738
E02006478,8405
E02006479,9145
E02006480,7491
E02006481,7317
E02006482,7256
E02006483,7960
E02006484,7648
E02006485,6588
E02006486,7080
E02006487,6947
E02006488,6080
E02006489,8058
E02006490,7744
E02006806,8559
E02006493,10693
E02006494,7273
E02006495,7771
E02006496,7141
E02006497,8089
E02006498,13861
E02006499,6436
E02006500,6103
E02006501,10214
E02006502,11053
E02006503,10172
E02007048,7525
E02007049,8031
E02006504,5878
E02006505,6962
E02006506,6036
E02006507,11031
E02006508,11153
E02006509,5869
E02006510,6850
E02006511,10656
E02006512,12299
E02006513,8337
E02006514,8865
E02006515,11180
E02006516,9593
E02006517,9820
E02006518,10194
E02006519,7993
E02006520,8441
E02006521,7304
E02006522,5806
E02006523,12902
E02006524,5525
E02006525,13033
E02006526,8655
E02006527,9357
E02006528,11244
E02006529,12697
E02006530,13236
E02006531,10330
E02006532,11643
E02006533,10289
E02006696,7314
E02006697,7417
E02006698,6420
E02006699,5920
E02006700,6356
E02006701,7351
E02006702,5958
E02006703,8036
E02006704,6932
E02006705,7378
E02006706,6948
E02006707,6819
E02006708,8024
E02006709,8310
E02006710,8420
E02006711,8524
E02006712,7666
E02006713,6301
E02006714,5854
E02006715,8694
E02006716,6454
E02006717,6929
E02006718,5989
E02006719,7405
E02006720,7250
E02006721,6639
E02006722,5449
E02006723,9340
E02006724,7018
E02006725,5526
E02006726,6368
E02006727,5940
E02006728,7751
E02006729,7636
E02006730,6783
E02006731,5568
E02006732,6969
E02006733,6050
E02006734,8219
E02006735,5530
E02006736,6498
E02006737,8302
E02006738,9218
E02006739,5737
E02006740,7335
E02006741,6281
E02006742,8982
E02006743,6937
E02006744,7459
E02006745,8737
E02006746,8991
E02006747,5648
E02006748,8794
E02006749,5409
E02006750,5428
E02006751,5869
E02006752,8335
E02006753,7385
E02006754,5805
E02006755,5864
E02006756,6705
E02006757,7196
E02006758,6470
E02006759,8401
E02006760,9019
E02006761,6278
E02006762,7120
E02006763,8495
E02006764,5791
E02006765,6314
E02006766,7816
E02006767,9581
E02006768,7000
E02006769,7069
E02006770,8382
E02006771,6757
E02006772,6680
E02006773,8224
E02006774,7564
E02006775,6098
E02006776,6394
E02006777,7206
E02006778,7178
E02006779,7574
E02006780,5903
E02001827,6451
E02001828,7142
E02001829,9160
E02001830,9686
E02001831,10683
E02001832,7931
E02001833,5936
E02001834,6110
E02001835,8473
E02001836,9102
E02001837,10667
E02001838,7570
E02001839,6439
E02001840,9603
E02001841,5963
E02001842,8069
E02001843,6638
E02001844,9715
E02001845,6662
E02001846,8159
E02001847,5596
E02001848,7320
E02001849,8792
E02001850,8605
E02001851,9083
E02001852,7030
E02001855,9935
E02001856,9638
E02001857,13854
E02001858,9148
E02001859,10398
E02001860,8471
E02001861,11204
E02001862,9877
E02001863,8404
E02001865,11402
E02001866,9451
E02001867,8671
E02001868,9818
E02001869,7010
E02001870,12993
E02001871,8341
E02001872,7423
E02001873,11386
E02001874,9962
E02001875,8961
E02001876,16085
E02001877,12396
E02001878,9522
E02001879,10025
E02001880,10037
E02001881,10495
E02001882,8913
E02001883,8517
E02001884,10188
E02001886,9892
E02001888,7181
E02001889,9053
E02001890,9976
E02001892,11587
E02001893,8822
E02001895,8955
E02001896,10160
E02001897,8624
E02001898,6558
E02001899,8534
E02001900,6710
E02001901,8142
E02001902,6255
E02001903,8076
E02001904,7725
E02001905,10274
E02001906,9569
E02001907,10413
E02001908,8953
E02001909,8290
E02001910,7232
E02001911,8738
E02001913,7442
E02001914,7060
E02001915,11959
E02001916,9897
E02001918,8651
E02001919,6940
E02001920,7654
E02001921,7739
E02001922,15987
E02001923,11118
E02001924,7077
E02001925,6736
E02001926,7828
E02001927,7669
E02001928,6818
E02001929,10507
E02001930,7703
E02001931,8591
E02001932,7425
E02001933,7719
E02001934,7144
E02001935,8080
E02001936,6387
E02001937,8384
E02001938,7870
E02001939,6294
E02001941,6550
E02001942,6780
E02001943,6475
E02001944,8068
E02001945,7894
E02001946,7583
E02001947,6240
E02001948,7346
E02001949,6161
E02001950,8569
E02001951,9433
E02001952,9128
E02001953,7112
E02001954,7581
E02001955,8096
E02001956,6848
E02001957,7880
E02006807,8210
E02006809,10153
E02006895,9361
E02006896,6124
E02006897,8455
E02006898,7904
E02006899,6145
E02006900,15720
E02007038,13692
E02007039,8307
E02007040,7599
E02001958,8072
E02001959,6929
E02001961,7966
E02001962,7211
E02001963,6141
E02001964,11009
E02001965,8080
E02001966,7355
E02001967,6962
E02001968,7959
E02001969,6775
E02001970,5758
E02001971,6289
E02001972,11719
E02001973,8535
E02001974,9461
E02001975,7637
E02001976,7499
E02001977,10015
E02001978,6810
E02001979,5604
E02001980,5792
E02001981,13439
E02001982,8407
E02001983,7611
E02001984,10467
E02001985,9241
E02001986,7981
E02001987,5911
E02001988,11152
E02001989,6294
E02001990,9185
E02001991,8476
E02001992,10784
E02001993,8985
E02001994,7960
E02001995,9426
E02001996,7688
E02001997,8511
E02001998,6036
E02001999,9105
E02006805,9083
E02002000,8550
E02002001,6064
E02002002,6901
E02002003,9020
E02002004,7578
E02002005,9889
E02002006,6481
E02002007,9028
E02002008,8164
E02002009,7117
E02002010,8373
E02002011,5904
E02002012,8413
E02002013,6571
E02002014,8312
E02002015,7059
E02002016,8047
E02002017,8071
E02002018,8931
E02002019,7798
E02002020,9485
E02002021,7712
E02002022,8881
E02002023,5358
E02002024,8738
E02002025,8896
E02002026,6783
E02002027,5379
E02002028,5732
E02002029,6224
E02002030,6814
E02002031,6261
E02002032,10213
E02002033,7815
E02002034,8168
E02002035,6115
E02002036,6670
E02002037,5923
E02002038,9617
E02002039,6207
E02002040,5933
E02002041,6272
E02002042,8028
E02002043,8757
E02002044,8052
E02002045,7812
E02002046,5714
E02002047,7553
E02002048,6829
E02002049,6309
E02002051,6169
E02002052,11365
E02002053,6327
E02002054,5818
E02002055,11126
E02002056,9881
E02002057,10722
E02002058,13570
E02002059,11792
E02002060,7356
E02002061,7059
E02002062,8958
E02002063,10330
E02002064,12496
E02002065,14169
E02002066,8258
E02002067,6321
E02002069,7244
E02002070,10338
E02002071,6717
E02002072,8921
E02002073,8411
E02002074,8206
E02002075,8736
E02002076,10670
E02002077,10884
E02002078,6570
E02002079,8659
E02002080,7378
E02006810,10690
E02006943,7596
E02006944,8075
E02002081,5434
E02002082,5840
E02002083,6029
E02002084,6746
E02002085,6659
E02002086,5923
E02002087,6297
E02002088,9583
E02002089,8066
E02002090,5962
E02002091,7654
E02002092,7268
E02002093,6691
E02002094,5980
E02002095,8625
E02002096,10375
E02002097,7343
E02002098,9737
E02002099,6900
E02002101,6307
E02002102,8776
E02002103,6082
E02002104,5847
E02002105,8265
E02002106,9730
E02002107,5413
E02002108,9846
E02002109,12134
E02006808,6732
E02002110,7024
E02002111,6417
E02002112,5270
E02002113,6402
E02002114,6082
E02002115,6823
E02002116,6755
E02002117,6254
E02002118,7420
E02002119,5983
E02002120,6110
E02002121,6663
E02002122,7155
E02002123,6602
E02002124,6920
E02002125,6450
E02002126,6679
E02002127,9792
E02002128,5625
E02002129,6032
E02002130,6863
E02002131,7778
E02002132,6441
E02002133,6901
E02002134,9235
E02002135,7981
E02002136,8004
E02002137,6115
E02002138,6358
E02002139,10861
E02002140,8555
E02002141,6459
E02002142,7550
E02002143,10264
E02002144,6845
E02002145,8492
E02002146,6425
E02002147,9109
E02002148,11431
E02002149,10087
E02002150,5791
E02002151,5556
E02002152,6273
E02002153,7483
E02002154,7412
E02002155,6515
E02002156,8302
E02002157,7825
E02002158,7523
E02002159,6178
E02002160,7579
E02002161,7124
E02002162,7773
E02002163,11875
E02002164,6743
E02002165,7893
E02002166,9408
E02002167,6642
E02002168,11532
E02002169,8808
E02002170,6313
E02002171,7725
E02002174,7643
E02002175,7793
E02002176,7841
E02002177,11505
E02002178,8141
E02002179,6568
E02002180,6488
E02002181,8435
E02002182,6586
E02006894,14363
E02003237,6156
E02003238,5737
E02003239,8326
E02003240,6871
E02003241,7180
E02003242,8444
E02003243,12169
E02003244,10035
E02003245,8244
E02003246,10032
E02003247,8849
E02003248,11574
E02003249,12822
E02003250,12049
E02003251,7922
E02003252,12527
E02003253,10266
E02003254,9238
E02003255,13724
E02003257,9619
E02006877,10901
E02006878,12981
E02003258,8610
E02003259,6798
E02003260,8949
E02003261,6443
E02003262,11189
E02003263,12974
E02003264,9851
E02003265,8232
E02003266,10113
E02003267,14641
E02003268,12950
E02003269,10774
E02003270,8806
E02003271,10215
E02003272,11353
E02003273,12031
E02003274,11539
E02003276,9149
E02003277,11613
E02003278,13277
E02006937,9371
E02006938,6383
E02003279,9451
E02003280,10581
E02003281,9442
E02003282,10687
E02003283,10994
E02003284,11208
E02003285,11284
E02003286,9369
E02003287,10151
E02003288,13008
E02003289,9891
E02003290,9926
E02003291,11676
E02003292,12092
E02003293,11692
E02003294,9116
E02003295,10119
E02003296,7085
E02003297,7315
E02003298,7097
E02003299,6416
E02003300,8946
E02003301,12030
E02003302,10408
E02003303,9517
E02003304,9648
E02003305,7079
E02003307,10621
E02003308,7713
E02003309,7770
E02003311,9304
E02003312,9424
E02003313,14821
E02006859,7691
E02006926,8008
E02007004,6690
E02007005,8416
E02003616,5673
E02003617,9035
E02003618,8758
E02003619,11853
E02003620,8161
E02003621,8061
E02003622,9210
E02003623,12828
E02003624,5935
E02003625,8870
E02003626,5610
E02003627,10648
E02003628,9778
E02003629,10684
E02003630,11371
E02003631,5507
E02003632,6207
E02003633,10562
E02003635,10346
E02007010,8533
E02007011,7597
E02003599,5749
E02003600,6428
E02003601,8156
E02003602,6563
E02003603,11314
E02003604,11227
E02003605,10293
E02003606,9325
E02003607,11206
E02003608,12185
E02003609,11846
E02003610,8972
E02003611,9889
E02003612,12420
E02003613,5714
E02003614,8141
E02003615,10507
E02003636,7282
E02003637,10698
E02003638,7688
E02003639,9584
E02003640,6045
E02003641,5358
E02003642,9606
E02003643,13726
E02003644,10056
E02003645,6984
E02003646,10668
E02003647,10506
E02003648,5521
E02003649,6605
E02003650,6996
E02003651,6993
E02003719,10313
E02003720,9720
E02003721,9714
E02003722,8485
E02003723,12981
E02003724,10340
E02003725,16246
E02003726,8230
E02003727,10189
E02003728,10823
E02003729,9343
E02003731,11927
E02007086,11133
E02007087,6228
E02003732,9910
E02003733,8472
E02003734,11960
E02003735,8613
E02003736,10279
E02003737,13242
E02003738,6399
E02003739,6407
E02003740,6279
E02006825,6200
E02003742,6808
E02003743,11079
E02003744,13717
E02003745,10362
E02003746,7815
E02003747,12680
E02003748,7659
E02003749,6124
E02003750,7488
E02003751,7544
E02003752,11187
E02003753,11199
E02003754,5662
E02003755,8597
E02003756,7085
E02003757,6950
E02003758,9682
E02003759,5894
E02003760,9057
E02003761,5974
E02003762,11548
E02003763,9600
E02003764,10399
E02003765,7219
E02003766,7889
E02003767,6374
E02003768,10037
E02003769,7462
E02003770,10935
E02003771,6284
E02003772,6715
E02003773,10541
E02003774,5727
E02003775,7239
E02003776,6779
E02003777,9937
E02003778,6525
E02003780,11428
E02003781,6092
E02003784,8889
E02003785,8952
E02003786,6535
E02003787,7658
E02003788,8121
E02003789,7271
E02003790,9304
E02003791,8268
E02003792,9874
E02003793,7239
E02006873,9888
E02006874,10233
E02007085,11885
E02004424,7115
E02004425,7343
E02004426,8101
E02004427,8064
E02004428,6964
E02004429,7576
E02004430,8436
E02004431,9722
E02004432,6443
E02004433,8735
E02004434,8546
E02004435,9790
E02004436,7908
E02004437,10068
E02004438,9610
E02004439,9883
E02004440,9163
E02004441,7829
E02004442,8617
E02004443,10314
E02004444,9044
E02004445,8298
E02004446,7021
E02004447,5971
E02004448,7817
E02004449,8883
E02004450,6279
E02004451,9494
E02004452,9340
E02004453,7451
E02004454,9441
E02004455,7948
E02004456,9832
E02004457,10611
E02004458,9536
E02004459,10409
E02004460,9767
E02004461,5742
E02004462,11584
E02004463,8139
E02004464,9866
E02004465,6364
E02004466,8231
E02004467,8238
E02004468,10618
E02004469,7264
E02004470,11765
E02004471,8518
E02004472,6183
E02004473,7823
E02004474,7952
E02004475,6626
E02004476,8079
E02004477,6045
E02004478,6687
E02004479,8049
E02004480,6975
E02004481,6647
E02004482,8342
E02004483,8000
E02004484,8365
E02004485,9861
E02004486,8630
E02004487,7626
E02004488,9998
E02004489,9498
E02004490,7910
E02004491,7477
E02004492,9348
E02004493,10349
E02004495,8309
E02004496,8224
E02004497,7825
E02004498,9891
E02004499,6837
E02004500,9245
E02004501,7049
E02004502,7231
E02004503,8017
E02004504,8009
E02004505,6508
E02006978,7257
E02006979,6427
E02004506,7148
E02004507,9689
E02004508,6566
E02004512,11314
E02004513,11349
E02004514,5824
E02004515,9710
E02004516,13379
E02004517,9612
E02004518,8081
E02004519,7498
E02004520,9700
E02004521,9445
E02004522,8984
E02004523,10502
E02004524,8300
E02004525,8088
E02004526,7221
E02006922,14114
E02007056,8666
E02007057,7526
E02004527,9281
E02004528,8817
E02004529,7373
E02004530,7138
E02004531,7161
E02004532,6415
E02004533,7714
E02004534,9073
E02004535,6071
E02004536,6237
E02004537,9526
E02004538,9863
E02004539,7923
E02004540,6034
E02004541,11752
E02004542,6999
E02004543,7602
E02004544,11183
E02004545,7971
E02004546,8412
E02004547,10060
E02004548,8941
E02004549,8158
E02004550,8822
E02004551,7609
E02004552,6592
E02004553,7846
E02004554,7733
E02004555,6485
E02004556,7552
E02004557,8908
E02004558,6909
E02004559,8030
E02004560,9084
E02004561,10388
E02004562,8850
E02004563,6593
E02004564,7915
E02004566,5654
E02004567,8125
E02004568,8861
E02004569,8650
E02004570,8691
E02004571,7816
E02004572,7930
E02006980,7507
E02006981,7919
E02004573,6418
E02004574,7863
E02004575,12089
E02004576,9139
E02004577,6108
E02004578,7627
E02004579,7913
E02004580,12285
E02004581,8507
E02004582,6972
E02004583,8908
E02004584,6581
E02004585,9038
E02004586,8246
E02004587,7736
E02004588,7209
E02004589,7413
E02004590,8238
E02004591,7626
E02004592,13129
E02004593,8966
E02004594,8312
E02004595,14839
E02004596,10620
E02004597,9024
E02004598,11036
E02004599,7793
E02004843,7231
E02004844,7458
E02004845,7896
E02004846,6400
E02004847,10355
E02004848,7718
E02004849,6851
E02004850,7448
E02004851,5936
E02004852,8069
E02004853,6991
E02004854,8074
E02004855,8579
E02004856,5800
E02004857,6043
E02004858,5026
E02004859,5317
E02004860,5832
E02004861,5532
E02004862,7780
E02004863,7934
E02004864,6371
E02004865,5514
E02004866,6771
E02004867,6537
E02004868,7797
E02004869,5873
E02004870,11615
E02004871,5024
E02004872,7425
E02004873,11665
E02004874,6001
E02004875,10441
E02004876,9497
E02004877,5288
E02004896,7980
E02004897,6812
E02004898,7752
E02004899,5391
E02004900,8185
E02004901,10214
E02004902,8128
E02004903,7513
E02004904,6869
E02004905,6541
E02004906,11113
E02004907,10776
E02004908,10552
E02004909,5813
E02004910,11630
E02004911,6808
E02004912,10617
E02004914,8074
E02004915,5632
E02004916,7416
E02004917,6393
E02004918,8160
E02004919,7707
E02004920,11485
E02004921,7868
E02004922,10132
E02004923,10386
E02007088,7684
E02007089,7405
E02004956,9036
E02004957,10815
E02004958,7858
E02004959,6182
E02004960,5710
E02004961,9709
E02004962,9025
E02004963,7565
E02004964,5746
E02004965,6948
E02004966,7301
E02004967,7878
E02004968,7704
E02004969,7254
E02004970,8399
E02004971,8665
E02004972,6173
E02004973,8704
E02004974,9072
E02004975,8228
E02004976,11413
E02004977,9160
E02004978,10296
E02004979,7179
E02005503,7482
E02005504,9247
E02005505,7654
E02005506,7013
E02005507,11605
E02005508,7250
E02005509,8565
E02005510,7326
E02005511,8967
E02005512,10106
E02005513,10591
E02005514,6878
E02005515,6472
E02005516,7064
E02005517,5933
E02005518,10691
E02005519,8634
E02005520,8938
E02005521,8651
E02005522,5497
E02005523,8609
E02005524,5331
E02005525,9837
E02005526,5390
E02005527,9159
E02005528,8496
E02005529,5680
E02005530,5442
E02005531,5346
E02005532,9529
E02005533,9051
E02005534,7366
E02005535,7161
E02005536,6213
E02005537,6025
E02005538,9683
E02005539,8014
E02005540,8802
E02005541,5900
E02005542,7212
E02005543,9342
E02005544,7155
E02005545,6477
E02005546,7925
E02005547,8506
E02005548,7418
E02005549,5588
E02005550,7727
E02005551,5230
E02005552,6541
E02005553,8720
E02005554,7047
E02005555,6835
E02005556,7772
E02005557,6877
E02005558,7357
E02005559,7359
E02005560,9089
E02005561,10886
E02005562,7459
E02005563,8056
E02005564,9647
E02005565,7351
E02005566,10416
E02005567,11348
E02005568,7595
E02005569,8740
E02005570,7088
E02005571,5834
E02005572,7543
E02005573,5750
E02005574,6954
E02005575,6981
E02005576,6663
E02005577,5976
E02005578,5917
E02005580,8015
E02005581,7846
E02005582,6803
E02005583,8604
E02007032,6816
E02007033,6194
E02005584,11177
E02005585,11202
E02005586,10352
E02005587,10333
E02005588,13033
E02005589,12265
E02005592,9184
E02005593,10868
E02005594,10939
E02005595,9378
E02005596,9972
E02006907,7113
E02006908,5562
E02007052,6464
E02007053,6081
E02005598,9955
E02005599,7201
E02005600,6407
E02005601,5463
E02005602,12708
E02005603,12818
E02005604,8851
E02005605,10688
E02005606,5839
E02005607,11555
E02005608,7627
E02005609,7548
E02005610,8090
E02005611,10921
E02007054,8745
E02007055,7535
E02006227,6430
E02006228,6159
E02006229,6180
E02006230,11012
E02006231,8630
E02006232,6121
E02006233,11622
E02006234,9950
E02006235,8200
E02006236,10440
E02006237,7595
E02006245,8286
E02006246,7432
E02006247,9104
E02006248,8482
E02006249,8388
E02006250,10199
E02006251,10692
E02006252,9700
E02006253,7446
E02006254,9397
E02006255,8120
E02006256,9841
E02006257,6776
E02006258,9651
E02006259,7279
E02006260,8847
E02006261,7957
E02006262,8990
E02006263,7534
E02006264,8870
E02006265,7378
E02006266,9435
E02006267,8348
E02006268,6159
E02006269,7738
E02006270,12792
E02006271,9845
E02006272,7653
E02004924,7730
E02004925,7878
E02004926,8100
E02004927,6716
E02004928,6871
E02004929,6403
E02004930,7004
E02004931,6972
E02004932,7744
E02004933,6943
E02004934,7802
E02004935,9051
E02004936,6540
E02004937,7292
E02004939,6687
E02004940,7710
E02004941,9804
E02004942,6433
E02004943,8220
E02007090,6266
E02004980,6202
E02004981,8138
E02004982,5971
E02004983,6119
E02004984,6288
E02004985,6932
E02004986,8787
E02004987,7797
E02004988,7850
E02004989,12556
E02004990,7285
E02004991,8230
E02004992,10404
E02004994,6152
E02004995,5642
E02007092,5487
E02004878,9319
E02004880,10830
E02004881,6867
E02004882,8461
E02004883,6245
E02004884,10373
E02004885,8581
E02004886,6662
E02004887,7529
E02004888,8744
E02004889,11238
E02004890,8388
E02004891,7898
E02004892,5913
E02004893,5976
E02004894,9632
E02004895,9387
E02007093,8115
E02004944,8141
E02004945,12232
E02004946,6423
E02004948,6076
E02004949,8797
E02004950,6826
E02004951,8055
E02004952,6885
E02004953,6474
E02004954,7130
E02004955,6020
E02007091,6435
E02006287,6259
E02006288,10053
E02006289,9699
E02006290,8106
E02006291,7670
E02006292,6783
E02006293,11157
E02006294,7880
E02006295,9325
E02006296,13090
E02006297,8046
E02006298,9142
E02006299,8235
E02006300,7938
E02006301,6306
E02006302,6638
E02006303,7982
E02006304,8148
E02006305,9734
E02006306,7289
E02006307,7323
E02006308,7630
E02006309,6742
E02006310,8078
E02006311,8213
E02006312,8486
E02006313,9931
E02006314,7261
E02006315,5842
E02006316,7073
E02006238,9690
E02006239,8724
E02006240,10228
E02006241,8842
E02006242,10641
E02006243,9331
E02006273,6839
E02006274,6599
E02006275,6999
E02006276,8230
E02006277,7688
E02006278,8377
E02006279,8747
E02006280,9731
E02006281,8321
E02006282,6520
E02006283,8253
E02006284,7730
E02006285,7549
E02006286,11154
E02006826,9751
E02000001,8583
E02000002,8281
E02000003,11542
E02000004,6640
E02000005,11082
E02000007,10162
E02000008,13250
E02000009,12863
E02000010,9485
E02000011,7030
E02000012,11513
E02000013,9398
E02000014,9865
E02000015,8228
E02000016,10568
E02000017,9133
E02000018,9552
E02000019,9663
E02000020,14055
E02000021,8759
E02000022,7741
E02000023,8019
E02006799,12041
E02000024,10841
E02000025,8582
E02000026,6458
E02000027,9646
E02000028,6533
E02000029,9677
E02000030,9457
E02000031,8331
E02000032,7939
E02000033,8891
E02000034,9089
E02000035,8530
E02000036,11244
E02000037,10835
E02000038,10719
E02000039,7168
E02000040,9139
E02000041,9455
E02000042,11560
E02000043,7570
E02000044,8844
E02000045,10524
E02000046,6962
E02000047,12397
E02000048,10283
E02000049,10532
E02000050,10380
E02000051,9160
E02000052,9849
E02000054,7631
E02000055,11723
E02000056,9132
E02000057,8013
E02000058,10227
E02000059,11626
E02000060,11557
E02000061,8345
E02000062,6958
E02000063,7584
E02000064,6674
E02006953,9169
E02006954,10113
E02000065,8062
E02000066,9430
E02000067,10231
E02000068,8176
E02000069,7212
E02000070,8111
E02000071,7672
E02000072,12924
E02000073,10726
E02000074,8861
E02000075,7986
E02000077,8140
E02000078,7933
E02000079,8770
E02000080,10065
E02000081,8306
E02000082,9336
E02000083,11271
E02000084,11115
E02000085,7961
E02000086,7178
E02000087,8209
E02000088,7750
E02000089,7869
E02000090,9639
E02000091,10164
E02000092,6753
E02006785,6624
E02000093,11877
E02000094,10460
E02000095,10461
E02000096,7632
E02000097,9532
E02000098,8742
E02000099,9560
E02000100,8319
E02000101,9937
E02000102,8328
E02000103,9973
E02000104,7505
E02000105,9844
E02000106,10353
E02000107,10939
E02000108,7259
E02000110,8175
E02000111,11284
E02000112,11749
E02000113,9630
E02000114,8996
E02000115,8622
E02000116,8549
E02000117,12733
E02000118,11293
E02000119,10625
E02000120,9014
E02000121,12239
E02000122,8177
E02000123,13578
E02000124,9954
E02000125,9940
E02000126,8195
E02006955,7509
E02006956,8830
E02000127,9330
E02000128,7789
E02000130,8426
E02000131,10485
E02000132,9834
E02000133,10755
E02000134,11751
E02000135,9871
E02000136,5745
E02000137,8400
E02000138,8502
E02000139,7714
E02000140,8679
E02000141,7232
E02000142,8818
E02000144,10063
E02000145,8824
E02000146,9702
E02000147,8190
E02000148,6723
E02000149,8166
E02000150,8516
E02000151,7543
E02000152,7964
E02000153,8106
E02000154,8529
E02000155,7156
E02000156,12292
E02000157,8367
E02000158,7788
E02000159,7117
E02000160,8108
E02000161,8702
E02000162,7121
E02000163,7716
E02000165,7172
E02006782,8126
E02006787,7896
E02006789,6782
E02000166,7745
E02000167,7198
E02000168,7813
E02000169,7177
E02000170,7916
E02000171,7393
E02000172,9997
E02000173,7493
E02000174,8086
E02000175,9082
E02000176,5914
E02000177,8488
E02000178,8903
E02000179,5748
E02000180,7879
E02000181,8076
E02000182,7120
E02000183,7591
E02000184,8908
E02000185,8882
E02000186,6223
E02000187,9783
E02000188,7180
E02000191,5337
E02000192,6659
E02000193,5961
E02007115,11588
E02000194,9211
E02000195,9649
E02000196,7914
E02000197,9025
E02000198,8888
E02000199,8414
E02000200,9049
E02000201,8692
E02000202,8929
E02000203,7965
E02000204,9656
E02000206,10818
E02000207,8902
E02000208,10863
E02000209,9067
E02000210,8713
E02000211,8273
E02000212,9461
E02000213,12798
E02000214,6236
E02000215,11826
E02000216,7162
E02000217,11925
E02000218,6671
E02000219,7631
E02000221,10857
E02000222,8350
E02000223,8530
E02000224,8053
E02000225,7499
E02000226,7615
E02000227,11680
E02000228,7956
E02000229,6235
E02000230,10502
E02000231,7930
E02000232,6198
E02000233,6364
E02000234,9452
E02000235,6890
E02000236,9130
E02000237,7600
E02006788,7611
E02006987,7373
E02006988,7161
E02000238,10707
E02000239,9042
E02000240,11209
E02000241,7395
E02000242,6885
E02000243,8722
E02000244,7889
E02000245,9306
E02000246,9461
E02000247,11155
E02000248,7717
E02000249,8376
E02000250,6483
E02000251,8313
E02000252,12238
E02000253,10344
E02000254,9209
E02000255,9863
E02000256,9183
E02000258,6901
E02000259,6584
E02000260,9835
E02000261,12653
E02000262,9348
E02000263,13706
E02000264,8494
E02000265,11232
E02000266,13114
E02000267,8151
E02000268,9250
E02000269,8167
E02000270,9607
E02000271,6950
E02000272,6713
E02000275,8170
E02000276,6761
E02006791,7566
E02006968,8351
E02006969,6426
E02006970,7343
E02006971,8295
E02000277,7524
E02000278,9430
E02000279,12320
E02000280,8634
E02000281,9653
E02000282,9951
E02000283,8538
E02000284,8741
E02000285,6643
E02000286,8688
E02000287,7355
E02000288,12784
E02000289,6774
E02000290,6682
E02000291,10162
E02000292,9837
E02000293,6396
E02000294,9369
E02000295,8691
E02000296,10343
E02000297,9398
E02000298,8253
E02000299,9495
E02000300,8855
E02000301,10221
E02000302,8668
E02000303,8366
E02000304,8041
E02000305,8878
E02000306,9134
E02000307,10112
E02000308,8759
E02000309,11794
E02000311,10544
E02000312,11303
E02006793,9645
E02000313,6489
E02000314,14106
E02000315,9871
E02000317,7561
E02000318,11064
E02000319,10618
E02000320,7041
E02000321,7721
E02000323,12861
E02000324,7865
E02000326,7798
E02000327,6625
E02000328,6512
E02000329,6332
E02000331,8238
E02000332,7451
E02000333,6242
E02000334,6639
E02000335,6675
E02000337,8471
E02000339,6291
E02000340,6865
E02000341,7995
E02000342,6348
E02000343,7046
E02000344,6430
E02006786,7557
E02006927,12367
E02006928,12093
E02006930,9846
E02006931,9462
E02006991,6319
E02006992,8229
E02006993,8401
E02006994,7641
E02000345,8199
E02000346,9398
E02000347,8151
E02000348,8106
E02000350,10241
E02000351,9286
E02000352,6749
E02000353,7763
E02000354,9610
E02000355,8194
E02000356,7034
E02000357,6845
E02000358,11090
E02000359,6697
E02000360,11512
E02000361,8061
E02000362,6961
E02000363,11882
E02000364,9217
E02000366,8328
E02000367,10418
E02000368,9922
E02000369,13458
E02000370,8862
E02006918,8398
E02006921,7926
E02007108,5941
E02007109,7614
E02007110,7332
E02007111,5949
E02000372,9984
E02000373,7034
E02000374,6914
E02000375,7485
E02000376,6701
E02000377,7795
E02000378,6433
E02000379,7388
E02000380,5508
E02000381,7628
E02000382,6189
E02000383,8462
E02000384,8267
E02000385,5614
E02000386,7582
E02000387,6024
E02000388,8657
E02000389,8645
E02000390,6195
E02000391,7587
E02000392,9229
E02000393,5975
E02000394,9281
E02000395,5680
E02000396,6898
E02000397,7907
E02000398,7518
E02000400,7988
E02000401,6864
E02000402,6472
E02000403,7513
E02000404,7111
E02000405,6474
E02000406,6736
E02000407,7605
E02000408,8253
E02000409,6061
E02000410,6418
E02000411,11429
E02000412,7322
E02000413,7763
E02000414,7081
E02000415,7242
E02000416,8453
E02000417,6558
E02000418,5431
E02000419,8736
E02000420,7988
E02000421,8511
E02000422,7458
E02000423,6904
E02000424,6754
E02000425,8169
E02000426,6492
E02000427,6627
E02000428,8434
E02000429,6793
E02000430,6922
E02000431,5848
E02000432,6120
E02006794,8286
E02000433,8600
E02000434,9848
E02000435,8191
E02000436,5758
E02000437,8760
E02000438,8548
E02000439,9264
E02000440,9605
E02000441,7481
E02000442,9585
E02000443,10747
E02000444,8714
E02000445,11773
E02000447,8192
E02000448,7070
E02000449,8295
E02000451,6711
E02000452,9503
E02000453,8386
E02000454,7339
E02000455,11669
E02000456,7823
E02000457,7059
E02000459,9326
E02000460,7311
E02000461,7290
E02000462,6983
E02000463,8706
E02006795,8269
E02006882,14394
E02000464,7756
E02000465,9346
E02000466,9069
E02000467,11457
E02000468,8651
E02000469,7283
E02000470,9782
E02000471,7820
E02000472,9472
E02000473,10493
E02000474,9185
E02000475,9613
E02000476,9363
E02000477,9535
E02000478,5989
E02000479,9450
E02000480,13842
E02000481,8234
E02000482,6588
E02000483,8001
E02000484,8492
E02000485,8476
E02000486,7355
E02000487,7913
E02000488,7579
E02000489,8634
E02000490,8469
E02000491,10640
E02000492,6830
E02000493,6737
E02000494,7958
E02000495,10417
E02000496,7801
E02000497,9521
E02000498,6377
E02000499,7727
E02000500,8279
E02000501,8475
E02000502,8929
E02000503,8688
E02000504,7643
E02000506,7961
E02000507,8243
E02000508,11949
E02000509,10555
E02000510,9115
E02000511,9933
E02000512,8823
E02000513,9760
E02000514,10674
E02000515,13293
E02000516,8646
E02000517,10470
E02000518,9632
E02000519,9554
E02000520,14062
E02000521,13190
E02000522,9576
E02000523,11368
E02000524,7535
E02000525,10062
E02006796,9695
E02000526,8640
E02000529,9716
E02000530,8117
E02000531,11583
E02000532,8976
E02000533,8402
E02000534,8558
E02000535,10052
E02000536,10841
E02000537,9845
E02000538,10109
E02000539,12224
E02000540,12122
E02000541,10620
E02000542,12304
E02000543,14001
E02000544,8557
E02000545,9237
E02000546,10427
E02000547,11001
E02000548,10576
E02000549,12535
E02000550,10713
E02000551,9752
E02000552,9258
E02000553,7115
E02006792,8999
E02006972,5413
E02006973,8494
E02000554,9356
E02000555,9571
E02000556,11396
E02000557,8782
E02000558,9434
E02000559,9582
E02000560,7354
E02000561,7387
E02000562,7865
E02000563,8682
E02000564,12420
E02000565,8542
E02000566,8556
E02000567,10438
E02000568,11342
E02000569,9939
E02000570,8283
E02000571,8922
E02000572,8603
E02000573,10313
E02000574,7833
E02000575,11313
E02000576,10673
E02000577,7711
E02000578,6004
E02000579,8993
E02000580,7894
E02000581,7392
E02000582,6543
E02000583,6428
E02000584,7175
E02000585,8088
E02000586,6474
E02000587,6496
E02000588,5983
E02000589,7250
E02000590,5974
E02000591,6212
E02000592,5764
E02000593,7393
E02000594,6482
E02000595,6164
E02000596,6617
E02000597,6336
E02000598,8093
E02000599,7008
E02000600,8360
E02000601,11904
E02000602,10313
E02000603,8636
E02000604,9242
E02000605,8489
E02000606,10561
E02000607,6793
E02000608,7199
E02000609,7627
E02000610,7954
E02000611,7440
E02000612,8252
E02000613,8093
E02000614,9294
E02000615,7881
E02000616,6061
E02000617,8863
E02000619,9099
E02000620,9846
E02000621,12520
E02000622,8406
E02000623,7859
E02000624,9631
E02000625,9304
E02000626,8362
E02000627,9553
E02000628,10785
E02000629,9117
E02000630,7538
E02000631,9525
E02000632,9586
E02000633,9160
E02000634,6774
E02000635,9812
E02000636,7714
E02000637,8402
E02000638,10254
E02000639,8321
E02000640,9293
E02000641,8630
E02000642,9809
E02000643,9378
E02000644,8521
E02000645,9533
E02000646,9499
E02000647,8592
E02000648,7825
E02000649,12477
E02000650,7665
E02000651,8738
E02000652,7559
E02006801,8567
E02000653,12606
E02000654,8789
E02000655,10281
E02000657,9906
E02000658,8620
E02000659,8063
E02000660,8204
E02000661,6491
E02000662,8295
E02000663,6796
E02000665,8155
E02000666,7189
E02000667,6687
E02000668,6861
E02000669,7972
E02000670,6706
E02000671,8740
E02000672,10272
E02000673,8139
E02000674,8454
E02000675,8527
E02000676,7816
E02000677,7211
E02000678,6961
E02000679,8134
E02000680,7035
E02000681,8473
E02000682,8932
E02000683,6768
E02000685,8131
E02000686,7536
E02000687,8267
E02006783,7771
E02006784,7968
E02006798,8888
E02007008,5766
E02007009,9142
E02000689,9054
E02000690,5524
E02000691,7355
E02000692,7655
E02000693,9854
E02000694,9103
E02000695,8641
E02000696,8627
E02000697,8728
E02000698,8235
E02000699,8214
E02000700,8661
E02000701,9009
E02000702,9323
E02000703,7964
E02000704,8599
E02000705,9329
E02000706,10035
E02000707,8306
E02000708,8886
E02000709,7977
E02000710,9186
E02000711,9446
E02000712,9666
E02000713,7805
E02000714,7711
E02000715,7297
E02000716,7350
E02000717,8357
E02000718,7406
E02000719,8076
E02000720,7489
E02000721,9544
E02000722,8140
E02000723,11195
E02000724,10027
E02000725,9987
E02000727,8518
E02000728,8527
E02000729,7327
E02000730,9930
E02000731,9962
E02000732,8900
E02000733,10095
E02000734,7302
E02000735,8610
E02000736,9204
E02000737,10379
E02000738,9577
E02000739,7724
E02000740,6767
E02000741,8246
E02000742,8705
E02000743,10282
E02000744,9173
E02000745,8598
E02000746,9426
E02000747,13097
E02000748,6275
E02000749,9552
E02006995,8638
E02006996,8426
E02006997,6888
E02006998,7086
E02006999,11244
E02000751,11159
E02000752,8782
E02000753,6920
E02000754,6768
E02000755,5483
E02000756,14594
E02000757,12393
E02000758,6885
E02000759,13088
E02000760,7534
E02000762,6621
E02000763,8015
E02000764,12306
E02000765,7526
E02000767,8625
E02000768,5788
E02000770,8123
E02000772,8383
E02000773,10733
E02000774,8108
E02000776,7039
E02000777,6003
E02000779,8416
E02000781,16292
E02000782,11487
E02000783,7395
E02006800,14681
E02006924,13602
E02006925,14420
E02007017,8814
E02007018,7270
E02007019,7162
E02007020,9840
E02000784,10130
E02000785,9714
E02000786,11372
E02000787,12086
E02000788,9095
E02000789,6301
E02000790,6585
E02000791,6472
E02000792,7147
E02000793,8107
E02000794,7015
E02000795,6926
E02000796,11087
E02000797,7868
E02000798,11308
E02000799,6603
E02000800,5410
E02000801,7110
E02000802,7022
E02000803,9716
E02000804,7149
E02000805,10755
E02000806,10299
E02000807,8227
E02000808,10168
E02000810,11896
E02000812,10788
E02000813,10223
E02000814,10291
E02000815,7613
E02000816,9610
E02000817,6823
E02000818,9791
E02000819,8499
E02000820,9245
E02000821,9358
E02000822,6719
E02000823,8685
E02000824,9903
E02000825,10225
E02000826,9882
E02000827,11311
E02000828,8813
E02000829,10925
E02000830,8884
E02000831,9353
E02000832,9688
E02000833,7487
E02000834,9388
E02000835,7680
E02000836,8296
E02000837,8559
E02000838,9497
E02000839,8480
E02006802,9276
E02006941,5312
E02006942,6746
E02000840,9321
E02000841,9188
E02000842,8279
E02000843,9473
E02000844,8657
E02000845,9420
E02000846,7615
E02000847,9421
E02000848,8139
E02000849,8177
E02000850,10836
E02000851,11581
E02000852,8146
E02000853,8171
E02000854,7611
E02000855,8204
E02000856,9330
E02000857,8995
E02000858,8568
E02000859,8488
E02000860,8786
E02000861,7776
E02000863,6738
E02006836,8722
E02000864,11263
E02000865,7961
E02000866,10646
E02000867,11328
E02000868,7196
E02000869,5931
E02000870,6371
E02000871,11514
E02000872,8145
E02000873,9850
E02000874,7496
E02000875,13571
E02000876,7274
E02000877,13809
E02000878,10433
E02000879,8343
E02000880,6514
E02000881,10831
E02000882,11501
E02000883,9287
E02000884,12769
E02000885,7054
E02000886,9590
E02000887,10801
E02000888,8620
E02000889,8965
E02000890,5815
E02000893,7412
E02000894,11007
E02006853,11015
E02006854,7076
E02007112,5893
E02007113,7461
E02007114,7565
E02000895,8369
E02000896,9328
E02000897,8567
E02000898,8011
E02000899,8811
E02000900,8973
E02000901,10493
E02000902,9960
E02000903,10275
E02000904,8424
E02000905,10473
E02000906,9653
E02000907,10580
E02000908,12903
E02000909,9247
E02000910,11429
E02000911,12963
E02000912,9742
E02000913,9642
E02000914,11798
E02000915,8112
E02000916,10563
E02000917,9588
E02000918,9323
E02000919,9239
E02000920,10299
E02000921,11200
E02000922,10461
E02000923,7526
E02000925,7900
E02000926,11640
E02000927,7100
E02000928,8356
E02000929,8104
E02000930,10081
E02000931,8815
E02000932,12843
E02000933,8867
E02000934,8916
E02000935,7375
E02000936,9366
E02000937,8161
E02000938,10767
E02000939,7819
E02000940,9324
E02000941,10174
E02000942,9686
E02000943,8721
E02000944,7638
E02000945,7842
E02000946,8435
E02000947,9341
E02000948,10027
E02000949,10003
E02000950,7585
E02000951,6431
E02000952,6145
E02000953,7505
E02000954,6100
E02000955,6889
E02000956,7420
E02000957,10861
E02000958,8276
E02000959,7866
E02007083,7711
E02007084,9890
E02000960,6155
E02000961,9814
E02000962,7703
E02000963,10522
E02000964,12142
E02000965,7876
E02000966,9252
E02000967,6056
E02000968,14478
E02000969,9607
E02000970,6837
E02000971,7473
E02000972,7879
E02000973,9955
E02000974,8705
E02000975,7417
E02000976,8432
E02000977,6388
E02000978,7129
E02000979,8085
E02000980,8724
E02000981,8271
E02000982,7638
E02000983,7695
E02003314,6774
E02003315,5724
E02003316,12142
E02003317,7079
E02003318,5968
E02003319,8241
E02003320,9402
E02003321,6492
E02003322,8036
E02003323,7385
E02003324,10077
E02003325,7360
E02003326,7766
E02003327,7458
E02003328,9919
E02003329,6878
E02003330,6782
E02003331,8857
E02003332,6284
E02003333,6804
E02003334,6217
E02003335,7427
E02003336,6354
E02003337,7419
E02003338,7300
E02003339,6441
E02003340,8090
E02003341,6602
E02003342,6422
E02003343,5972
E02003344,6802
E02003345,6254
E02003346,7086
E02003347,6097
E02003348,8093
E02003349,7390
E02003350,6459
E02003351,7916
E02003352,5774
E02003353,12093
E02003354,10265
E02003355,6957
E02003356,7161
E02003357,10193
E02003358,11871
E02003359,6323
E02003360,11623
E02003361,7439
E02003362,6722
E02003363,7099
E02003364,7015
E02003365,6939
E02003366,7132
E02003367,6532
E02003368,5695
E02003369,6399
E02003370,6730
E02003371,5945
E02003372,7848
E02003373,8653
E02003374,5863
E02003375,6193
E02003376,5866
E02003377,10412
E02003378,8009
E02003379,6978
E02003380,8145
E02003381,6114
E02003382,7542
E02003383,6919
E02003384,6479
E02003385,11181
E02003386,8307
E02003387,9589
E02003388,6040
E02003389,7997
E02003390,7752
E02003391,8588
E02003392,8701
E02003393,8161
E02003394,8657
E02003395,11274
E02003396,9836
E02003397,8224
E02003398,11531
E02003400,8973
E02003401,9172
E02003402,10708
E02003403,9382
E02003404,8641
E02003405,13071
E02003406,8245
E02006939,7076
E02006940,8240
E02003407,10910
E02003408,11292
E02003409,10444
E02003410,12243
E02003411,12503
E02003412,10406
E02003414,13753
E02003415,13508
E02003416,9809
E02003417,12806
E02003418,10321
E02003419,8983
E02003420,6418
E02007068,7017
E02007069,8081
E02003421,5673
E02003422,11849
E02003423,6586
E02003424,9312
E02003425,13066
E02003426,9803
E02003427,8184
E02003428,9163
E02003429,7742
E02003430,7522
E02003431,7006
E02003432,7095
E02003433,6471
E02003434,9191
E02003435,7142
E02003436,9037
E02003437,7422
E02003438,11232
E02003439,5527
E02003440,9273
E02003441,7670
E02003442,8489
E02003443,6987
E02003444,9376
E02003445,8774
E02003446,9805
E02003447,10716
E02003448,8120
E02003449,7488
E02003450,13192
E02003451,9718
E02003452,9494
E02003453,6980
E02003454,8753
E02003455,10645
E02003456,8270
E02003457,9802
E02003458,8423
E02003459,9007
E02003460,11676
E02003461,7478
E02003462,8108
E02003463,6813
E02003464,7066
E02003465,6071
E02003466,7787
E02003467,6588
E02003468,8621
E02003469,5729
E02003470,6194
E02003471,6628
E02003472,10202
E02003473,5608
E02003474,9015
E02003476,8782
E02003478,6838
E02003479,7682
E02003480,8152
E02003481,8373
E02003482,8744
E02003483,11215
E02003484,7153
E02003485,8263
E02003486,10188
E02003487,7388
E02003488,8468
E02003489,7638
E02003490,11202
E02007012,8278
E02007013,10111
E02007014,7123
E02007015,9658
E02007016,9212
E02003491,7790
E02003492,10115
E02003493,8062
E02003494,6640
E02003495,7155
E02003496,7751
E02003497,7584
E02003498,8547
E02003499,7849
E02003500,8071
E02003501,8385
E02003502,7780
E02003503,9080
E02003504,8556
E02003505,8967
E02003506,7163
E02003507,9773
E02003508,8705
E02003509,8890
E02003510,8651
E02003511,8646
E02003512,8956
E02003513,6488
E02003514,8466
E02003515,9089
E02003516,8181
E02003517,10738
E02003518,7576
E02003519,8238
E02003520,9172
E02003521,8078
E02003522,7806
E02003523,10159
E02003524,8115
E02003525,6440
E02003526,6831
E02003527,6380
E02003529,8328
E02003530,7865
E02003531,7722
E02003532,7873
E02003533,5785
E02003534,8894
E02003535,9664
E02003536,8012
E02003537,10262
E02003538,10355
E02003540,9434
E02003541,10937
E02003542,8831
E02003543,8785
E02003544,6319
E02003545,6748
E02003546,7927
E02003547,8087
E02003548,6165
E02006821,6660
E02006975,10275
E02006976,5312
E02003549,8494
E02003550,7887
E02003551,6488
E02003552,6135
E02003553,7275
E02003554,6070
E02003555,8703
E02003556,5751
E02003557,6799
E02003558,7249
E02003559,7837
E02003560,7468
E02003561,7923
E02003562,8318
E02003563,8018
E02003564,8086
E02003565,6759
E02003566,6402
E02003567,8063
E02003568,8266
E02003569,7816
E02003570,11609
E02003571,8966
E02003572,6179
E02003573,7876
E02003574,7660
E02003575,6534
E02003576,8126
E02003578,6337
E02003579,9585
E02003580,6201
E02007074,8742
E02007075,5301
E02003581,7800
E02003582,8583
E02003583,7707
E02003584,6127
E02003585,6598
E02003586,7693
E02003587,8573
E02003588,9266
E02003589,7411
E02003590,7326
E02003591,9416
E02003592,9693
E02003593,5258
E02003594,9301
E02003595,8022
E02003596,8712
E02003597,5700
E02003598,7275
E02003652,10556
E02003653,6752
E02003654,5789
E02003655,10362
E02003656,6640
E02003657,7468
E02003658,10012
E02003659,9788
E02003660,10802
E02003661,5891
E02003662,6213
E02003663,14108
E02003664,8121
E02003665,6183
E02003666,7598
E02003667,9391
E02003668,8768
E02003669,7416
E02003670,9161
E02003671,5965
E02003672,12461
E02003673,9449
E02003674,5558
E02003675,9653
E02003676,8145
E02003677,10408
E02003678,5819
E02003679,6868
E02003680,9825
E02003681,10564
E02003682,7573
E02003683,7164
E02003685,8006
E02003686,7560
E02003687,5819
E02003688,12235
E02003689,9261
E02003690,7474
E02003691,7294
E02003692,8890
E02003693,7217
E02003694,8444
E02003695,10807
E02003696,8548
E02003697,6310
E02003698,8270
E02003699,5852
E02003701,12302
E02003702,8186
E02003703,8965
E02003704,5811
E02003705,7107
E02003706,6768
E02003707,6750
E02003708,9775
E02003709,5761
E02003710,12920
E02003711,9746
E02003712,8135
E02003713,5902
E02003714,6750
E02003715,6571
E02003716,5930
E02003717,9111
E02003718,5662
E02006823,8935
E02006824,9534
E02004356,7392
E02004357,7686
E02004358,8041
E02004359,7751
E02004361,8190
E02004362,8823
E02004363,6961
E02004364,8200
E02004365,8424
E02004366,7643
E02004367,6747
E02006857,8995
E02006858,6832
E02004368,8292
E02004369,10050
E02004370,8106
E02004371,7137
E02004372,7149
E02004373,8796
E02004374,7293
E02004375,8364
E02004376,6877
E02004377,10709
E02004378,8221
E02004379,7650
E02004380,9644
E02004381,9375
E02004382,6513
E02004383,7339
E02004384,7393
E02004385,7659
E02004386,6621
E02004387,6070
E02004388,7776
E02004389,9342
E02004390,8034
E02004391,6488
E02004392,9283
E02004393,6349
E02004394,7909
E02004395,7623
E02004396,9238
E02004397,8136
E02004398,9321
E02004399,8047
E02004400,10532
E02004401,7711
E02004402,8960
E02004403,6434
E02004404,6405
E02004405,6029
E02004406,7286
E02004407,8102
E02004408,8375
E02004409,5323
E02004410,7990
E02004411,8510
E02004412,8080
E02004413,7323
E02004414,6526
E02004415,6700
E02004416,6475
E02004417,6517
E02004418,5791
E02004419,6332
E02004420,13951
E02004421,9339
E02004422,11106
E02004423,7558
E02004675,7725
E02004676,7989
E02004677,7570
E02004678,7578
E02004679,11111
E02004680,7848
E02004681,14930
E02004682,8338
E02004683,8159
E02004684,11374
E02004685,7887
E02004686,8832
E02004687,7692
E02004688,7845
E02004689,5690
E02004690,8123
E02004691,7951
E02004692,7232
E02004693,7446
E02004694,7540
E02004695,8753
E02004696,7544
E02004697,6836
E02004698,6605
E02004699,10712
E02004700,6904
E02004702,8019
E02004703,12611
E02004704,6206
E02004705,9771
E02004706,7617
E02004707,11210
E02004708,9622
E02004709,8743
E02004710,6554
E02006829,7396
E02006838,6940
E02004712,8769
E02004713,8033
E02004714,7514
E02004715,9045
E02004716,8750
E02004717,12988
E02004718,8692
E02004719,11531
E02004720,11321
E02004721,11784
E02004722,7011
E02004723,9858
E02004724,9670
E02004725,5443
E02004726,6036
E02004727,10255
E02004728,9098
E02004729,7247
E02004730,8673
E02004731,7579
E02004732,8843
E02004733,8018
E02004734,10113
E02004735,7482
E02004736,8111
E02004737,7572
E02004738,7208
E02004739,7224
E02004740,7094
E02004741,7497
E02004742,7053
E02004743,7313
E02004744,9818
E02004745,8511
E02004746,11111
E02004747,6247
E02004748,9392
E02004749,7174
E02004750,7836
E02004751,8436
E02004752,7953
E02004753,11516
E02004754,7164
E02004755,12166
E02004756,9658
E02004757,7891
E02004758,9154
E02004759,8227
E02004760,10724
E02004761,6519
E02004764,8174
E02004765,6043
E02004766,7113
E02004767,5819
E02004768,5376
E02004769,6384
E02004770,6852
E02004771,8967
E02004772,9340
E02004774,10269
E02004775,10315
E02004776,5948
E02004777,5258
E02004778,6184
E02006822,9308
E02006830,6670
E02006831,6187
E02004779,10923
E02004780,5875
E02004781,8007
E02004782,7736
E02004783,7035
E02004784,5644
E02004785,5491
E02004786,8245
E02004787,7276
E02004788,7223
E02004789,10434
E02004790,8107
E02004791,5556
E02004792,8457
E02004793,7390
E02004794,6891
E02004795,8514
E02004796,9630
E02004797,8124
E02004798,6144
E02004799,7944
E02004800,7404
E02004801,7731
E02004802,6750
E02004803,7489
E02004804,7155
E02004805,8569
E02004806,8034
E02004807,9461
E02004808,12122
E02004809,10914
E02004810,8086
E02004811,7972
E02004812,6741
E02004813,6464
E02004814,7041
E02004815,7373
E02004817,7491
E02004818,10242
E02004819,7796
E02004820,7286
E02004821,5226
E02004822,8025
E02004823,8660
E02004824,5857
E02004825,10903
E02004826,9764
E02004827,7362
E02004828,7250
E02007076,7668
E02007077,7476
E02007078,5075
E02004829,5918
E02004830,6944
E02004831,10490
E02004832,8476
E02004833,10079
E02004834,7643
E02004835,10700
E02004836,6764
E02004837,8232
E02004838,9750
E02004839,8962
E02004840,10203
E02004841,11746
E02004842,11537
E02004996,8427
E02004997,8191
E02004998,6800
E02005000,12105
E02005001,9563
E02005002,10040
E02005003,9245
E02005004,11801
E02005005,10396
E02005006,6208
E02005007,9365
E02005008,8769
E02005009,5961
E02007046,7029
E02007047,8844
E02005010,7592
E02005011,7484
E02005012,8960
E02005013,8215
E02005014,8437
E02005015,9648
E02005016,7808
E02005017,6637
E02005018,8732
E02005019,6525
E02005020,7522
E02005021,11032
E02005022,8062
E02005023,9728
E02005025,9894
E02005026,8079
E02005027,5517
E02006855,6417
E02006856,11142
E02005028,14368
E02005029,14925
E02005030,12203
E02005031,8138
E02005032,9727
E02005033,7605
E02005034,7727
E02005035,8539
E02005036,6733
E02005037,7087
E02005038,5999
E02005039,6873
E02005040,6830
E02005041,7246
E02005042,8921
E02005043,7127
E02005044,6054
E02005045,9352
E02005046,8964
E02005047,7716
E02005048,6594
E02005049,6932
E02005050,9704
E02005051,13604
E02005052,8352
E02005053,9157
E02005054,6689
E02005055,8395
E02005056,10162
E02005057,11586
E02005058,8007
E02005059,9645
E02005060,8644
E02005061,7496
E02005062,7085
E02005063,7327
E02005064,6563
E02005065,8311
E02005066,7747
E02005067,5932
E02005068,7177
E02005069,9085
E02005070,9752
E02005071,12292
E02005072,8041
E02005073,12367
E02005074,8032
E02005075,11061
E02005076,10011
E02005077,8100
E02005078,9764
E02005079,9052
E02005080,12180
E02005081,6970
E02005082,11970
E02005083,7849
E02005084,7505
E02005085,7880
E02005086,6693
E02005087,7140
E02005088,9913
E02005089,6856
E02005090,5931
E02005091,6771
E02005093,6024
E02005094,9727
E02005095,7566
E02005096,9853
E02005097,9640
E02005098,10106
E02005099,7963
E02005100,9881
E02005101,7072
E02006832,6069
E02005102,6089
E02005103,10089
E02005104,7997
E02005105,7656
E02005106,10008
E02005107,13099
E02005109,6692
E02005110,7107
E02005111,7185
E02005112,7056
E02005113,7252
E02005114,6340
E02006879,6544
E02006880,6651
E02005115,6707
E02005116,6544
E02005117,6585
E02005118,10856
E02005119,6574
E02005120,9633
E02005121,14037
E02005122,7811
E02005123,12756
E02005124,8821
E02005125,8549
E02005126,8164
E02005127,8887
E02005128,8973
E02005129,11463
E02005130,9523
E02005131,5798
E02005132,10633
E02005133,8636
E02005134,7994
E02005135,7882
E02005136,8046
E02005137,7721
E02005138,9047
E02005139,8864
E02005140,7557
E02005141,7064
E02005142,7295
E02005143,8206
E02005144,8925
E02005145,8055
E02005146,8139
E02005147,8706
E02005148,7814
E02005149,12104
E02005150,11829
E02005151,12716
E02005153,9442
E02005154,11752
E02005155,12559
E02005156,7213
E02005157,6730
E02005158,6614
E02005159,7729
E02005160,12509
E02005161,8602
E02006833,12405
E02005162,10512
E02005163,8078
E02005164,8925
E02005165,7517
E02005166,6913
E02005167,7662
E02005168,7572
E02005169,9097
E02005170,9847
E02005171,6200
E02005172,8262
E02005173,8430
E02005174,7576
E02005175,8719
E02005921,6900
E02005922,8840
E02005923,6015
E02005924,12600
E02005925,8884
E02005926,9024
E02005927,5648
E02005928,11104
E02005929,7343
E02005930,9463
E02005931,11255
E02005932,6726
E02005933,7715
E02005934,8847
E02005935,8578
E02005936,13065
E02005937,6541
E02005938,5683
E02005939,6782
E02005940,6154
E02005941,7084
E02005942,6248
E02005943,7332
E02005944,8393
E02005945,11115
E02005946,8468
E02005947,18475
E02005948,6618
E02005949,7621
E02005950,11137
E02005951,5578
E02005953,6017
E02005954,10482
E02005955,11233
E02005956,6557
E02005957,6910
E02007021,8441
E02007116,8178
E02005958,5380
E02005959,5896
E02005960,7889
E02005961,6738
E02005962,10167
E02005963,8033
E02005964,7300
E02005965,5519
E02005966,8115
E02005967,9536
E02005968,8011
E02005969,9698
E02005970,5513
E02005971,6358
E02005972,12012
E02005973,5913
E02005974,6273
E02005975,8234
E02005976,6340
E02005977,6160
E02005978,7599
E02005979,10275
E02005980,11764
E02005981,8552
E02005982,5740
E02005983,10981
E02005984,9152
E02005985,7904
E02005986,9690
E02005987,10298
E02005988,9126
E02005991,10067
E02005992,13914
E02006886,13853
E02005993,7250
E02005994,6269
E02005995,6372
E02005996,8933
E02005997,5955
E02005998,7029
E02005999,6543
E02006000,11773
E02006001,7087
E02006002,10769
E02006003,5930
E02006004,7336
E02006005,10032
E02006006,5650
E02006007,7308
E02006317,6352
E02006318,6965
E02006319,7216
E02006320,7251
E02006321,6608
E02006322,6489
E02006323,7526
E02006324,7915
E02006325,9173
E02006326,7532
E02006327,6697
E02006328,9598
E02006329,7098
E02006330,9928
E02006331,7263
E02006332,6651
E02006333,9944
E02006334,8549
E02006335,7913
E02006336,7167
E02006337,8871
E02006338,6787
E02006339,10913
E02006341,10249
E02006342,8199
E02006343,9056
E02006837,11786
E02006344,8520
E02006345,7676
E02006346,9923
E02006347,7127
E02006348,8462
E02006349,8003
E02006350,6377
E02006351,8371
E02006352,6146
E02006353,6114
E02006354,9619
E02006355,9757
E02006356,11456
E02006357,7211
E02006358,8974
E02006359,6129
E02006360,8127
E02006361,5659
E02006362,6903
E02006363,6054
E02006364,7703
E02006365,6260
E02006366,8022
E02006367,5969
E02006368,5679
E02006369,6258
E02006370,6339
E02006371,7323
E02006372,6411
E02006373,7512
E02006374,6951
E02006375,6773
E02006376,9227
E02006377,6168
E02006378,8849
E02006379,6969
E02006380,7095
E02006381,7255
E02006382,6864
E02006383,10115
E02006384,10919
E02006385,11324
E02006386,8378
E02006387,6788
E02006388,9327
E02006389,7370
E02006390,10508
E02006391,7749
E02006392,9169
E02006393,6944
E02006394,11826
E02006395,9753
E02006396,5964
E02006397,6334
E02006398,8654
E02006399,12270
E02006400,5685
E02006401,10711
E02006402,9937
E02006403,6738
E02006404,7759
E02006405,11430
E02006406,8954
E02006407,9310
E02006408,8851
E02006409,6778
E02006410,8513
E02006411,7190
E02006412,7742
E02006413,6471
E02006414,6236
E02006415,6986
E02006416,8383
E02006417,6083
E02006418,6536
E02006419,8250
E02006420,7745
E02006421,10337
E02006422,6205
E02006423,11208
E02006424,6495
E02006425,6442
E02006426,5542
E02006427,7229
E02006429,8212
E02006430,9517
E02006431,11571
E02006432,5671
E02006433,9491
E02006434,6630
E02006435,6115
E02006436,6213
E02006437,8388
E02006438,8351
E02006790,7717
E02006439,6237
E02006440,7195
E02006441,8428
E02006442,6415
E02006443,7502
E02006444,7178
E02006445,8435
E02006446,6978
E02006447,6748
E02006448,7387
E02006449,6954
E02006450,7164
E02006451,11792
E02006453,8388
E02006454,6763
E02006455,6143
E02006839,8519
E02006456,8022
E02006457,9332
E02006458,9225
E02006459,10655
E02006460,9321
E02006461,6788
E02006462,8342
E02006463,10661
E02006464,6810
E02006465,6215
E02006466,11307
E02006467,7265
E02006534,9095
E02006535,7362
E02006536,7500
E02006537,10534
E02006538,9261
E02006539,7294
E02006540,5724
E02006541,7774
E02006542,5736
E02006543,5598
E02006544,11615
E02006545,12166
E02006546,10968
E02006547,6911
E02006548,9755
E02006549,6248
E02006550,9610
E02006551,7955
E02006552,7382
E02006553,9663
E02006554,6618
E02006555,7695
E02006556,10593
E02006557,7768
E02006558,10725
E02006559,8181
E02006560,9705
E02006561,6705
E02006562,6160
E02006563,5752
E02006564,7990
E02006565,8162
E02006566,8233
E02006567,7684
E02006568,12300
E02006569,9625
E02006570,8907
E02006571,8515
E02006572,11486
E02006573,11628
E02006574,10923
E02006575,8946
E02006576,10713
E02006577,9091
E02006578,12582
E02006579,8352
E02006580,8396
E02006581,10355
E02006582,7848
E02006583,9481
E02006584,7840
E02006585,8314
E02006586,8037
E02006587,8533
E02006588,10410
E02006589,11343
E02006590,8783
E02006591,8272
E02006592,6678
E02006593,11286
E02006594,10941
E02006595,8958
E02006596,9363
E02006597,12394
E02006598,5454
E02006599,6890
E02006600,9866
E02006601,8956
E02006602,8716
E02006603,8468
E02006604,13280
E02006605,6365
E02006606,8350
E02006607,7960
E02006608,6334
E02006609,6889
E02006610,7869
E02006611,11479
E02006612,11827
E02006613,7751
E02006614,12852
E02006615,7061
E02006616,9842
E02006617,9134
E02006618,6456
E02006619,9079
E02006620,10039
E02006621,7693
E02006622,7889
E02006623,8088
E02006624,7331
E02006625,8051
E02006626,10187
E02006627,9605
E02006628,8942
E02006629,7811
E02006630,8906
E02006631,10186
E02006632,8245
E02006633,8406
E02002985,6789
E02002986,7036
E02002987,5771
E02002988,5575
E02002989,5548
E02002990,5857
E02002991,10998
E02002992,5731
E02002993,6032
E02002994,10557
E02002995,5787
E02002996,11773
E02002997,8330
E02002998,5979
E02002999,5641
E02003000,9572
E02003001,5543
E02003002,6328
E02003003,5923
E02003004,7384
E02003005,6772
E02003006,10003
E02003007,9594
E02003008,6149
E02003009,6216
E02003010,6543
E02003011,5980
E02003012,12095
E02003013,12667
E02003014,8507
E02003015,6865
E02003016,8046
E02003017,6309
E02003018,6221
E02003019,10248
E02003020,6479
E02003021,7488
E02003022,6247
E02003023,6678
E02003024,10014
E02003025,7721
E02003026,10256
E02003027,13214
E02003028,8769
E02003029,6690
E02003030,7929
E02003031,10477
E02003032,8446
E02003033,8785
E02003036,8681
E02003037,9140
E02003038,6940
E02003039,8796
E02003040,9861
E02003041,6209
E02003044,6135
E02003045,6924
E02003046,9994
E02003047,11125
E02003048,6831
E02003049,7922
E02003050,10185
E02003051,7584
E02003052,7223
E02003053,8640
E02003054,6904
E02003055,9130
E02003056,7690
E02003057,6218
E02003058,9862
E02003059,6734
E02003060,11085
E02003061,6266
E02003062,5966
E02003063,7280
E02003064,7408
E02006887,10108
E02006888,7278
E02006889,8230
E02006890,9168
E02006949,6689
E02006950,7548
E02006951,8536
E02006952,8021
E02003065,9782
E02003066,6141
E02003067,8183
E02003068,6386
E02003069,5678
E02003070,13360
E02003071,8032
E02003072,9249
E02003073,6291
E02003074,7693
E02003075,6198
E02003076,9845
E02003077,6328
E02003078,7362
E02003079,9287
E02003080,8660
E02003081,9391
E02003082,9038
E02003084,10670
E02003085,7866
E02003086,6127
E02003087,10810
E02003088,9045
E02003089,5962
E02006845,9636
E02006846,9709
E02003090,9440
E02003091,6721
E02003092,8755
E02003093,6679
E02003094,8899
E02003095,8612
E02003096,6302
E02003097,6504
E02003098,10030
E02003099,7629
E02003101,10662
E02003102,7163
E02003103,7183
E02003104,7531
E02003105,6406
E02003107,11295
E02003108,12709
E02003109,6219
E02003110,12403
E02003111,6680
E02003112,6541
E02003113,10478
E02003114,7245
E02003115,9713
E02003116,7769
E02003117,9414
E02003118,9901
E02003119,10345
E02003120,9201
E02003121,10118
E02007064,7920
E02007065,7860
E02007066,9163
E02007067,6935
E02003122,7305
E02003123,8727
E02003124,8304
E02003125,6029
E02003126,8417
E02003127,7532
E02003128,9179
E02003129,6411
E02003130,10530
E02003131,7287
E02003132,8870
E02003133,7129
E02003134,6937
E02003135,7076
E02003136,7730
E02003137,7865
E02003138,7541
E02003139,6692
E02003140,7813
E02003141,7958
E02003142,9206
E02003143,7324
E02003144,8492
E02003145,6674
E02003146,8603
E02003147,9182
E02003148,11316
E02003149,9331
E02003151,8365
E02003152,11334
E02003153,7440
E02006989,5350
E02006990,6746
E02003154,7279
E02003155,5877
E02003156,10631
E02003157,6846
E02003158,5758
E02003159,6025
E02003161,7758
E02003163,8122
E02003164,9028
E02003165,7322
E02003166,12958
E02003167,9852
E02003168,7147
E02003169,6601
E02003170,9473
E02003171,7358
E02006840,11286
E02003212,8368
E02003214,6859
E02003215,6696
E02003216,9926
E02003217,7386
E02003218,6565
E02003219,13043
E02003220,10269
E02003221,7295
E02003222,6017
E02003223,10893
E02003224,8530
E02003225,6434
E02003226,10665
E02003227,7011
E02003228,7778
E02003229,5664
E02003230,8728
E02003231,8546
E02003232,8572
E02003233,8738
E02003234,8462
E02003235,9358
E02003236,12793
E02006847,9908
E02006848,8569
E02006849,10334
E02003892,6647
E02003893,6607
E02003894,8268
E02003895,9518
E02003896,5941
E02003897,5387
E02003898,6723
E02003899,5281
E02003900,7094
E02003901,8286
E02003902,5284
E02003903,6192
E02003904,5005
E02003905,7157
E02003906,6402
E02003907,8469
E02003908,8458
E02003909,10739
E02003910,6968
E02003911,9116
E02003912,8174
E02003913,5938
E02003914,8476
E02003915,8286
E02003916,7064
E02003917,8347
E02003918,7217
E02003919,7370
E02003920,8260
E02003921,6286
E02003922,9036
E02003923,9524
E02003924,7367
E02003925,7270
E02003926,8332
E02003927,10745
E02003928,12172
E02003929,6903
E02003930,8910
E02003931,10596
E02003932,7505
E02003933,7003
E02003934,7199
E02003935,10248
E02003936,8329
E02003937,5274
E02003938,6776
E02003939,6811
E02003940,6376
E02003941,8921
E02003942,7987
E02003943,6882
E02003944,10298
E02003945,5899
E02003946,9470
E02003947,6533
E02003948,8359
E02003949,6562
E02003950,5395
E02003951,5813
E02003952,9735
E02003953,10828
E02003954,7632
E02003955,10077
E02003956,7746
E02003957,11098
E02003958,8203
E02003959,6932
E02003960,5687
E02003961,9603
E02003962,7259
E02003963,10040
E02003964,8015
E02006781,2053
E02006634,8569
E02006635,9128
E02006636,7094
E02006637,11023
E02006638,6368
E02006639,8418
E02006640,7317
E02006641,8242
E02006642,5669
E02006644,6814
E02006645,7879
E02006646,8238
E02006647,6105
E02006648,6285
E02006649,7668
E02006650,13999
E02006651,7282
E02006652,9709
E02006653,9851
E02006654,9585
E02006655,8178
E02006656,6706
E02006657,11116
E02006658,7954
E02006659,8364
E02006660,13531
E02006661,9964
E02006662,7302
E02006663,12997
E02006664,6392
E02006665,6750
E02006666,6868
E02006667,7623
E02006668,5889
E02006669,10388
E02006670,6905
E02006671,6156
E02006672,9500
E02006673,5038
E02006674,6048
E02006675,8044
E02006676,6163
E02006677,7944
E02006678,7814
E02006679,12444
E02006680,7603
E02006681,5945
E02006682,10406
E02006683,8044
E02006684,6865
E02006685,10155
E02006686,5427
E02006687,8118
E02006688,5551
E02006689,7016
E02006690,6997
E02006692,5588
E02006693,6471
E02006694,6117
E02006695,6434
E02007023,7841
E02007024,6955
E02007025,8617
E02007026,8867
E02003172,6499
E02003173,6836
E02003174,8328
E02003175,9431
E02003176,7494
E02003177,8452
E02003178,8755
E02003179,6451
E02003180,10118
E02003181,8839
E02003182,6575
E02003183,7347
E02003184,8098
E02003185,7600
E02003186,9436
E02003187,9518
E02003188,13199
E02003189,8501
E02003190,10376
E02003191,8370
E02003192,13187
E02003194,6332
E02003195,5924
E02003196,10289
E02003197,6837
E02003198,7550
E02003199,9471
E02003200,10404
E02003201,11161
E02003202,6116
E02003203,7603
E02003204,9291
E02003205,8459
E02003206,10044
E02003207,7432
E02003208,11430
E02003209,6781
E02003210,9807
E02003211,8540
E02004236,6223
E02004237,8143
E02004238,7483
E02004239,6240
E02004240,6109
E02004241,9470
E02004242,6467
E02006883,5721
E02006885,7458
E02004243,6448
E02004244,7689
E02004245,7487
E02004246,7902
E02004247,6080
E02004248,7403
E02004249,6027
E02004250,7792
E02004251,6326
E02004252,7987
E02004253,9801
E02004254,10374
E02004255,7315
E02004256,9186
E02004257,9158
E02004258,10439
E02004259,7156
E02004260,9024
E02004261,10359
E02004262,7889
E02004263,5834
E02004264,8649
E02004265,8498
E02004266,8330
E02004267,5057
E02004268,9426
E02004269,10361
E02004270,7796
E02004271,10043
E02004272,12206
E02004273,7173
E02004274,6415
E02004275,7665
E02004276,5553
E02004278,8817
E02004279,8023
E02004280,8375
E02004281,7666
E02004282,8848
E02004283,9066
E02004284,9524
E02004285,7705
E02004286,5032
E02004287,5574
E02004288,6196
E02004289,7361
E02007006,5756
E02007007,6786
E02004129,6081
E02004130,6171
E02004131,5491
E02004132,8894
E02004133,9813
E02004135,8360
E02004136,9495
E02004137,5325
E02004138,7688
E02004139,7004
E02004140,5272
E02004141,6259
E02004142,6390
E02004143,6344
E02004144,6864
E02004145,6106
E02004146,7541
E02004147,6974
E02004148,7776
E02007027,10871
E02007028,6110
E02004149,11065
E02004150,7096
E02004151,10072
E02004152,9733
E02004153,7487
E02004154,8295
E02004155,7459
E02004156,11622
E02004157,6349
E02004158,8064
E02004159,12769
E02004160,7213
E02004161,8300
E02004162,6937
E02004163,8251
E02004164,6803
E02004165,8876
E02004166,6780
E02004167,7164
E02004168,6252
E02004169,7579
E02004170,8808
E02004171,8523
E02004172,6500
E02004173,7492
E02004174,8077
E02004175,5146
E02004176,5566
E02004177,5891
E02004178,5255
E02004179,9207
E02004180,6513
E02004181,5728
E02004182,6272
E02004183,5847
E02004184,8562
E02004185,6699
E02004186,10159
E02004187,10753
E02004188,7016
E02004189,6132
E02004190,8707
E02004191,9030
E02004192,7705
E02004193,11904
E02004194,7382
E02004195,5260
E02004196,8103
E02004197,7233
E02004198,6285
E02004199,5762
E02004200,5122
E02004201,5487
E02004202,8695
E02004203,5743
E02004204,9823
E02004205,8591
E02004206,6673
E02004207,6721
E02004208,8331
E02004209,9234
E02004210,6602
E02004211,6597
E02004212,6170
E02004213,9156
E02004214,6084
E02004215,5827
E02004216,5556
E02004217,7790
E02004218,6125
E02004219,5590
E02004220,5981
E02004221,6370
E02004222,5738
E02004223,13021
E02004224,6447
E02004225,5801
E02004226,7305
E02004227,10184
E02004228,7269
E02004229,9954
E02004230,7710
E02004231,7087
E02004232,6904
E02004233,12672
E02004234,6224
E02004235,6543
E02004600,5561
E02004601,6147
E02004602,6733
E02004603,8096
E02004604,8314
E02004605,5869
E02004606,10439
E02004607,9545
E02004608,9913
E02004609,7153
E02004610,7577
E02004611,12197
E02004612,9340
E02004613,6387
E02004614,5566
E02004615,8698
E02004616,10008
E02004617,9511
E02004618,7269
E02004619,7192
E02004620,8409
E02004621,6129
E02004622,7509
E02004623,9264
E02004624,6583
E02004625,10261
E02004626,9967
E02004627,6376
E02004628,7908
E02004629,12961
E02004630,6587
E02004631,5103
E02004632,10854
E02004633,8325
E02004634,11303
E02004635,7621
E02004636,7865
E02004637,9329
E02004638,5905
E02004639,11551
E02004640,8614
E02004641,7382
E02004642,12101
E02004643,8243
E02004644,9145
E02004645,9063
E02004646,9220
E02004647,6173
E02004648,5681
E02004649,7314
E02004650,14831
E02004651,11162
E02004652,6674
E02004653,7799
E02004654,11501
E02004655,8069
E02004656,11348
E02004657,6731
E02004658,6284
E02004659,7127
E02004660,6675
E02004661,8521
E02004662,6567
E02004663,6496
E02004664,7463
E02004665,8690
E02004666,12084
E02004667,10664
E02004668,9107
E02004669,7498
E02004671,7132
E02004672,12351
E02004673,7768
E02004674,12252
E02007034,8215
E02007035,7820
E02006047,8758
E02006048,7182
E02006049,7214
E02006050,8795
E02006051,8473
E02006052,7747
E02006053,11148
E02006054,8317
E02006055,9085
E02006056,7790
E02006057,7640
E02006058,8792
E02006059,6933
E02006060,8215
E02006061,9365
E02006062,11059
E02006063,6910
E02006064,7780
E02006065,8877
E02006066,8514
E02006067,7133
E02006068,7869
E02006069,10576
E02006070,8826
E02006071,9577
E02006072,9364
E02006073,7827
E02006074,11665
E02006075,5344
E02006076,9088
E02006077,6237
E02006078,6277
E02006079,8366
E02006080,6923
E02006081,5766
E02006082,7085
E02006083,5602
E02006084,7463
E02006085,7744
E02006086,7726
E02006087,6012
E02006088,7865
E02006089,7215
E02006090,7200
E02006091,9965
E02006092,6478
E02006093,8765
E02006094,5415
E02006095,8370
E02006096,7349
E02006097,6940
E02006098,7470
E02006099,7167
E02006100,8220
E02006101,5756
E02006102,6901
E02006103,7988
E02006104,10737
E02006105,11305
E02006106,9929
E02006107,8396
E02006108,8667
E02006109,7973
E02006110,10520
E02006111,10655
E02006112,8289
E02006113,7437
E02006114,6384
E02006115,7552
E02006116,7971
E02006117,5595
W02000001,8404
W02000002,6364
W02000003,10630
W02000004,7399
W02000005,8161
W02000006,7039
W02000007,6894
W02000008,5952
W02000009,8032
W02000010,8615
W02000011,8377
W02000012,8209
W02000013,6425
W02000014,6742
W02000015,8515
W02000016,6359
W02000017,7576
W02000018,6081
W02000019,6660
W02000020,6483
W02000021,7753
W02000022,5551
W02000023,5284
W02000024,5679
W02000025,6128
W02000026,6956
W02000027,8420
W02000028,6708
W02000029,6000
W02000030,5882
W02000031,8172
W02000032,8387
W02000033,6957
W02000034,7667
W02000035,8896
W02000036,11288
W02000037,7196
W02000038,6209
W02000039,7841
W02000040,6596
W02000041,8521
W02000042,5862
W02000043,5246
W02000044,5302
W02000045,9568
W02000047,5566
W02000049,6658
W02000050,6378
W02000051,5301
W02000052,5004
W02000053,6319
W02000054,6132
W02000055,5699
W02000056,5186
W02000057,6237
W02000419,11361
W02000058,5131
W02000059,6577
W02000060,10752
W02000061,7630
W02000062,6106
W02000063,8104
W02000064,6120
W02000065,7275
W02000066,9845
W02000067,6829
W02000068,5193
W02000069,6261
W02000070,10627
W02000071,7039
W02000072,11669
W02000073,10148
W02000074,9853
W02000075,6439
W02000076,7322
W02000077,6043
W02000080,7875
W02000081,5957
W02000082,7674
W02000083,8689
W02000085,8923
W02000087,6861
W02000088,8678
W02000089,8612
W02000090,5704
W02000091,6200
W02000092,6726
W02000093,6553
W02000094,8899
W02000095,6387
W02000096,6460
W02000424,6682
W02000425,8345
W02000426,9895
W02000116,7362
W02000117,8971
W02000118,6459
W02000120,7075
W02000122,6330
W02000123,7674
W02000124,8672
W02000125,7446
W02000421,11486
W02000126,8222
W02000127,9628
W02000128,7238
W02000129,7227
W02000130,6707
W02000131,7205
W02000132,6979
W02000133,8277
W02000134,8332
W02000135,7350
W02000136,8303
W02000137,7448
W02000138,9657
W02000139,7722
W02000140,7280
W02000141,5786
W02000142,5568
W02000143,5579
W02000144,7607
W02000145,7087
W02000146,6525
W02000147,8469
W02000148,5288
W02000149,6451
W02000151,7409
W02000152,8653
W02000153,8670
W02000154,7837
W02000156,8420
W02000157,10109
W02000158,5888
W02000159,6192
W02000160,7653
W02000161,5195
W02000162,8212
W02000163,5336
W02000164,7435
W02000165,6587
W02000166,9164
W02000167,10309
W02000418,12255
W02000168,6514
W02000169,9133
W02000170,8679
W02000171,8447
W02000172,10251
W02000173,7898
W02000174,9638
W02000175,7351
W02000176,8947
W02000177,6997
W02000178,8914
W02000179,6479
W02000180,8012
W02000181,7407
W02000182,7526
W02000183,10216
W02000184,6773
W02000185,5028
W02000186,8836
W02000188,8076
W02000189,8243
W02000191,8780
W02000192,9124
W02000193,8817
W02000194,6537
W02000195,5788
W02000196,6278
W02000197,6045
W02000198,7256
W02000428,10502
W02000200,5127
W02000201,5284
W02000202,12453
W02000204,6602
W02000205,5730
W02000206,6604
W02000207,5249
W02000208,12714
W02000210,6182
W02000211,7821
W02000212,7738
W02000213,6751
W02000214,9657
W02000215,9464
W02000216,7192
W02000217,6397
W02000417,10178
W02000427,11145
W02000218,6665
W02000219,7174
W02000220,7981
W02000221,7688
W02000222,6174
W02000223,6005
W02000224,6499
W02000225,8880
W02000226,10011
W02000227,7400
W02000228,12163
W02000229,6127
W02000230,5678
W02000231,8318
W02000232,5748
W02000233,6207
W02000234,10640
W02000235,9174
W02000236,6958
W02000237,6138
W02000238,6556
W02000239,8010
W02000240,8997
W02000241,10174
W02000242,8216
W02000243,9352
W02000244,10162
W02000245,8278
W02000246,5301
W02000247,8679
W02000248,10633
W02000249,8766
W02000250,11638
W02000251,11039
W02000367,6096
W02000368,5700
W02000369,9795
W02000370,6549
W02000371,9102
W02000372,8286
W02000373,6996
W02000374,5892
W02000375,7315
W02000376,6658
W02000377,7784
W02000378,7489
W02000379,6468
W02000380,7901
W02000381,6530
W02000382,5972
W02000383,7499
W02000384,5697
W02000385,6883
W02000386,7587
W02000387,5906
W02000388,5799
W02000389,8425
W02000390,6238
W02000391,9415
W02000392,8776
W02000393,6641
W02000394,9568
W02000395,6673
W02000396,7516
W02000397,6425
W02000398,12253
W02000399,10761
W02000400,6295
W02000401,5937
W02000402,11609
W02000403,7790
W02000404,6352
W02000405,7810
W02000406,10201
W02000407,6643
W02000408,7459
W02000409,6074
W02000410,8652
W02000411,6599
W02000412,6874
W02000422,7388
W02000423,10031
W02000252,9177
W02000253,6765
W02000254,7949
W02000255,6909
W02000256,10012
W02000257,7249
W02000258,5705
W02000259,5751
W02000260,5695
W02000261,7648
W02000262,5300
W02000263,6375
W02000264,5728
W02000265,9192
W02000266,7495
W02000267,6337
W02000268,8921
W02000269,8197
W02000270,6592
W02000271,5450
W02000272,9919
W02000273,10431
W02000274,10173
W02000275,6053
W02000276,6506
W02000277,6942
W02000278,8945
W02000279,7738
W02000280,9575
W02000281,7462
W02000282,11459
W02000290,8545
W02000291,7087
W02000292,5823
W02000293,6040
W02000294,5601
W02000295,9520
W02000296,7393
W02000297,7488
W02000298,7145
W02000299,6237
W02000300,8381
W02000301,7931
W02000302,9958
W02000303,7111
W02000304,5499
W02000305,6143
W02000306,5085
W02000307,6508
W02000308,8772
W02000309,6767
W02000310,5289
W02000311,9773
W02000312,7231
W02000313,10624
W02000314,6622
W02000315,5248
W02000316,6660
W02000317,7786
W02000318,9097
W02000319,8078
W02000320,8131
W02000321,8611
W02000322,6665
W02000323,6019
W02000324,7042
W02000325,7342
W02000326,8870
W02000327,5895
W02000328,7482
W02000329,8067
W02000330,7079
W02000331,6474
W02000332,7649
W02000333,6241
W02000334,6585
W02000335,7534
W02000336,8480
W02000337,7641
W02000338,8520
W02000339,11049
W02000340,7140
W02000341,8313
W02000342,9360
W02000343,8172
W02000344,8510
W02000345,8035
W02000346,7738
W02000347,7971
W02000348,7605
W02000349,8295
W02000350,9960
W02000351,6271
W02000352,6794
W02000353,7218
W02000354,5794
W02000355,10238
W02000356,5269
W02000357,8282
W02000358,6485
W02000359,11804
W02000360,6784
W02000361,11763
W02000362,6982
W02000363,5781
W02000364,9290
W02000365,8574
W02000366,8433
W02000097,9309
W02000098,6261
W02000099,6637
W02000100,6210
W02000101,5534
W02000102,6151
W02000103,5790
W02000104,6197
W02000105,5166
W02000106,6491
W02000107,9778
W02000108,7212
W02000109,5598
W02000110,6840
W02000111,8461
W02000113,8256
W02000114,6942
W02000414,5987
W02000416,10349
W02000284,9358
W02000285,8331
W02000286,6737
W02000287,8293
W02000288,8083
W02000289,8681
W02000415,9358
