msoa21,income
E02002483,50689
E02002484,32399
E02002485,38135
E02002489,34225
E02002490,37845
E02002491,38139
E02002492,41049
E02002493,50394
E02002494,33764
E02006909,52774
E02007059,42105
E02002496,33579
E02002497,33520
E02002498,29830
E02002499,37121
E02002500,45021
E02002501,41313
E02002502,33569
E02002503,43272
E02002504,49001
E02002505,36110
E02002506,36362
E02002507,57525
E02002508,50247
E02002509,43997
E02002510,50212
E02002512,58461
E02002513,43456
E02002514,42668
E02006811,59175
E02002515,33036
E02002516,43500
E02002517,38359
E02002518,52278
E02002519,37951
E02002520,46793
E02002521,43053
E02002523,34602
E02002524,43132
E02002525,37669
E02002526,45855
E02002527,37043
E02002529,46308
E02002530,38063
E02002532,41830
E02002533,57639
E02002534,57005
E02006812,41644
E02006910,41313
E02002535,53427
E02002536,43518
E02002537,40087
E02002538,44318
E02002539,62688
E02002540,56650
E02002541,44122
E02002542,37791
E02002543,44341
E02002544,36950
E02002545,44404
E02002546,43691
E02002547,50238
E02002549,51384
E02002550,51631
E02002551,36355
E02002552,44272
E02002553,44803
E02002554,34479
E02002555,57710
E02002556,61911
E02002558,61527
E02007060,35247
E02007061,44373
E02007062,70215
E02007063,78107
E02002559,61793
E02002560,48585
E02002561,47178
E02002562,36264
E02002563,38160
E02002564,43519
E02002567,41273
E02002568,56831
E02002569,53897
E02002570,35968
E02002571,39583
E02002572,44350
E02002573,55492
E02007058,40072
E02004290,52619
E02004291,40641
E02004292,50220
E02004293,37554
E02004294,53884
E02004295,50043
E02004296,42973
E02004297,47712
E02004298,50708
E02004299,41622
E02004300,36967
E02004301,37685
E02004302,36750
E02004303,39182
E02004304,40388
E02004305,44902
E02004306,48649
E02004307,42858
E02004308,56300
E02004309,48683
E02004310,45630
E02004311,42783
E02004312,50604
E02004313,37322
E02004314,52401
E02004315,69424
E02004316,41601
E02004317,38396
E02004318,47723
E02004319,42170
E02004320,47505
E02004321,38341
E02004322,34388
E02004323,42739
E02004324,41883
E02004325,34528
E02004326,38308
E02004327,29696
E02004328,38652
E02004329,43524
E02004330,35150
E02004331,37848
E02004332,40969
E02004333,42553
E02004334,38952
E02004335,39437
E02004336,31483
E02004337,43498
E02004338,37821
E02004339,53536
E02004340,35272
E02004341,51502
E02004342,36532
E02004343,37196
E02004344,39440
E02004345,41400
E02004348,42936
E02004349,38085
E02004350,39166
E02004351,34152
E02004352,38186
E02004353,43413
E02004354,43885
E02004355,33191
E02007022,44041
E02005702,52296
E02005703,43351
E02005704,46161
E02005705,49732
E02005706,37549
E02005707,43982
E02005708,39346
E02005709,34831
E02005710,39867
E02005711,35425
E02005712,50630
E02005713,50547
E02005715,43745
E02005717,43796
E02005718,46700
E02005719,43925
E02005720,41423
E02005721,50617
E02005722,59073
E02005723,42417
E02005724,69431
E02005725,63556
E02005726,66966
E02005727,44258
E02005728,41979
E02005729,57298
E02005730,48992
E02005731,45546
E02005733,48051
E02005734,35113
E02005735,36329
E02005736,42301
E02005739,40704
E02005740,36002
E02005741,48191
E02007105,45710
E02007106,57344
E02007107,54611
E02001709,68594
E02001710,40840
E02001711,42316
E02001712,62908
E02001713,66466
E02001714,66545
E02001715,43988
E02001718,39133
E02001719,54817
E02001720,63024
E02001721,40498
E02001722,42230
E02001723,43856
E02001724,56611
E02001725,42321
E02001726,42718
E02001727,41541
E02001728,42131
E02001729,44116
E02001732,42029
E02001734,37859
E02001735,32621
E02001737,33661
E02006893,44691
E02007095,58070
E02007096,55939
E02007097,48814
E02007098,35963
E02007099,47448
E02007100,44677
E02007101,38440
E02007102,40125
E02007103,35991
E02007104,31948
E02001738,68351
E02001739,41651
E02001740,71768
E02001741,50936
E02001742,59268
E02001743,58981
E02001744,55342
E02001745,46093
E02001746,52727
E02001747,53777
E02001748,51148
E02001749,45978
E02001750,60396
E02001751,47329
E02001752,40779
E02001753,51689
E02001754,55014
E02001755,58001
E02001756,41714
E02001757,43888
E02001758,47260
E02001759,41974
E02001760,38306
E02001761,40217
E02001762,47296
E02001763,38343
E02001764,39028
E02001765,39134
E02001766,43549
E02001767,36878
E02001768,40552
E02001769,31984
E02001770,44702
E02001771,44594
E02001772,41894
E02001773,53775
E02001774,36947
E02001775,39556
E02001776,40894
E02001777,46364
E02001778,37369
E02001779,35496
E02001780,45735
E02001781,36702
E02001782,44209
E02001783,37850
E02001784,41250
E02001785,44845
E02001786,39748
E02001787,41410
E02001788,42183
E02001789,61086
E02001790,56842
E02001791,55642
E02001792,49714
E02001793,34493
E02001794,33769
E02001795,36196
E02001796,39037
E02001797,50224
E02001798,34741
E02001799,34421
E02001800,42500
E02001801,39202
E02001802,38031
E02001803,36286
E02001804,39236
E02001805,44535
E02001806,31493
E02001807,47765
E02001808,47865
E02001809,45284
E02001810,45771
E02001811,36579
E02001812,56830
E02001813,36091
E02001814,42697
E02001815,52095
E02001816,34581
E02001817,40634
E02001818,43920
E02001819,48117
E02001820,47803
E02001821,46460
E02001822,47962
E02001823,43045
E02001824,42785
E02001825,36612
E02001826,41194
E02001682,51497
E02001683,47736
E02001684,38635
E02001685,36950
E02001686,43690
E02001688,40958
E02001689,38098
E02001690,48817
E02001691,45511
E02001692,37751
E02001693,35067
E02001694,43207
E02001695,49929
E02001696,41733
E02001697,51004
E02001698,54356
E02001699,38473
E02001700,47997
E02001701,54694
E02001702,34498
E02001703,50521
E02001704,36800
E02001706,44796
E02001707,43194
E02006841,45292
E02006842,44403
E02007094,42396
E02002574,55354
E02002575,61376
E02002576,38826
E02002577,36239
E02002578,45783
E02002579,36019
E02002580,33004
E02002581,43351
E02002582,60948
E02002583,35550
E02002584,43241
E02002585,42555
E02002586,34735
E02002587,40821
E02002588,33407
E02002589,50194
E02002590,62502
E02002591,52717
E02002592,49073
E02002593,49542
E02002594,45695
E02002595,39965
E02002596,49024
E02002597,38863
E02002598,70777
E02002599,60338
E02002600,40341
E02002601,49351
E02002602,40298
E02002603,48948
E02002604,54057
E02002605,50274
E02002606,38050
E02002607,40790
E02002608,48168
E02002609,43240
E02002610,65049
E02002611,62463
E02002612,55971
E02002613,71148
E02002614,74979
E02002615,46827
E02002616,55927
E02002617,39528
E02002618,43034
E02002619,38468
E02002620,33545
E02002621,36955
E02002622,35715
E02002623,34038
E02002624,50755
E02002625,43236
E02002626,39569
E02002627,53567
E02002628,40817
E02002629,37095
E02002630,38368
E02002631,46578
E02002632,61292
E02002633,36566
E02002634,35795
E02002635,38375
E02002636,36626
E02002637,41748
E02002638,27953
E02002639,30429
E02002640,31257
E02002641,42039
E02002642,27072
E02002643,34640
E02002644,40149
E02002645,27513
E02002646,31626
E02002647,32775
E02002648,35198
E02002649,35543
E02002650,39316
E02002651,37619
E02003811,62767
E02003812,58666
E02003813,47547
E02003814,52578
E02003815,47005
E02003816,47546
E02003817,54076
E02003818,57109
E02003819,51527
E02003820,62361
E02003821,48340
E02003822,48956
E02003823,49293
E02003824,58601
E02003825,58727
E02003826,42774
E02003827,37210
E02003828,43238
E02003829,38490
E02003830,36680
E02003831,57424
E02003832,40517
E02003833,47974
E02003834,41638
E02003835,55296
E02003836,42354
E02003838,50500
E02003839,47411
E02003840,54644
E02003853,55147
E02003854,56265
E02003855,56811
E02003856,49538
E02003857,61527
E02003858,68819
E02003859,55863
E02003860,70432
E02003861,51849
E02003862,67805
E02003863,65243
E02003864,59499
E02003865,56101
E02003866,68300
E02003867,60222
E02003868,48332
E02003869,52524
E02003870,44274
E02003871,43991
E02003872,54583
E02003873,44412
E02007030,55667
E02007031,69008
E02003794,57926
E02003795,57428
E02003796,48122
E02003797,58560
E02003798,37897
E02003799,39977
E02003800,62878
E02003801,54830
E02003802,43422
E02003803,46872
E02003804,47734
E02003805,62996
E02003806,66205
E02003807,61432
E02003808,49862
E02003809,59617
E02003810,54750
E02003841,52302
E02003842,60062
E02003843,43356
E02003844,50327
E02003845,39527
E02003846,39719
E02003847,55681
E02003848,42718
E02003849,38633
E02003850,45313
E02003851,57089
E02003852,53369
E02003874,53897
E02003875,54244
E02003876,49413
E02003877,58549
E02003878,48745
E02003879,50703
E02003880,43837
E02003881,43746
E02003882,45025
E02003883,63430
E02003884,62264
E02003885,55350
E02003886,43565
E02003887,50524
E02003888,36279
E02003889,41403
E02003890,46312
E02003891,56756
E02003965,36965
E02003966,46625
E02003967,41361
E02003968,38977
E02003969,34460
E02003970,47358
E02003971,48986
E02003972,39653
E02003973,34834
E02003974,40656
E02003975,47449
E02003976,39027
E02003977,47566
E02003978,42062
E02003979,48357
E02003980,32777
E02003981,46127
E02003982,50635
E02003983,33472
E02003984,29694
E02003985,37868
E02003986,39117
E02003987,37048
E02003988,43335
E02003989,46790
E02003990,47067
E02003991,43944
E02003992,37332
E02003993,49325
E02003994,35442
E02003995,35113
E02003996,38103
E02003997,34345
E02003998,33575
E02003999,45594
E02004000,44439
E02004001,39319
E02004002,51514
E02004003,44537
E02004004,41696
E02004005,46125
E02004006,50845
E02004007,38444
E02004008,44151
E02004009,49812
E02004010,37800
E02004011,45191
E02004012,47154
E02004013,42819
E02004014,42631
E02004015,39410
E02004016,45195
E02004017,43072
E02004018,43060
E02004019,46032
E02004020,46536
E02004021,43192
E02004022,44193
E02004023,45471
E02004024,54372
E02004025,47978
E02004026,44685
E02004027,41711
E02004028,50074
E02005176,44503
E02005177,36751
E02005178,34692
E02005179,37572
E02005180,47426
E02005181,38741
E02005182,33111
E02005183,39767
E02005184,45781
E02005185,35287
E02005186,45547
E02006881,42613
E02005189,42093
E02005190,56552
E02005191,57414
E02005192,60599
E02005193,54927
E02005194,42137
E02005195,47854
E02005196,51786
E02005197,39109
E02005198,43758
E02005199,50789
E02005200,45836
E02005201,44946
E02005202,49109
E02005203,50717
E02005204,47933
E02005205,49954
E02005206,42837
E02005207,48298
E02005208,38406
E02005209,46072
E02005210,48395
E02005211,50335
E02005212,37583
E02005213,42394
E02005214,41787
E02005215,36818
E02005216,37601
E02005217,34847
E02005218,36333
E02005219,43179
E02005220,41356
E02005221,45443
E02005222,50017
E02005223,46609
E02005224,34583
E02005225,50434
E02005226,31874
E02005228,37083
E02005229,32746
E02005230,33698
E02005231,37385
E02005233,51257
E02005234,45469
E02005235,45750
E02005236,44477
E02005237,52289
E02005238,49409
E02005239,52587
E02006871,42829
E02005240,44012
E02005241,39637
E02005242,44104
E02005245,45474
E02005246,36315
E02005247,49507
E02005248,34315
E02005249,34087
E02005250,38942
E02005251,42822
E02005252,41790
E02007003,39089
E02005253,60691
E02005254,67663
E02005255,55181
E02005256,57138
E02005257,34990
E02005258,54051
E02005259,40424
E02005260,50765
E02005261,37887
E02005262,55862
E02005263,40277
E02005264,40029
E02005265,43002
E02005266,34881
E02005267,34498
E02005268,39465
E02005269,37224
E02005270,51058
E02005271,47785
E02005272,43145
E02005273,52430
E02005274,59095
E02005275,47871
E02005276,56702
E02005277,56272
E02005278,53480
E02005279,41620
E02005280,44058
E02005281,45351
E02005284,52090
E02005285,54106
E02005286,42280
E02006884,38638
E02005287,60839
E02005288,50611
E02005289,58616
E02005290,51913
E02005291,47614
E02005292,41587
E02005293,39410
E02005294,49004
E02005295,46944
E02005296,56038
E02005297,52260
E02005298,50652
E02005299,45508
E02005300,49847
E02005301,42207
E02005302,55495
E02005303,39740
E02005304,52007
E02005305,44201
E02005306,45922
E02005307,48129
E02005308,58497
E02005309,53562
E02005310,45980
E02005311,50022
E02005312,49517
E02005313,35793
E02005314,39387
E02005315,58433
E02005316,39203
E02005317,35254
E02005318,50235
E02005319,32528
E02005320,41627
E02005321,32228
E02005322,33541
E02005323,40742
E02005324,54101
E02005325,44436
E02005326,34440
E02005327,48734
E02005328,41377
E02005329,40265
E02005330,43684
E02005331,46601
E02005332,47026
E02000984,56081
E02000985,53227
E02000986,48378
E02000987,36853
E02000988,38763
E02000989,48708
E02000990,51060
E02000991,49066
E02000992,46418
E02000993,39508
E02000994,32085
E02000995,46523
E02000996,36004
E02000997,49497
E02000998,35968
E02000999,28843
E02001000,34167
E02001001,51780
E02001002,42772
E02001003,59060
E02001004,31238
E02001005,37340
E02001006,39484
E02001007,41267
E02001008,38295
E02001009,38931
E02001010,38390
E02001011,51268
E02001012,42487
E02001013,52780
E02001014,40731
E02001015,32360
E02001016,39304
E02001017,46461
E02001018,56889
E02001019,50214
E02001020,61024
E02001021,61110
E02001022,43765
E02001023,54784
E02001024,51927
E02001025,39226
E02001026,37135
E02001027,43152
E02001028,52427
E02001029,40626
E02001030,54684
E02001031,41686
E02001032,43942
E02001033,45980
E02001034,33223
E02001035,52424
E02001036,49193
E02001037,54071
E02001038,41834
E02001039,43932
E02001040,49171
E02001041,49528
E02001042,50986
E02001043,49973
E02001044,64370
E02001045,38309
E02001046,40847
E02001047,37288
E02001048,42629
E02001049,42552
E02001050,36021
E02001051,40486
E02001052,39674
E02001053,35891
E02001055,34972
E02001056,34850
E02001059,38652
E02001061,37787
E02001062,38490
E02001063,42629
E02001064,37670
E02001065,38172
E02001066,37916
E02001067,39069
E02001068,35103
E02001069,41975
E02001070,40387
E02001072,43364
E02001073,54021
E02001074,42961
E02001075,42255
E02001076,48235
E02001077,57139
E02001078,47695
E02001079,41102
E02001080,46148
E02001081,58477
E02001082,55598
E02001083,61471
E02001084,56713
E02001085,40354
E02001086,51609
E02001087,58938
E02001088,41926
E02001089,58940
E02001090,47469
E02001091,45430
E02001092,40836
E02001093,42300
E02001094,35805
E02001095,40492
E02001096,40993
E02001097,36401
E02006902,60904
E02006912,46217
E02006913,41653
E02006914,56167
E02006915,39706
E02006916,44555
E02006917,66862
E02006983,39413
E02006984,43791
E02006985,37495
E02006986,45813
E02001098,41801
E02001099,39188
E02001100,45796
E02001101,44951
E02001102,48917
E02001103,54575
E02001104,50353
E02001105,40975
E02001106,39451
E02001107,50201
E02001108,37098
E02001109,35879
E02001110,54304
E02001111,32655
E02001112,51364
E02001113,37493
E02001114,38957
E02001115,43855
E02001116,40995
E02001117,56614
E02001118,51171
E02001119,37030
E02001121,35668
E02001123,39526
E02001124,34943
E02001125,43308
E02001126,36502
E02001127,40778
E02001128,39749
E02001129,38423
E02001130,44229
E02001131,44700
E02007000,37020
E02007001,41440
E02001132,42018
E02001133,52094
E02001134,49007
E02001135,36535
E02001136,43451
E02001137,52982
E02001138,54429
E02001139,36710
E02001140,41239
E02001141,33623
E02001142,52915
E02001143,39360
E02001144,41624
E02001145,46283
E02001146,35620
E02001147,44535
E02001148,38819
E02001149,33474
E02001150,40769
E02001151,46370
E02001152,39714
E02001153,36593
E02001154,39189
E02001155,37497
E02001156,50205
E02001157,36343
E02001158,32570
E02001159,47464
E02001160,42584
E02001161,40138
E02001162,38821
E02001163,49470
E02001164,44161
E02001165,44435
E02001166,56128
E02001167,46661
E02001168,44851
E02001169,59646
E02001170,56721
E02001171,51292
E02001173,35029
E02001174,47263
E02001175,45515
E02001176,42825
E02001177,42778
E02001179,38335
E02001180,31495
E02001181,34935
E02001182,36504
E02001183,40445
E02001185,43086
E02001186,43960
E02006957,45490
E02006958,43732
E02006959,49674
E02006960,44962
E02006961,37636
E02006962,42022
E02006963,59718
E02001187,44576
E02001188,42231
E02001189,47959
E02001190,34205
E02001191,47224
E02001192,53846
E02001193,41311
E02001194,61653
E02001195,49395
E02001196,48591
E02001197,58361
E02001198,40199
E02001199,55715
E02001200,33026
E02001201,45462
E02001202,42354
E02001203,67917
E02001204,49071
E02001205,41021
E02001206,51410
E02001207,53231
E02001208,46278
E02001209,49683
E02001210,41435
E02001211,64830
E02001212,40725
E02001213,53376
E02001214,52886
E02001215,50490
E02001216,57510
E02001217,42897
E02001218,66136
E02001219,64779
E02001220,55661
E02001221,59587
E02001222,54289
E02001223,65277
E02001224,51658
E02001225,62585
E02001226,56450
E02001227,68921
E02001228,71647
E02001229,46121
E02001230,44788
E02001231,51088
E02001232,39299
E02001233,36321
E02001234,37990
E02001235,42788
E02001236,37046
E02001237,46066
E02001238,43687
E02001239,43929
E02001240,42269
E02001241,31419
E02001242,50179
E02001243,48037
E02001244,46475
E02001245,38620
E02001246,36374
E02001247,38589
E02001248,39137
E02001249,37980
E02001250,50556
E02001251,46925
E02001252,47523
E02001253,43883
E02001254,41317
E02001255,37923
E02001256,36945
E02001257,37700
E02001258,48065
E02001259,40005
E02001260,55650
E02001261,49221
E02001262,45073
E02001263,55144
E02001264,56027
E02001265,51126
E02001266,45720
E02001267,43361
E02001268,53913
E02001269,46388
E02001270,54512
E02001271,47838
E02001272,59539
E02001273,55002
E02001274,61983
E02001275,40214
E02001276,51537
E02001277,48202
E02001278,64855
E02001279,72641
E02001280,48946
E02001281,61859
E02001282,57755
E02001283,61796
E02001284,79191
E02001285,65204
E02001286,68359
E02001287,54401
E02001288,54776
E02001289,50669
E02001290,46423
E02001291,39795
E02001292,46424
E02001293,44310
E02001294,42819
E02001295,29877
E02001296,32392
E02001297,39319
E02001298,35211
E02001299,39711
E02001300,36606
E02001301,37469
E02001302,39634
E02001303,36882
E02001304,48257
E02001305,41424
E02001306,41738
E02001307,54430
E02001308,41920
E02001309,39002
E02001310,39406
E02001311,42207
E02001312,41425
E02001313,36995
E02001314,53608
E02001315,52106
E02001316,34390
E02001317,43604
E02001318,41674
E02001319,36675
E02001320,39015
E02001321,45156
E02001322,42731
E02001323,44832
E02001324,40547
E02001325,51625
E02001326,47897
E02001327,37960
E02001328,43133
E02001329,33946
E02001330,34719
E02001331,36133
E02001332,34581
E02001333,37607
E02001334,33955
E02001335,47621
E02001336,31788
E02001337,41894
E02001338,39963
E02001339,37124
E02001340,48305
E02001341,35670
E02001342,51347
E02001343,51865
E02001344,40754
E02001345,46520
E02001346,38647
E02001347,43003
E02001348,42496
E02001349,43295
E02001350,37608
E02001351,36328
E02001352,37439
E02001353,51160
E02001354,37402
E02001355,36840
E02001356,44425
E02001357,37005
E02001358,32244
E02001359,45617
E02001360,31938
E02001361,36209
E02001362,43394
E02001363,36437
E02001364,33244
E02001365,35318
E02001366,39855
E02001367,50940
E02001368,32280
E02001369,32468
E02001370,31910
E02001371,37851
E02001372,37853
E02001373,37768
E02001374,35563
E02001375,37546
E02001376,37558
E02001377,36476
E02001378,38673
E02001380,55395
E02001381,37439
E02001382,58247
E02001383,39628
E02001384,41733
E02001385,33549
E02001386,35047
E02001387,61467
E02001388,52796
E02001389,40358
E02001390,33417
E02001391,36642
E02001392,53547
E02001393,65091
E02001394,45523
E02001395,52656
E02001396,42565
E02001397,41054
E02001398,42816
E02001399,58470
E02001400,47436
E02001401,47893
E02001402,59370
E02001403,40244
E02001404,38620
E02001405,34018
E02006932,56113
E02006933,50300
E02006934,61926
E02001406,49921
E02001407,43094
E02001408,47050
E02001409,38092
E02001410,40785
E02001411,41394
E02001412,43522
E02001413,39595
E02001414,50013
E02001415,45627
E02001416,33235
E02001417,32520
E02001418,41499
E02001419,32702
E02001420,49545
E02001421,38529
E02001422,36572
E02001423,53390
E02001425,39713
E02001426,43043
E02001427,37577
E02001428,51934
E02006935,34310
E02006936,50432
E02001429,41819
E02001430,52502
E02001431,37142
E02001432,28028
E02001433,45032
E02001434,48220
E02001435,42219
E02001436,46323
E02001437,46697
E02001438,50954
E02001439,46488
E02001440,54524
E02001441,60331
E02001442,51109
E02001443,60635
E02001444,55452
E02001445,49484
E02001446,51392
E02001447,49064
E02001448,52675
E02001449,51084
E02001450,55763
E02001451,37317
E02001452,34780
E02001453,54715
E02001454,48409
E02001455,47787
E02001456,51871
E02001457,38822
E02001458,45647
E02001459,42985
E02001460,36906
E02001461,47403
E02001462,35321
E02001463,39091
E02001464,32442
E02001465,29819
E02001466,38551
E02001467,39822
E02001468,43576
E02001469,45665
E02001470,55008
E02001471,37040
E02001472,49114
E02001473,41753
E02001474,33204
E02001475,35854
E02001476,36949
E02001477,34328
E02001478,39117
E02001479,55889
E02001480,53081
E02001481,48156
E02001482,28606
E02001483,44011
E02001484,47887
E02001485,39584
E02001486,38738
E02001487,35133
E02001488,42736
E02001489,56152
E02001490,49324
E02001491,36767
E02001492,50241
E02001493,31769
E02001494,64199
E02001495,40731
E02001496,53144
E02001497,39883
E02001498,54789
E02001499,49125
E02001500,50494
E02001501,58097
E02001502,49995
E02001503,46795
E02001504,52084
E02001505,47436
E02001506,69765
E02001507,52021
E02001508,46115
E02002653,33894
E02002654,35730
E02002655,35823
E02002656,38597
E02002657,40667
E02002658,44336
E02002659,35500
E02002660,37149
E02002661,41342
E02002662,38262
E02002663,48449
E02002664,52854
E02002665,52406
E02002666,35034
E02002667,40778
E02002668,31186
E02002669,49441
E02002670,36204
E02002671,41621
E02002672,37786
E02002673,38151
E02002674,40610
E02002675,30121
E02002676,41860
E02002677,38705
E02002678,40065
E02002679,44434
E02002680,32653
E02002681,32913
E02002682,37295
E02006813,39044
E02007079,42830
E02007080,72120
E02002684,34234
E02002685,36042
E02002686,30034
E02002687,31393
E02002688,32894
E02002689,43687
E02002691,49060
E02002692,60364
E02002693,42504
E02002694,51588
E02002695,37502
E02002696,61470
E02002697,51311
E02002698,51374
E02002699,62684
E02002700,37171
E02002701,53573
E02002702,48134
E02002703,59856
E02002704,44501
E02002705,56056
E02002706,53938
E02002707,61591
E02002708,43840
E02002709,47125
E02002710,54444
E02002711,57624
E02002712,42546
E02002714,46731
E02002715,62797
E02002716,48570
E02002717,47057
E02002718,75077
E02002719,58099
E02002720,49611
E02002721,46152
E02002722,36388
E02002723,39167
E02002724,38695
E02002725,50941
E02006814,47608
E02006891,49892
E02006892,37832
E02002726,40560
E02002727,25413
E02002728,33998
E02002729,40343
E02002730,36116
E02002731,35500
E02002732,53251
E02002733,39879
E02002734,35491
E02002736,34897
E02002737,42484
E02002738,43001
E02002739,38657
E02002740,36497
E02002741,47700
E02002743,35990
E02002744,33351
E02002745,42706
E02002746,49018
E02002747,51150
E02002748,50288
E02007081,44921
E02002749,44938
E02002750,47768
E02002751,49596
E02002752,45390
E02002753,38538
E02002754,46165
E02002755,37438
E02002756,35535
E02002757,49031
E02002758,41974
E02002759,45000
E02002760,44991
E02002761,46144
E02002762,40055
E02002763,41694
E02002764,42509
E02002765,40209
E02002766,49444
E02002767,45844
E02002768,53875
E02002769,50282
E02002770,48044
E02002771,49601
E02002772,65229
E02002773,52143
E02002774,58741
E02002775,46283
E02002776,44886
E02002777,61102
E02002778,52276
E02002779,54223
E02002780,44105
E02002781,46312
E02002782,66062
E02002783,52511
E02002784,47869
E02002785,52827
E02002786,47176
E02002787,45682
E02002788,55158
E02002789,44571
E02002790,53756
E02002791,62382
E02002792,69399
E02002793,50303
E02002794,63047
E02002795,58528
E02005742,45430
E02005744,48014
E02005746,50526
E02005747,47422
E02005748,55258
E02005749,50817
E02007041,51791
E02005750,49905
E02005751,59805
E02005752,55479
E02005754,55880
E02005755,51113
E02005756,58800
E02005757,50381
E02005758,52940
E02005759,51570
E02005760,62144
E02007042,51604
E02007043,44364
E02005761,50483
E02005762,57885
E02005763,56699
E02005764,45415
E02005765,53351
E02005766,59016
E02005767,66857
E02005768,71733
E02005769,48288
E02005770,51086
E02005771,51008
E02005772,69085
E02005773,45295
E02005774,49333
E02005775,52421
E02005776,66035
E02005777,64367
E02005778,58520
E02005779,61071
E02005780,74335
E02005781,70539
E02005782,58085
E02005783,49317
E02005784,52479
E02005785,56102
E02005786,46500
E02005787,46008
E02005788,49316
E02005789,42084
E02005790,46491
E02005791,45540
E02005794,52954
E02007044,40975
E02007045,46755
E02005795,36989
E02005796,43734
E02005797,38374
E02005798,45275
E02005799,44863
E02005800,31666
E02005801,38903
E02005802,39858
E02005803,40895
E02005804,32912
E02005805,40690
E02005806,41840
E02005807,45932
E02005808,35180
E02005809,48471
E02005810,60541
E02005811,57997
E02005812,53923
E02005813,39860
E02005814,49739
E02005815,53676
E02005816,52614
E02005817,51833
E02005818,54706
E02001509,45042
E02001510,40643
E02001511,37100
E02001512,44426
E02001513,47549
E02001514,39207
E02001515,35139
E02001516,41614
E02001517,41815
E02001518,41621
E02001519,42053
E02001520,48732
E02001521,39910
E02001522,35132
E02001523,44056
E02001524,56424
E02001525,32979
E02001526,34975
E02001527,44846
E02001528,40714
E02001529,37144
E02001530,38340
E02001531,37313
E02001532,54801
E02001533,41286
E02001534,43564
E02001535,52774
E02001536,43184
E02001537,44672
E02001538,40775
E02001539,38840
E02001540,42218
E02001541,38121
E02001542,38033
E02001543,39982
E02001544,41100
E02001545,47011
E02001546,43082
E02001547,41597
E02001548,35854
E02001549,48178
E02001550,42374
E02001551,40031
E02001552,41099
E02001553,40729
E02001554,49004
E02001555,41930
E02001556,41790
E02001557,43207
E02001558,47152
E02001559,54415
E02001560,33760
E02001561,33539
E02001562,41032
E02001563,54490
E02001564,53598
E02001565,59696
E02001566,45463
E02001567,37529
E02001568,37881
E02001569,36398
E02001570,34758
E02001571,46616
E02001572,39338
E02001573,39459
E02001574,48479
E02001575,39288
E02001576,58913
E02001577,49580
E02001578,48781
E02001579,44293
E02001580,40923
E02001581,45818
E02001582,46980
E02001583,41398
E02001584,54783
E02001585,36399
E02001586,34295
E02001587,35846
E02001588,39961
E02001589,50222
E02001590,34547
E02001591,37457
E02001592,43806
E02001593,36198
E02001594,38007
E02001595,49112
E02001596,44972
E02001597,38936
E02001598,46975
E02001600,51606
E02001602,44440
E02001603,48053
E02001604,55518
E02001605,47321
E02001606,45535
E02001607,46618
E02001608,50511
E02001609,50710
E02001610,49612
E02007002,50821
E02001611,43849
E02001612,51314
E02001613,46561
E02001614,51018
E02001615,49432
E02001616,40398
E02001617,41774
E02001618,57557
E02001619,38997
E02001620,37794
E02001621,39044
E02001622,39150
E02001623,37698
E02001624,41829
E02001625,37971
E02001626,53468
E02001627,44831
E02001628,37844
E02001629,35331
E02001630,38324
E02001631,47722
E02001632,40952
E02001633,53303
E02001634,48584
E02001635,43486
E02001636,37047
E02001637,35888
E02001638,58117
E02001639,51728
E02001640,51800
E02001642,44157
E02001643,65363
E02001646,63281
E02001647,45167
E02001648,78683
E02001649,37706
E02001650,48726
E02001651,78503
E02001652,44282
E02001653,36083
E02001654,47139
E02001655,40478
E02001656,63993
E02001657,75750
E02001658,34224
E02001659,38101
E02001660,57245
E02001661,40219
E02001662,40316
E02001663,56945
E02001664,46884
E02001665,76432
E02001666,45177
E02001669,50902
E02001670,37844
E02001671,46103
E02001672,44838
E02001673,58259
E02001674,51248
E02001675,38826
E02001676,60344
E02001678,66258
E02001679,42655
E02001680,34388
E02001681,62390
E02006803,53636
E02006843,59831
E02006844,47471
E02006868,38546
E02006869,42729
E02002183,50667
E02002184,59527
E02002185,63327
E02002187,68617
E02002188,56901
E02002189,45458
E02002190,38845
E02002191,38485
E02002192,61754
E02002193,34371
E02002194,40735
E02002195,52600
E02002196,51875
E02002197,47771
E02002198,50195
E02002199,55238
E02002200,59035
E02002201,51107
E02002202,46730
E02002203,38664
E02002204,54469
E02002205,50177
E02002206,45246
E02002207,46587
E02002208,39418
E02002209,43296
E02002210,45946
E02002211,46236
E02002212,46364
E02002213,51826
E02002214,51204
E02002215,43234
E02002216,35475
E02002217,39958
E02002218,47421
E02002219,42684
E02002220,44569
E02002222,42923
E02002223,40684
E02002224,38392
E02002225,47304
E02002226,38208
E02002227,36691
E02002228,38827
E02002229,46777
E02002230,35761
E02002231,44288
E02002232,38279
E02002233,41393
E02002234,35177
E02002235,42414
E02002236,45370
E02002237,45109
E02002238,39739
E02002239,46325
E02002240,51749
E02002241,42055
E02002242,44448
E02002243,42586
E02006945,51306
E02006946,42294
E02006947,35779
E02006948,37703
E02002244,48582
E02002245,37964
E02002246,51507
E02002247,53588
E02002248,41541
E02002249,39213
E02002250,49424
E02002251,38776
E02002252,51051
E02002253,41443
E02002254,57985
E02002255,34426
E02002256,41000
E02002257,45901
E02002258,49971
E02002259,51951
E02002260,43848
E02002261,45109
E02002262,44726
E02002263,45861
E02002264,57174
E02002265,46691
E02002266,53200
E02002267,44455
E02002268,43374
E02002269,56067
E02002270,59521
E02002271,56082
E02002272,43727
E02002273,51228
E02002274,54303
E02002275,42325
E02002276,48369
E02002277,46604
E02002278,50255
E02002279,41256
E02002280,40276
E02002281,40889
E02002282,45178
E02002283,39906
E02002284,48244
E02002285,48674
E02002286,42777
E02002287,45022
E02002288,43111
E02002289,44449
E02002290,54631
E02002291,54238
E02002292,51921
E02002293,42700
E02002294,43889
E02002295,39368
E02002296,47547
E02002297,55669
E02002298,45807
E02002299,38585
E02002300,56417
E02002301,42934
E02002302,59326
E02002303,51184
E02002304,43133
E02002305,40250
E02002306,54494
E02002307,43269
E02002308,48320
E02002309,42379
E02002310,39093
E02002311,44439
E02002312,41939
E02002313,36106
E02002314,47085
E02002315,44385
E02002316,50408
E02002317,41864
E02002318,41818
E02002319,49516
E02002320,46649
E02002321,62856
E02002322,49855
E02002323,55400
E02002324,49726
E02002325,54749
E02002326,65254
E02002327,56649
E02002328,58790
E02002329,60684
E02002330,66309
E02002331,49291
E02002332,53096
E02002333,53370
E02002334,62692
E02002335,65467
E02002336,65410
E02002337,68028
E02002338,56959
E02002339,45520
E02002340,44944
E02002341,73199
E02002342,53798
E02002343,58440
E02002344,60515
E02002345,68006
E02002346,49638
E02002347,42046
E02002348,55437
E02002349,64209
E02002350,59685
E02002351,59714
E02002352,63135
E02002353,71223
E02002354,57329
E02002356,70715
E02002357,55574
E02002358,51001
E02002359,61941
E02002360,54332
E02002361,62240
E02002362,40124
E02002363,56643
E02002364,33795
E02002366,57967
E02002367,40099
E02002368,62806
E02002369,43182
E02002370,38728
E02002371,39041
E02002373,54176
E02002374,47844
E02002375,43602
E02002376,44116
E02002377,38246
E02002379,43699
E02002380,46051
E02002381,47709
E02002382,40826
E02002383,54798
E02002384,41861
E02002385,40489
E02002386,51387
E02002387,38554
E02002388,43805
E02002389,39387
E02002390,46506
E02002391,52795
E02002392,50395
E02002393,36642
E02002394,37363
E02002395,56225
E02002396,44027
E02002397,44496
E02002398,51311
E02002399,42719
E02002400,37139
E02002401,41714
E02002402,57992
E02002403,49413
E02002404,44238
E02002405,54209
E02002406,61903
E02002407,38385
E02002408,47401
E02002409,43622
E02002410,45384
E02002411,43125
E02002412,45510
E02002414,35867
E02002415,41757
E02002416,48843
E02002417,51864
E02002418,47080
E02002419,38237
E02002420,44830
E02002421,36945
E02002422,50727
E02002423,36394
E02002424,50682
E02002425,52313
E02002426,57271
E02002427,47055
E02002428,46685
E02002429,53016
E02002430,39589
E02002431,51312
E02002432,49533
E02002433,42306
E02002434,57578
E02002435,49473
E02002436,47249
E02002437,60365
E02006852,65938
E02006861,50353
E02006875,75054
E02006876,46365
E02002438,38345
E02002439,39313
E02002440,40810
E02002441,42777
E02002442,51246
E02002443,54101
E02002444,51783
E02002445,48276
E02002446,50242
E02002447,42395
E02002448,39356
E02002449,49488
E02002450,45829
E02002451,54000
E02002452,42131
E02002453,37718
E02002454,38219
E02002455,40165
E02002456,47763
E02002457,38356
E02002458,46726
E02002459,46338
E02002460,53208
E02002461,46598
E02002462,49317
E02002463,40312
E02002464,40308
E02002465,42927
E02002466,46266
E02002467,38876
E02002468,51388
E02002469,51225
E02002470,68435
E02002471,52566
E02002472,49500
E02002473,53816
E02002474,47083
E02002475,59909
E02002476,37973
E02002477,40518
E02002478,45454
E02002479,36524
E02002480,33370
E02002481,39247
E02002482,39473
E02002796,62156
E02002797,58866
E02002798,62136
E02002799,45416
E02002800,56193
E02002801,46590
E02002802,40261
E02002803,43894
E02002804,46938
E02002805,52184
E02002806,43845
E02002807,48118
E02002808,40348
E02002809,44450
E02002810,59575
E02002811,37460
E02002812,51525
E02002813,36724
E02002814,54852
E02002815,46438
E02002816,73425
E02002817,54590
E02002818,42132
E02002819,45321
E02002820,44509
E02002821,40410
E02002822,46131
E02002823,43796
E02002824,43581
E02002825,53146
E02002826,63181
E02002827,49228
E02002828,44559
E02002829,39371
E02002830,46109
E02002831,40227
E02002832,34869
E02002833,40428
E02002834,44022
E02002836,35563
E02002837,40618
E02002838,38991
E02002839,46752
E02002842,44302
E02002843,37803
E02002844,39583
E02002845,41190
E02002846,51355
E02002847,43473
E02002848,40448
E02002849,41822
E02002851,52670
E02002852,40703
E02002853,52519
E02002854,42632
E02002855,45908
E02002856,59268
E02002857,48067
E02002858,64517
E02002860,47577
E02002861,41224
E02002862,37122
E02006815,45387
E02006817,52282
E02006819,40757
E02006850,41962
E02006851,52040
E02006964,57018
E02006965,51576
E02002863,68567
E02002864,57281
E02002865,59466
E02002866,66325
E02002867,60923
E02002868,47384
E02002869,35718
E02002871,40307
E02002872,36672
E02002873,43421
E02002874,50481
E02002875,42361
E02002876,42002
E02002877,50340
E02002878,43808
E02002879,51321
E02002880,42884
E02002881,42900
E02002882,52091
E02002883,42569
E02002884,41105
E02002885,38040
E02002886,47229
E02002887,37152
E02002888,37987
E02002889,46357
E02002890,36457
E02002891,42159
E02002892,42621
E02002893,39064
E02002895,70116
E02002896,43475
E02002897,64943
E02002898,50334
E02002901,51455
E02002902,41073
E02002903,41277
E02002904,42492
E02006834,36935
E02006904,57077
E02006905,44088
E02007082,56785
E02005612,50634
E02005613,44241
E02005614,55518
E02005615,42608
E02005616,41812
E02005617,39856
E02005629,63192
E02005630,64036
E02005631,61055
E02005632,53625
E02005633,51482
E02005634,47674
E02005635,54690
E02005636,50266
E02005637,41825
E02005638,56187
E02005639,63471
E02005640,54259
E02005641,51535
E02005642,54561
E02005643,39975
E02005644,44265
E02005645,47572
E02005646,48787
E02005647,44947
E02005648,62972
E02005692,50957
E02005693,51103
E02005694,57587
E02005695,43485
E02005696,42507
E02005697,37493
E02005698,45105
E02005699,50220
E02005700,54045
E02005701,50024
E02006862,48601
E02006863,66240
E02007070,61421
E02007071,50763
E02005619,63787
E02005620,63032
E02005621,54628
E02005622,66122
E02005623,65067
E02005624,54956
E02005625,43922
E02005626,46535
E02005627,54819
E02005628,56843
E02005650,54233
E02005651,46583
E02005652,50185
E02005653,45686
E02005654,51495
E02005655,48899
E02005656,43826
E02005657,51582
E02005658,44299
E02005659,52224
E02005660,48801
E02005661,47665
E02005662,49907
E02005663,58319
E02005664,47515
E02005665,54637
E02005666,43999
E02005667,45991
E02005668,49107
E02005669,71319
E02005670,41679
E02005671,48112
E02005672,46937
E02005673,44018
E02005674,44823
E02005675,50601
E02005676,48146
E02005677,53449
E02005679,70409
E02005680,79124
E02005681,58474
E02005682,65642
E02005683,64180
E02005684,66724
E02005685,60532
E02005686,61718
E02005687,69792
E02005688,63504
E02005689,74205
E02005690,54994
E02005691,62856
E02007072,64437
E02007073,71606
E02004029,41629
E02004030,55380
E02004031,39607
E02004032,50365
E02004033,41935
E02004034,47920
E02004035,52442
E02004036,43856
E02004037,54156
E02004038,46261
E02004039,52785
E02004040,48489
E02004041,43963
E02004043,47823
E02004044,71568
E02006827,39675
E02004045,49318
E02004046,44318
E02004047,40842
E02004048,41333
E02004049,41019
E02004050,39886
E02004051,38426
E02004052,48802
E02004053,42726
E02004054,45950
E02004055,38214
E02004056,42720
E02004057,41950
E02004058,39377
E02004059,45086
E02004060,40174
E02004061,41198
E02004062,47231
E02004063,47301
E02004064,44586
E02004065,58522
E02004066,45211
E02004067,36652
E02004068,57061
E02004069,54266
E02004072,54158
E02004073,49094
E02004074,53625
E02004075,52835
E02004076,52287
E02004077,61028
E02007029,49083
E02004078,37537
E02004080,40192
E02004081,58567
E02004082,55406
E02004083,48937
E02004084,41581
E02004085,51624
E02004086,54046
E02004087,47695
E02004088,53705
E02004089,37562
E02004090,50938
E02004091,49213
E02004092,47261
E02006828,50754
E02004093,53260
E02004094,43537
E02004095,48868
E02004096,61363
E02004097,53342
E02004098,49691
E02004100,59363
E02004102,44110
E02004103,43388
E02004104,56092
E02006872,47900
E02004105,46548
E02004106,46011
E02004108,47205
E02004109,60893
E02004110,59499
E02004111,42500
E02004112,58595
E02004113,40527
E02004114,54064
E02004115,43898
E02004116,35508
E02004117,45599
E02006804,43078
E02004118,59430
E02004119,69845
E02004120,55368
E02004121,68599
E02004122,67105
E02004123,59897
E02004124,48512
E02004125,44056
E02004126,44170
E02004128,53982
E02006919,53313
E02006920,55172
E02005334,60134
E02005335,59464
E02005336,52224
E02005337,43340
E02005338,55137
E02005339,64416
E02005340,50242
E02005341,59584
E02005342,54439
E02005343,58492
E02005344,56481
E02006820,52634
E02005345,54092
E02005346,39853
E02005347,47356
E02005348,50194
E02005349,53836
E02005350,48380
E02005351,57693
E02005352,68674
E02005353,53539
E02005354,69825
E02005355,61162
E02005356,55712
E02005357,50132
E02005358,61815
E02005359,57981
E02005360,73835
E02005361,50231
E02005362,52172
E02005363,59712
E02005364,60204
E02005365,44841
E02005366,54201
E02005368,69431
E02005369,64401
E02005370,64505
E02005371,60742
E02005372,64472
E02005373,64121
E02005374,42856
E02005375,62115
E02005376,58580
E02006816,64332
E02005377,50872
E02005378,61771
E02005379,55673
E02005380,58875
E02005381,57725
E02005382,46831
E02005383,47032
E02005384,59598
E02005385,61592
E02005386,44059
E02005387,50770
E02005388,49524
E02005389,47497
E02005390,59785
E02005391,60937
E02005392,54017
E02005393,55842
E02005394,50209
E02005395,47578
E02005396,56612
E02005397,57797
E02005398,53240
E02005399,64362
E02005400,51488
E02005401,62029
E02005402,60801
E02005403,45823
E02005404,54724
E02005405,47539
E02005406,44910
E02005407,57042
E02005408,53426
E02005409,51914
E02005412,52392
E02005414,45456
E02005415,45745
E02005416,49548
E02006818,52630
E02006966,65626
E02006967,63671
E02005417,41940
E02005418,35848
E02005419,40758
E02005420,36680
E02005422,44518
E02005423,42415
E02006864,49055
E02006865,45031
E02005424,47314
E02005425,45553
E02005426,43648
E02005427,44504
E02005428,29724
E02005429,30856
E02005430,47216
E02005431,36410
E02005432,47186
E02005433,29456
E02005434,42829
E02005435,33131
E02005436,39375
E02005437,32894
E02005438,33937
E02005439,49142
E02005440,39186
E02005441,43476
E02005442,38864
E02005443,44351
E02005444,49948
E02005445,40399
E02005446,47987
E02005447,37785
E02005448,42114
E02005449,48063
E02005450,50803
E02005451,38590
E02005452,48464
E02005453,57400
E02005455,56912
E02005456,53598
E02005457,52368
E02005458,60955
E02005459,44577
E02005460,64088
E02005461,50525
E02005462,43972
E02005463,60907
E02005464,49258
E02006866,55762
E02006867,51536
E02005465,46078
E02005466,41189
E02005467,39223
E02005468,46007
E02005469,48018
E02005470,41805
E02005471,40082
E02005472,39883
E02005473,43340
E02005474,42710
E02005475,52206
E02005476,58088
E02005477,53826
E02005478,43713
E02005479,54275
E02005480,40874
E02005481,44385
E02005482,52987
E02005483,54929
E02005484,50195
E02005485,55462
E02005486,51184
E02005487,59414
E02005488,56479
E02005489,60479
E02005490,52169
E02005491,55916
E02005492,50099
E02005493,52085
E02005494,47500
E02005495,36857
E02005496,51082
E02005497,41104
E02005498,47567
E02005499,59863
E02005500,55978
E02005501,60427
E02005502,48681
E02005819,41183
E02005820,44091
E02005821,40363
E02005822,43684
E02005823,33525
E02005824,46532
E02005825,45182
E02005826,39247
E02005827,49991
E02005828,44997
E02005829,44187
E02005830,40878
E02005831,51786
E02005832,41506
E02005833,50858
E02005834,44724
E02005835,44412
E02005836,51057
E02005837,54615
E02005838,42336
E02005839,44922
E02005840,55113
E02005842,41711
E02005843,46629
E02005844,45409
E02005846,34172
E02005847,44024
E02005848,46286
E02005849,51028
E02006903,40944
E02005850,44023
E02005851,39654
E02005852,48030
E02005853,52518
E02005856,65083
E02005857,45646
E02005858,52971
E02005859,50247
E02005860,49226
E02005861,51308
E02005862,49146
E02005863,57984
E02005864,61159
E02006906,51474
E02005865,62285
E02005866,51052
E02005868,50667
E02005869,46470
E02005870,43355
E02005871,52640
E02005872,54306
E02005873,58498
E02005874,58454
E02005875,50978
E02005876,49048
E02005877,48501
E02005878,42127
E02005879,42167
E02006835,54305
E02005880,41236
E02005881,38716
E02005882,47084
E02005883,41399
E02005884,41391
E02005885,39198
E02005886,45935
E02005887,34599
E02005888,34993
E02005889,40105
E02005890,48395
E02005891,37310
E02005892,57267
E02005893,43119
E02005894,48926
E02005895,56410
E02005896,56225
E02005897,53787
E02005898,45435
E02005899,43151
E02005900,60654
E02005901,51277
E02005902,40963
E02005903,46870
E02005904,61717
E02005905,59692
E02005906,61123
E02005907,61778
E02005908,60049
E02005909,79932
E02005910,59538
E02005911,73850
E02005912,65336
E02005913,74371
E02005914,54367
E02005915,61085
E02005916,60592
E02005917,69144
E02005918,58638
E02005919,60154
E02005920,62160
E02002905,47786
E02002906,43117
E02002907,38158
E02002908,48269
E02002909,48469
E02002910,47757
E02002911,56180
E02002912,57739
E02002913,59535
E02002914,42426
E02002915,54672
E02002916,43605
E02002917,48957
E02002918,56969
E02002919,44246
E02002920,50247
E02002921,41275
E02002922,55398
E02002923,48668
E02002924,49819
E02002925,51514
E02002926,45336
E02002927,55034
E02002928,59551
E02002929,58661
E02002930,50239
E02002931,59530
E02002932,43392
E02002933,52532
E02002934,51656
E02002935,40679
E02002936,46615
E02002937,56082
E02002938,44634
E02002939,47052
E02002940,43293
E02002941,45577
E02002942,74420
E02002944,39460
E02002945,47334
E02002946,44095
E02002947,43639
E02002948,40781
E02002949,38873
E02002950,38655
E02007050,54818
E02007051,61064
E02002951,42318
E02002952,43853
E02002953,37229
E02002954,38956
E02002955,38338
E02002956,37591
E02002957,46170
E02002958,40629
E02002959,34765
E02002960,42057
E02002961,37636
E02002962,36124
E02002963,37854
E02002964,35479
E02002965,37181
E02002966,39272
E02002967,34942
E02002968,47221
E02002969,37391
E02002970,36311
E02002973,46473
E02002974,42867
E02002975,45595
E02002976,44931
E02002977,36130
E02002978,35709
E02002979,40797
E02002980,51613
E02002981,45319
E02002982,41084
E02002983,51756
E02002984,60488
E02006974,37311
E02006008,60835
E02006009,56161
E02006010,52811
E02006011,48476
E02006012,48667
E02006013,51606
E02006014,44180
E02006015,42906
E02006016,53550
E02006017,47874
E02006018,44824
E02006019,43745
E02006020,51506
E02006021,56481
E02006022,56561
E02006023,48384
E02006024,43855
E02006025,46361
E02006026,51799
E02006027,53017
E02006028,51285
E02006029,43040
E02006030,50136
E02006031,46068
E02006032,44570
E02006033,49465
E02006034,62584
E02006035,51153
E02006036,51141
E02006037,62730
E02006038,58129
E02006039,50305
E02006040,52733
E02006041,49689
E02006042,53094
E02006043,46709
E02006044,49108
E02006045,41342
E02006046,45945
E02006118,51464
E02006119,40494
E02006120,46098
E02006121,45708
E02006122,49641
E02006123,55725
E02006124,40904
E02006125,40794
E02006126,50438
E02006127,64921
E02006128,46323
E02006129,41546
E02006130,49773
E02006131,54721
E02006132,51421
E02006133,51960
E02006134,56367
E02006135,53640
E02006136,58356
E02006137,44907
E02006138,46519
E02006139,42755
E02006140,48632
E02006141,41551
E02006142,52909
E02006143,57827
E02006144,37354
E02006145,65502
E02006146,51272
E02006147,66408
E02006148,62499
E02006149,50264
E02006150,59746
E02006151,47143
E02006152,64172
E02006153,69220
E02006154,47031
E02006155,43705
E02006156,68712
E02006157,55417
E02006158,45926
E02006159,40477
E02006160,41893
E02006161,50776
E02006162,44113
E02006163,46204
E02006164,37586
E02006165,43943
E02006166,53483
E02006167,41499
E02006168,39522
E02006169,49302
E02006170,51931
E02006171,47360
E02006172,58635
E02006173,62516
E02006174,56904
E02006175,50621
E02006176,57046
E02006177,49687
E02006178,46254
E02006179,45393
E02006180,45410
E02006181,46162
E02006182,66542
E02006185,48256
E02006186,54108
E02006187,55947
E02006982,57272
E02006188,55023
E02006189,53936
E02006190,51596
E02006191,62566
E02006192,58973
E02006193,58482
E02006194,49883
E02006195,54652
E02006196,46556
E02006197,44366
E02006198,59596
E02006199,60394
E02006200,42831
E02006201,64406
E02006202,56921
E02006203,46676
E02006204,43159
E02006205,54970
E02006206,44462
E02006207,44061
E02006208,37859
E02006209,52589
E02006210,46658
E02006211,53131
E02006212,46409
E02006213,48152
E02006214,41981
E02006215,48909
E02006216,52583
E02006217,52770
E02006218,36436
E02006219,52450
E02006220,45456
E02006221,53940
E02006222,46077
E02006223,41077
E02006224,58077
E02006225,55425
E02006226,53216
E02006468,52998
E02006469,44560
E02006470,44811
E02006471,56301
E02006472,49203
E02006473,52727
E02006474,52868
E02006475,54467
E02006476,43655
E02006477,65827
E02006478,61178
E02006479,39633
E02006480,45292
E02006481,43597
E02006482,52482
E02006483,41263
E02006484,46967
E02006485,60271
E02006486,48520
E02006487,42724
E02006488,47464
E02006489,46535
E02006490,48310
E02006806,45740
E02006493,54778
E02006494,42411
E02006495,59000
E02006496,47703
E02006497,44071
E02006498,64398
E02006499,66395
E02006500,53135
E02006501,54192
E02006502,50280
E02006503,61850
E02007048,60634
E02007049,73653
E02006504,65771
E02006505,58043
E02006506,50455
E02006507,61615
E02006508,63507
E02006509,50157
E02006510,60975
E02006511,65200
E02006512,50439
E02006513,71232
E02006514,58919
E02006515,61113
E02006516,65341
E02006517,62766
E02006518,52550
E02006519,68818
E02006520,74250
E02006521,62181
E02006522,75464
E02006523,66370
E02006524,53106
E02006525,64475
E02006526,56245
E02006527,66726
E02006528,53743
E02006529,61369
E02006530,67627
E02006531,44949
E02006532,71810
E02006533,58381
E02006696,75720
E02006697,65736
E02006698,54644
E02006699,57452
E02006700,60178
E02006701,77356
E02006702,51325
E02006703,62691
E02006704,58963
E02006705,50058
E02006706,42995
E02006707,67395
E02006708,52913
E02006709,59477
E02006710,48922
E02006711,59660
E02006712,57157
E02006713,50023
E02006714,61441
E02006715,54214
E02006716,46242
E02006717,54408
E02006718,50733
E02006719,56728
E02006720,51444
E02006721,55501
E02006722,42535
E02006723,47776
E02006724,40075
E02006725,44861
E02006726,46116
E02006727,52035
E02006728,55942
E02006729,55331
E02006730,45687
E02006731,46729
E02006732,58656
E02006733,62077
E02006734,61171
E02006735,36477
E02006736,58698
E02006737,55109
E02006738,43223
E02006739,51970
E02006740,47900
E02006741,65148
E02006742,46295
E02006743,49536
E02006744,47524
E02006745,54746
E02006746,58483
E02006747,65356
E02006748,59520
E02006749,44839
E02006750,48806
E02006751,44522
E02006752,65768
E02006753,58897
E02006754,64435
E02006755,65768
E02006756,65251
E02006757,57193
E02006758,53728
E02006759,47603
E02006760,52895
E02006761,36650
E02006762,53326
E02006763,57249
E02006764,51099
E02006765,51857
E02006766,63760
E02006767,52169
E02006768,46401
E02006769,48013
E02006770,43661
E02006771,49095
E02006772,45331
E02006773,44636
E02006774,44101
E02006775,42755
E02006776,53612
E02006777,47920
E02006778,50585
E02006779,46009
E02006780,40911
E02001827,65388
E02001828,61248
E02001829,76086
E02001830,75097
E02001831,51742
E02001832,63547
E02001833,57889
E02001834,43489
E02001835,64648
E02001836,61654
E02001837,38628
E02001838,62652
E02001839,44705
E02001840,40270
E02001841,65001
E02001842,51699
E02001843,44239
E02001844,48149
E02001845,49764
E02001846,41079
E02001847,56615
E02001848,43890
E02001849,45808
E02001850,50290
E02001851,45189
E02001852,41892
E02001855,36316
E02001856,44950
E02001857,38564
E02001858,44247
E02001859,38843
E02001860,39887
E02001861,38943
E02001862,40255
E02001863,35454
E02001865,35954
E02001866,35463
E02001867,38782
E02001868,47889
E02001869,37639
E02001870,43815
E02001871,38723
E02001872,40903
E02001873,36657
E02001874,39911
E02001875,40141
E02001876,37783
E02001877,38385
E02001878,41358
E02001879,34740
E02001880,41581
E02001881,43891
E02001882,41494
E02001883,41177
E02001884,42182
E02001886,49962
E02001888,44342
E02001889,42274
E02001890,53437
E02001892,43158
E02001893,48555
E02001895,39647
E02001896,39905
E02001897,34950
E02001898,53243
E02001899,62859
E02001900,48003
E02001901,73255
E02001902,51342
E02001903,33742
E02001904,42175
E02001905,72656
E02001906,55415
E02001907,51229
E02001908,36038
E02001909,39580
E02001910,38090
E02001911,40996
E02001913,48025
E02001914,60903
E02001915,44942
E02001916,46014
E02001918,50406
E02001919,48630
E02001920,42739
E02001921,47875
E02001922,55900
E02001923,48219
E02001924,53823
E02001925,51694
E02001926,51376
E02001927,44861
E02001928,39308
E02001929,43670
E02001930,60431
E02001931,53414
E02001932,42837
E02001933,50072
E02001934,55280
E02001935,55245
E02001936,63407
E02001937,43722
E02001938,56597
E02001939,46556
E02001941,43169
E02001942,55931
E02001943,50636
E02001944,51402
E02001945,44099
E02001946,56145
E02001947,35410
E02001948,49825
E02001949,49789
E02001950,51267
E02001951,41397
E02001952,39252
E02001953,52887
E02001954,40431
E02001955,45428
E02001956,53115
E02001957,50199
E02006807,57122
E02006809,51173
E02006895,52519
E02006896,46432
E02006897,47303
E02006898,56345
E02006899,67013
E02006900,38856
E02007038,44097
E02007039,43052
E02007040,42608
E02001958,41925
E02001959,50480
E02001961,38887
E02001962,46066
E02001963,47251
E02001964,42671
E02001965,51276
E02001966,42043
E02001967,56078
E02001968,47134
E02001969,42552
E02001970,45439
E02001971,55027
E02001972,41567
E02001973,38251
E02001974,56492
E02001975,54210
E02001976,50557
E02001977,39797
E02001978,49070
E02001979,54245
E02001980,54151
E02001981,39877
E02001982,60884
E02001983,54263
E02001984,54762
E02001985,46044
E02001986,42617
E02001987,45319
E02001988,43732
E02001989,51088
E02001990,54557
E02001991,62191
E02001992,45305
E02001993,49989
E02001994,52469
E02001995,49828
E02001996,40189
E02001997,63428
E02001998,62885
E02001999,63368
E02006805,43525
E02002000,41638
E02002001,48831
E02002002,54835
E02002003,45319
E02002004,43595
E02002005,44665
E02002006,43331
E02002007,43546
E02002008,59937
E02002009,42527
E02002010,38626
E02002011,52625
E02002012,38592
E02002013,53768
E02002014,43360
E02002015,50408
E02002016,36902
E02002017,40561
E02002018,55916
E02002019,42620
E02002020,49541
E02002021,36151
E02002022,43889
E02002023,50350
E02002024,42103
E02002025,45374
E02002026,47685
E02002027,61394
E02002028,50816
E02002029,56323
E02002030,45465
E02002031,45470
E02002032,43981
E02002033,54642
E02002034,47035
E02002035,58645
E02002036,41166
E02002037,51919
E02002038,47606
E02002039,58091
E02002040,61179
E02002041,58146
E02002042,60700
E02002043,44197
E02002044,48815
E02002045,44199
E02002046,37655
E02002047,36370
E02002048,51963
E02002049,45319
E02002051,41114
E02002052,38990
E02002053,50218
E02002054,49208
E02002055,40605
E02002056,38500
E02002057,39305
E02002058,41753
E02002059,39258
E02002060,40174
E02002061,36262
E02002062,36483
E02002063,46012
E02002064,46924
E02002065,39165
E02002066,42350
E02002067,48366
E02002069,38976
E02002070,36739
E02002071,41267
E02002072,43858
E02002073,42534
E02002074,43368
E02002075,42506
E02002076,54473
E02002077,40995
E02002078,57024
E02002079,45869
E02002080,43966
E02006810,44239
E02006943,40147
E02006944,41669
E02002081,47960
E02002082,41594
E02002083,57140
E02002084,42694
E02002085,45702
E02002086,40567
E02002087,42474
E02002088,39621
E02002089,53949
E02002090,58961
E02002091,52402
E02002092,52653
E02002093,51093
E02002094,70324
E02002095,60615
E02002096,66347
E02002097,64845
E02002098,59786
E02002099,77452
E02002101,50483
E02002102,63680
E02002103,61470
E02002104,73514
E02002105,76881
E02002106,76360
E02002107,76029
E02002108,81231
E02002109,79508
E02006808,62040
E02002110,49302
E02002111,41085
E02002112,52734
E02002113,46904
E02002114,46384
E02002115,41499
E02002116,53625
E02002117,47657
E02002118,39152
E02002119,46406
E02002120,52604
E02002121,40283
E02002122,45956
E02002123,42781
E02002124,44307
E02002125,45844
E02002126,39195
E02002127,41082
E02002128,43032
E02002129,41318
E02002130,42645
E02002131,57020
E02002132,40572
E02002133,48913
E02002134,41608
E02002135,38907
E02002136,43671
E02002137,59588
E02002138,56413
E02002139,41773
E02002140,42097
E02002141,60233
E02002142,41565
E02002143,39634
E02002144,60928
E02002145,43657
E02002146,45560
E02002147,42581
E02002148,55349
E02002149,42692
E02002150,45412
E02002151,43713
E02002152,43546
E02002153,39616
E02002154,47210
E02002155,40304
E02002156,50580
E02002157,54848
E02002158,40690
E02002159,42444
E02002160,46288
E02002161,44883
E02002162,53694
E02002163,39145
E02002164,39596
E02002165,43532
E02002166,39399
E02002167,53447
E02002168,36481
E02002169,57868
E02002170,41705
E02002171,39003
E02002174,53705
E02002175,36779
E02002176,47063
E02002177,44185
E02002178,49167
E02002179,54703
E02002180,44146
E02002181,42412
E02002182,43085
E02006894,41888
E02003237,60532
E02003238,59885
E02003239,56285
E02003240,72909
E02003241,55803
E02003242,48305
E02003243,45613
E02003244,42369
E02003245,42616
E02003246,41207
E02003247,48424
E02003248,45451
E02003249,45781
E02003250,43868
E02003251,67137
E02003252,56667
E02003253,48021
E02003254,66219
E02003255,56210
E02003257,45119
E02006877,60967
E02006878,74717
E02003258,60801
E02003259,54220
E02003260,47476
E02003261,57197
E02003262,46932
E02003263,54882
E02003264,69567
E02003265,58331
E02003266,50664
E02003267,50596
E02003268,52031
E02003269,55339
E02003270,58082
E02003271,62742
E02003272,44316
E02003273,57037
E02003274,43661
E02003276,52991
E02003277,47824
E02003278,48388
E02006937,44039
E02006938,36743
E02003279,57026
E02003280,51919
E02003281,51326
E02003282,55915
E02003283,62159
E02003284,51707
E02003285,57234
E02003286,78605
E02003287,56046
E02003288,47026
E02003289,68139
E02003290,61596
E02003291,52138
E02003292,45099
E02003293,44319
E02003294,61122
E02003295,59996
E02003296,60202
E02003297,54868
E02003298,51681
E02003299,66912
E02003300,63156
E02003301,56962
E02003302,47802
E02003303,55511
E02003304,54946
E02003305,62853
E02003307,50470
E02003308,62227
E02003309,56157
E02003311,50115
E02003312,55049
E02003313,50154
E02006859,92957
E02006926,72164
E02007004,56805
E02007005,60281
E02003616,75512
E02003617,65820
E02003618,64017
E02003619,65977
E02003620,60246
E02003621,62701
E02003622,50626
E02003623,81713
E02003624,53550
E02003625,43537
E02003626,60523
E02003627,50852
E02003628,48854
E02003629,46897
E02003630,48273
E02003631,53785
E02003632,52761
E02003633,60205
E02003635,71713
E02007010,65428
E02007011,73415
E02003599,67469
E02003600,57746
E02003601,67632
E02003602,68112
E02003603,60927
E02003604,68999
E02003605,72774
E02003606,70279
E02003607,72271
E02003608,61975
E02003609,71404
E02003610,77373
E02003611,66392
E02003612,76169
E02003613,61678
E02003614,68471
E02003615,72993
E02003636,65540
E02003637,68649
E02003638,68242
E02003639,54489
E02003640,64130
E02003641,80770
E02003642,56364
E02003643,68979
E02003644,58698
E02003645,61868
E02003646,59884
E02003647,50512
E02003648,54802
E02003649,58387
E02003650,61109
E02003651,59657
E02003719,52343
E02003720,62143
E02003721,62120
E02003722,81109
E02003723,84863
E02003724,56270
E02003725,80028
E02003726,65703
E02003727,64656
E02003728,62553
E02003729,66312
E02003731,82067
E02007086,80255
E02007087,85995
E02003732,52352
E02003733,61262
E02003734,65769
E02003735,63068
E02003736,60095
E02003737,54063
E02003738,59938
E02003739,63288
E02003740,71487
E02006825,59504
E02003742,43898
E02003743,41077
E02003744,39412
E02003745,45894
E02003746,44711
E02003747,51851
E02003748,43414
E02003749,50333
E02003750,47027
E02003751,52596
E02003752,49711
E02003753,59443
E02003754,69730
E02003755,52620
E02003756,64917
E02003757,65004
E02003758,63750
E02003759,71540
E02003760,49175
E02003761,56699
E02003762,72779
E02003763,62779
E02003764,67318
E02003765,58415
E02003766,64614
E02003767,71903
E02003768,66149
E02003769,59502
E02003770,73117
E02003771,55229
E02003772,65919
E02003773,57126
E02003774,55283
E02003775,67338
E02003776,66108
E02003777,78196
E02003778,62661
E02003780,69771
E02003781,75979
E02003784,68071
E02003785,67365
E02003786,80361
E02003787,61830
E02003788,88718
E02003789,62512
E02003790,71750
E02003791,72956
E02003792,67079
E02003793,69815
E02006873,90162
E02006874,76460
E02007085,72458
E02004424,91753
E02004425,69906
E02004426,75717
E02004427,69758
E02004428,58123
E02004429,59007
E02004430,67005
E02004431,62465
E02004432,67576
E02004433,55016
E02004434,50488
E02004435,54104
E02004436,41832
E02004437,54432
E02004438,48368
E02004439,51380
E02004440,57127
E02004441,47521
E02004442,46943
E02004443,60690
E02004444,71585
E02004445,46978
E02004446,60517
E02004447,61040
E02004448,60126
E02004449,48466
E02004450,63635
E02004451,59387
E02004452,60692
E02004453,49505
E02004454,49586
E02004455,69283
E02004456,51974
E02004457,60752
E02004458,72253
E02004459,64431
E02004460,58428
E02004461,53949
E02004462,55556
E02004463,65158
E02004464,70165
E02004465,74377
E02004466,67682
E02004467,67286
E02004468,90966
E02004469,77175
E02004470,64404
E02004471,68328
E02004472,76073
E02004473,58496
E02004474,57773
E02004475,63071
E02004476,70756
E02004477,55922
E02004478,52599
E02004479,61569
E02004480,59409
E02004481,38241
E02004482,49355
E02004483,48591
E02004484,46060
E02004485,70468
E02004486,77757
E02004487,59558
E02004488,68140
E02004489,76966
E02004490,51779
E02004491,79366
E02004492,72190
E02004493,65040
E02004495,66447
E02004496,78830
E02004497,70129
E02004498,59579
E02004499,67680
E02004500,74671
E02004501,68752
E02004502,66493
E02004503,63536
E02004504,73674
E02004505,56144
E02006978,61292
E02006979,59959
E02004506,69105
E02004507,65562
E02004508,67165
E02004512,57917
E02004513,43876
E02004514,76475
E02004515,69047
E02004516,50962
E02004517,61195
E02004518,75534
E02004519,64209
E02004520,63100
E02004521,51414
E02004522,64951
E02004523,55031
E02004524,66072
E02004525,52857
E02004526,55622
E02006922,55340
E02007056,79421
E02007057,74031
E02004527,63089
E02004528,61300
E02004529,70522
E02004530,58355
E02004531,67767
E02004532,65521
E02004533,50248
E02004534,57682
E02004535,51065
E02004536,71657
E02004537,50804
E02004538,77577
E02004539,59616
E02004540,76611
E02004541,70493
E02004542,74240
E02004543,64835
E02004544,68790
E02004545,48992
E02004546,49922
E02004547,55554
E02004548,71516
E02004549,51498
E02004550,48927
E02004551,47955
E02004552,54399
E02004553,53084
E02004554,53826
E02004555,59225
E02004556,68776
E02004557,59097
E02004558,54269
E02004559,62769
E02004560,54579
E02004561,64102
E02004562,54237
E02004563,51752
E02004564,60941
E02004566,50130
E02004567,70358
E02004568,64887
E02004569,52181
E02004570,60739
E02004571,63195
E02004572,58113
E02006980,69250
E02006981,66053
E02004573,44182
E02004574,46225
E02004575,54926
E02004576,50147
E02004577,58549
E02004578,41920
E02004579,45458
E02004580,42779
E02004581,57083
E02004582,36036
E02004583,47935
E02004584,38357
E02004585,45542
E02004586,41217
E02004587,40396
E02004588,33660
E02004589,39847
E02004590,31718
E02004591,77918
E02004592,61499
E02004593,79821
E02004594,65432
E02004595,71426
E02004596,70797
E02004597,65341
E02004598,70448
E02004599,70301
E02004843,68643
E02004844,58985
E02004845,54410
E02004846,79599
E02004847,57813
E02004848,64474
E02004849,77915
E02004850,54852
E02004851,53512
E02004852,55395
E02004853,53936
E02004854,54681
E02004855,48567
E02004856,69093
E02004857,77595
E02004858,71902
E02004859,81048
E02004860,59143
E02004861,72193
E02004862,52458
E02004863,51157
E02004864,76491
E02004865,63425
E02004866,58033
E02004867,80400
E02004868,57306
E02004869,80991
E02004870,54536
E02004871,63601
E02004872,68565
E02004873,72601
E02004874,63043
E02004875,62899
E02004876,68845
E02004877,59349
E02004896,64547
E02004897,70880
E02004898,57961
E02004899,70994
E02004900,82070
E02004901,56359
E02004902,60271
E02004903,69466
E02004904,57035
E02004905,75225
E02004906,66178
E02004907,73131
E02004908,68749
E02004909,60367
E02004910,71733
E02004911,55136
E02004912,64211
E02004914,60946
E02004915,57651
E02004916,79310
E02004917,62604
E02004918,67797
E02004919,65671
E02004920,65121
E02004921,75669
E02004922,65564
E02004923,71371
E02007088,71155
E02007089,70171
E02004956,67840
E02004957,71441
E02004958,78896
E02004959,79463
E02004960,94706
E02004961,73617
E02004962,77010
E02004963,65960
E02004964,67241
E02004965,59664
E02004966,85999
E02004967,54155
E02004968,57972
E02004969,66116
E02004970,59705
E02004971,63289
E02004972,74082
E02004973,59251
E02004974,75044
E02004975,89537
E02004976,54093
E02004977,58526
E02004978,56534
E02004979,71523
E02005503,53448
E02005504,51987
E02005505,46877
E02005506,50085
E02005507,43800
E02005508,52764
E02005509,45890
E02005510,47644
E02005511,42093
E02005512,53005
E02005513,49517
E02005514,51254
E02005515,52828
E02005516,57002
E02005517,45180
E02005518,52851
E02005519,45703
E02005520,54898
E02005521,51323
E02005522,54359
E02005523,56112
E02005524,45897
E02005525,62976
E02005526,61092
E02005527,58004
E02005528,54647
E02005529,45706
E02005530,54786
E02005531,54709
E02005532,50679
E02005533,56012
E02005534,50789
E02005535,65060
E02005536,58351
E02005537,50970
E02005538,45025
E02005539,47966
E02005540,43190
E02005541,40920
E02005542,37700
E02005543,33056
E02005544,40708
E02005545,49717
E02005546,38351
E02005547,48015
E02005548,43278
E02005549,45806
E02005550,48468
E02005551,42447
E02005552,48401
E02005553,41628
E02005554,45862
E02005555,67101
E02005556,49642
E02005557,39363
E02005558,43834
E02005559,44975
E02005560,50449
E02005561,39844
E02005562,49635
E02005563,47133
E02005564,56764
E02005565,52572
E02005566,44126
E02005567,42902
E02005568,48021
E02005569,49253
E02005570,44960
E02005571,47780
E02005572,37405
E02005573,45094
E02005574,50375
E02005575,50119
E02005576,42743
E02005577,48111
E02005578,49799
E02005580,41521
E02005581,47872
E02005582,41923
E02005583,44006
E02007032,43396
E02007033,44106
E02005584,45707
E02005585,42611
E02005586,48360
E02005587,43796
E02005588,47547
E02005589,47163
E02005592,63434
E02005593,51906
E02005594,51084
E02005595,66026
E02005596,45752
E02006907,45572
E02006908,46288
E02007052,34308
E02007053,43177
E02005598,70516
E02005599,61930
E02005600,60873
E02005601,48577
E02005602,61415
E02005603,63794
E02005604,56739
E02005605,60914
E02005606,51124
E02005607,55692
E02005608,50602
E02005609,46405
E02005610,48594
E02005611,46619
E02007054,66837
E02007055,47855
E02006227,54773
E02006228,55773
E02006229,51606
E02006230,60399
E02006231,57408
E02006232,57016
E02006233,44591
E02006234,51478
E02006235,65136
E02006236,63818
E02006237,58352
E02006245,49349
E02006246,57883
E02006247,48397
E02006248,58263
E02006249,66460
E02006250,47021
E02006251,49330
E02006252,60673
E02006253,59905
E02006254,44320
E02006255,56056
E02006256,47243
E02006257,45429
E02006258,53376
E02006259,48705
E02006260,48991
E02006261,57494
E02006262,58367
E02006263,51670
E02006264,64365
E02006265,53713
E02006266,59241
E02006267,64949
E02006268,48435
E02006269,61807
E02006270,62219
E02006271,57606
E02006272,53570
E02004924,101130
E02004925,91786
E02004926,81373
E02004927,75115
E02004928,93866
E02004929,75719
E02004930,76244
E02004931,83788
E02004932,73404
E02004933,92123
E02004934,84771
E02004935,73561
E02004936,96890
E02004937,85460
E02004939,67807
E02004940,66948
E02004941,63489
E02004942,69459
E02004943,69332
E02007090,74057
E02004980,82666
E02004981,76042
E02004982,75405
E02004983,58865
E02004984,65711
E02004985,69367
E02004986,59692
E02004987,68088
E02004988,63630
E02004989,58589
E02004990,63755
E02004991,55589
E02004992,52711
E02004994,79459
E02004995,72187
E02007092,57203
E02004878,65614
E02004880,81532
E02004881,73852
E02004882,68226
E02004883,70837
E02004884,59597
E02004885,79550
E02004886,72501
E02004887,69237
E02004888,68205
E02004889,61801
E02004890,67243
E02004891,79592
E02004892,68556
E02004893,76683
E02004894,65663
E02004895,67375
E02007093,71306
E02004944,59291
E02004945,65842
E02004946,52836
E02004948,58270
E02004949,50747
E02004950,60954
E02004951,51194
E02004952,59268
E02004953,58742
E02004954,57873
E02004955,65239
E02007091,70188
E02006287,51235
E02006288,59387
E02006289,49383
E02006290,46095
E02006291,58590
E02006292,71919
E02006293,58278
E02006294,55290
E02006295,59821
E02006296,64114
E02006297,73951
E02006298,55903
E02006299,56141
E02006300,45343
E02006301,44590
E02006302,50767
E02006303,43476
E02006304,45727
E02006305,40578
E02006306,44194
E02006307,50888
E02006308,36808
E02006309,38751
E02006310,54476
E02006311,46623
E02006312,55227
E02006313,44345
E02006314,48976
E02006315,50779
E02006316,46990
E02006238,42559
E02006239,58840
E02006240,58230
E02006241,50249
E02006242,62789
E02006243,49798
E02006273,52831
E02006274,60544
E02006275,47278
E02006276,59034
E02006277,72382
E02006278,53507
E02006279,53494
E02006280,63435
E02006281,51379
E02006282,52830
E02006283,59790
E02006284,55464
E02006285,58288
E02006286,50617
E02006826,49682
E02000001,91506
E02000002,60307
E02000003,64687
E02000004,73167
E02000005,65001
E02000007,60395
E02000008,61478
E02000009,65839
E02000010,63033
E02000011,64715
E02000012,72469
E02000013,60785
E02000014,59017
E02000015,61101
E02000016,66766
E02000017,66282
E02000018,63438
E02000019,68408
E02000020,65130
E02000021,62778
E02000022,76875
E02000023,70564
E02006799,60461
E02000024,94778
E02000025,72227
E02000026,86589
E02000027,78533
E02000028,83425
E02000029,81661
E02000030,83501
E02000031,85647
E02000032,87309
E02000033,71994
E02000034,77782
E02000035,78798
E02000036,76748
E02000037,94390
E02000038,77812
E02000039,90481
E02000040,78925
E02000041,71165
E02000042,73012
E02000043,94484
E02000044,69466
E02000045,70363
E02000046,79944
E02000047,59921
E02000048,86303
E02000049,63457
E02000050,75010
E02000051,82928
E02000052,82701
E02000054,76599
E02000055,65463
E02000056,91488
E02000057,82608
E02000058,87831
E02000059,63166
E02000060,79910
E02000061,84463
E02000062,61123
E02000063,66192
E02000064,77163
E02006953,82051
E02006954,71851
E02000065,70376
E02000066,61407
E02000067,66257
E02000068,68400
E02000069,72785
E02000070,76370
E02000071,70555
E02000072,72755
E02000073,82704
E02000074,65909
E02000075,76358
E02000077,78766
E02000078,85519
E02000079,75592
E02000080,79870
E02000081,80875
E02000082,80225
E02000083,73561
E02000084,83305
E02000085,77495
E02000086,88153
E02000087,91783
E02000088,84013
E02000089,85705
E02000090,72465
E02000091,78299
E02000092,66425
E02006785,72037
E02000093,63693
E02000094,67666
E02000095,67392
E02000096,82681
E02000097,62505
E02000098,60695
E02000099,66145
E02000100,84626
E02000101,59558
E02000102,60036
E02000103,61202
E02000104,60760
E02000105,61888
E02000106,52863
E02000107,62383
E02000108,66354
E02000110,66222
E02000111,59763
E02000112,59923
E02000113,48020
E02000114,61273
E02000115,71388
E02000116,58968
E02000117,55927
E02000118,59242
E02000119,60008
E02000120,66342
E02000121,60668
E02000122,74302
E02000123,56580
E02000124,81274
E02000125,73312
E02000126,63215
E02006955,77188
E02006956,64800
E02000127,64454
E02000128,87337
E02000130,86276
E02000131,77512
E02000132,85971
E02000133,108205
E02000134,81171
E02000135,62782
E02000136,81487
E02000137,87967
E02000138,83292
E02000139,93102
E02000140,69891
E02000141,86563
E02000142,94065
E02000144,98555
E02000145,64826
E02000146,81205
E02000147,112223
E02000148,103536
E02000149,71475
E02000150,99118
E02000151,101192
E02000152,75736
E02000153,99185
E02000154,90028
E02000155,66899
E02000156,92626
E02000157,105065
E02000158,79981
E02000159,95642
E02000160,97295
E02000161,98498
E02000162,79436
E02000163,91327
E02000165,84062
E02006782,75212
E02006787,90958
E02006789,76471
E02000166,77800
E02000167,99126
E02000168,88595
E02000169,108654
E02000170,82587
E02000171,82603
E02000172,64690
E02000173,98428
E02000174,72370
E02000175,78946
E02000176,85587
E02000177,68767
E02000178,65300
E02000179,87515
E02000180,66700
E02000181,92018
E02000182,79140
E02000183,76763
E02000184,68987
E02000185,52660
E02000186,78067
E02000187,59656
E02000188,66058
E02000191,77584
E02000192,71935
E02000193,70221
E02007115,61232
E02000194,74759
E02000195,75547
E02000196,66506
E02000197,70525
E02000198,65465
E02000199,72259
E02000200,70185
E02000201,64915
E02000202,68100
E02000203,60228
E02000204,63791
E02000206,65288
E02000207,68833
E02000208,62892
E02000209,64557
E02000210,81653
E02000211,84128
E02000212,65111
E02000213,61999
E02000214,89825
E02000215,68276
E02000216,88219
E02000217,67041
E02000218,78805
E02000219,85476
E02000221,68301
E02000222,77181
E02000223,59647
E02000224,81967
E02000225,62566
E02000226,86467
E02000227,72194
E02000228,95808
E02000229,57756
E02000230,81987
E02000231,94210
E02000232,87785
E02000233,87499
E02000234,84183
E02000235,95259
E02000236,94407
E02000237,79226
E02006788,67022
E02006987,74533
E02006988,64440
E02000238,69362
E02000239,70039
E02000240,64374
E02000241,70888
E02000242,70580
E02000243,63901
E02000244,70557
E02000245,66416
E02000246,63091
E02000247,65640
E02000248,76796
E02000249,63403
E02000250,92853
E02000251,64649
E02000252,60606
E02000253,58552
E02000254,60156
E02000255,86855
E02000256,94145
E02000258,80509
E02000259,86882
E02000260,53974
E02000261,68803
E02000262,73737
E02000263,55037
E02000264,85588
E02000265,76393
E02000266,57263
E02000267,76003
E02000268,80994
E02000269,100632
E02000270,72231
E02000271,93389
E02000272,90315
E02000275,58577
E02000276,86445
E02006791,75749
E02006968,84248
E02006969,78749
E02006970,57561
E02006971,56862
E02000277,63649
E02000278,58599
E02000279,70211
E02000280,71765
E02000281,64703
E02000282,56427
E02000283,66671
E02000284,80957
E02000285,83132
E02000286,79195
E02000287,85758
E02000288,60622
E02000289,94715
E02000290,59349
E02000291,66344
E02000292,71976
E02000293,83095
E02000294,60046
E02000295,81816
E02000296,71236
E02000297,80117
E02000298,98743
E02000299,59312
E02000300,58670
E02000301,57336
E02000302,68868
E02000303,53970
E02000304,91710
E02000305,79108
E02000306,50216
E02000307,67036
E02000308,67085
E02000309,58859
E02000311,61112
E02000312,67541
E02006793,61211
E02000313,62956
E02000314,68969
E02000315,61567
E02000317,63447
E02000318,58939
E02000319,65141
E02000320,68991
E02000321,57786
E02000323,59687
E02000324,62861
E02000326,76655
E02000327,65284
E02000328,90463
E02000329,66225
E02000331,70574
E02000332,77087
E02000333,97035
E02000334,73055
E02000335,88719
E02000337,67931
E02000339,78488
E02000340,73905
E02000341,63115
E02000342,79617
E02000343,68942
E02000344,84182
E02006786,68844
E02006927,86827
E02006928,84152
E02006930,88414
E02006931,84834
E02006991,87724
E02006992,78378
E02006993,84840
E02006994,64344
E02000345,82522
E02000346,68397
E02000347,77471
E02000348,69305
E02000350,79867
E02000351,73981
E02000352,69649
E02000353,78848
E02000354,64996
E02000355,73666
E02000356,86370
E02000357,58237
E02000358,66626
E02000359,74004
E02000360,60081
E02000361,70311
E02000362,60061
E02000363,58764
E02000364,69277
E02000366,62470
E02000367,75411
E02000368,65834
E02000369,72205
E02000370,71501
E02006918,75564
E02006921,71128
E02007108,68999
E02007109,63590
E02007110,71981
E02007111,78661
E02000372,62325
E02000373,58980
E02000374,64691
E02000375,65802
E02000376,63521
E02000377,67295
E02000378,72755
E02000379,80353
E02000380,83396
E02000381,81262
E02000382,83460
E02000383,67038
E02000384,71533
E02000385,68777
E02000386,59085
E02000387,66580
E02000388,74527
E02000389,92096
E02000390,73947
E02000391,83914
E02000392,88859
E02000393,90432
E02000394,74262
E02000395,112966
E02000396,89265
E02000397,64883
E02000398,54710
E02000400,69698
E02000401,58175
E02000402,53165
E02000403,64727
E02000404,54374
E02000405,118663
E02000406,58999
E02000407,55170
E02000408,55555
E02000409,58996
E02000410,104491
E02000411,62410
E02000412,56421
E02000413,103486
E02000414,62436
E02000415,58988
E02000416,77107
E02000417,96068
E02000418,91000
E02000419,68649
E02000420,60726
E02000421,55234
E02000422,60463
E02000423,67164
E02000424,85275
E02000425,80867
E02000426,99633
E02000427,71129
E02000428,62235
E02000429,99204
E02000430,86841
E02000431,89916
E02000432,78987
E02006794,55937
E02000433,76925
E02000434,79501
E02000435,71842
E02000436,91885
E02000437,72516
E02000438,74294
E02000439,67640
E02000440,86865
E02000441,79616
E02000442,66456
E02000443,66577
E02000444,72797
E02000445,66493
E02000447,93419
E02000448,98798
E02000449,59171
E02000451,100951
E02000452,75019
E02000453,83139
E02000454,113432
E02000455,75266
E02000456,79134
E02000457,85437
E02000459,72467
E02000460,75582
E02000461,87307
E02000462,74609
E02000463,65327
E02006795,79014
E02006882,73366
E02000464,61692
E02000465,66180
E02000466,67176
E02000467,58436
E02000468,68381
E02000469,63584
E02000470,74051
E02000471,80052
E02000472,79642
E02000473,80083
E02000474,66544
E02000475,79202
E02000476,64316
E02000477,86349
E02000478,86987
E02000479,69024
E02000480,73652
E02000481,76750
E02000482,103241
E02000483,70392
E02000484,77887
E02000485,86896
E02000486,75074
E02000487,104831
E02000488,80814
E02000489,72722
E02000490,69874
E02000491,72916
E02000492,74216
E02000493,67555
E02000494,93030
E02000495,76180
E02000496,72584
E02000497,84177
E02000498,81781
E02000499,93692
E02000500,89285
E02000501,82996
E02000502,82272
E02000503,88352
E02000504,93393
E02000506,88628
E02000507,81892
E02000508,81004
E02000509,72497
E02000510,81405
E02000511,74178
E02000512,66639
E02000513,66192
E02000514,67666
E02000515,71307
E02000516,61989
E02000517,64010
E02000518,63825
E02000519,62306
E02000520,64070
E02000521,71636
E02000522,73309
E02000523,69412
E02000524,63805
E02000525,64977
E02006796,85116
E02000526,98063
E02000529,69450
E02000530,57302
E02000531,78259
E02000532,94870
E02000533,89722
E02000534,93163
E02000535,62505
E02000536,68872
E02000537,75676
E02000538,59989
E02000539,83140
E02000540,71268
E02000541,57091
E02000542,64249
E02000543,74706
E02000544,80553
E02000545,77480
E02000546,68679
E02000547,64005
E02000548,70217
E02000549,68931
E02000550,72992
E02000551,62790
E02000552,80198
E02000553,70963
E02006792,78457
E02006972,81795
E02006973,73027
E02000554,64327
E02000555,80684
E02000556,73756
E02000557,64661
E02000558,56779
E02000559,85530
E02000560,69881
E02000561,86930
E02000562,74188
E02000563,63154
E02000564,77242
E02000565,69000
E02000566,90508
E02000567,75017
E02000568,62428
E02000569,75193
E02000570,86920
E02000571,70977
E02000572,58856
E02000573,84536
E02000574,72112
E02000575,76823
E02000576,63642
E02000577,47100
E02000578,51917
E02000579,65468
E02000580,58955
E02000581,52846
E02000582,89204
E02000583,87584
E02000584,103548
E02000585,82473
E02000586,90095
E02000587,104155
E02000588,98561
E02000589,80630
E02000590,72824
E02000591,65514
E02000592,122187
E02000593,77322
E02000594,74743
E02000595,96287
E02000596,82570
E02000597,62435
E02000598,116925
E02000599,101316
E02000600,98159
E02000601,106796
E02000602,80031
E02000603,80290
E02000604,92372
E02000605,96993
E02000606,84290
E02000607,102712
E02000608,86150
E02000609,83792
E02000610,79771
E02000611,97723
E02000612,88157
E02000613,96054
E02000614,79405
E02000615,83531
E02000616,87358
E02000617,81148
E02000619,66162
E02000620,68850
E02000621,74124
E02000622,75642
E02000623,62781
E02000624,70095
E02000625,68817
E02000626,59682
E02000627,74148
E02000628,60747
E02000629,82005
E02000630,84388
E02000631,80323
E02000632,83263
E02000633,66181
E02000634,71040
E02000635,77812
E02000636,97178
E02000637,80413
E02000638,68213
E02000639,65753
E02000640,90597
E02000641,66230
E02000642,79620
E02000643,75500
E02000644,79746
E02000645,78529
E02000646,76121
E02000647,78076
E02000648,63873
E02000649,74681
E02000650,72504
E02000651,73456
E02000652,66556
E02006801,71262
E02000653,80087
E02000654,57836
E02000655,67464
E02000657,65561
E02000658,72619
E02000659,77104
E02000660,73841
E02000661,85038
E02000662,72082
E02000663,77810
E02000665,76893
E02000666,80367
E02000667,87228
E02000668,94429
E02000669,73563
E02000670,62475
E02000671,75623
E02000672,68871
E02000673,90177
E02000674,74400
E02000675,76301
E02000676,83344
E02000677,72189
E02000678,67273
E02000679,77783
E02000680,77466
E02000681,63613
E02000682,67293
E02000683,59540
E02000685,67693
E02000686,64243
E02000687,70060
E02006783,65571
E02006784,62037
E02006798,58869
E02007008,72089
E02007009,61125
E02000689,108303
E02000690,106504
E02000691,102426
E02000692,106692
E02000693,82584
E02000694,89075
E02000695,69264
E02000696,71740
E02000697,96744
E02000698,111435
E02000699,108609
E02000700,66651
E02000701,68080
E02000702,69621
E02000703,97783
E02000704,79337
E02000705,70552
E02000706,65532
E02000707,70092
E02000708,93237
E02000709,91477
E02000710,69928
E02000711,70212
E02000712,65627
E02000713,87505
E02000714,68844
E02000715,53635
E02000716,61808
E02000717,60647
E02000718,67426
E02000719,60200
E02000720,72089
E02000721,54751
E02000722,60748
E02000723,57098
E02000724,56241
E02000725,66071
E02000727,55558
E02000728,64860
E02000729,54512
E02000730,53561
E02000731,60165
E02000732,55838
E02000733,61235
E02000734,56640
E02000735,53883
E02000736,61226
E02000737,65681
E02000738,71367
E02000739,59064
E02000740,61161
E02000741,60592
E02000742,64306
E02000743,62921
E02000744,60440
E02000745,62349
E02000746,64226
E02000747,71877
E02000748,66462
E02000749,56593
E02006995,112061
E02006996,73459
E02006997,82218
E02006998,67917
E02006999,94859
E02000751,92612
E02000752,65572
E02000753,68319
E02000754,78810
E02000755,78317
E02000756,71745
E02000757,86718
E02000758,71838
E02000759,80105
E02000760,68704
E02000762,74061
E02000763,75675
E02000764,84743
E02000765,74509
E02000767,75733
E02000768,93949
E02000770,71533
E02000772,71105
E02000773,73998
E02000774,68547
E02000776,77221
E02000777,86852
E02000779,67280
E02000781,69778
E02000782,65968
E02000783,64692
E02006800,65686
E02006924,69593
E02006925,80829
E02007017,81255
E02007018,72693
E02007019,72324
E02007020,61356
E02000784,104617
E02000785,119792
E02000786,105884
E02000787,100539
E02000788,95131
E02000789,96418
E02000790,104141
E02000791,114202
E02000792,114583
E02000793,94636
E02000794,108460
E02000795,128590
E02000796,82912
E02000797,101183
E02000798,97351
E02000799,114455
E02000800,91619
E02000801,101945
E02000802,100234
E02000803,82628
E02000804,94656
E02000805,100453
E02000806,102829
E02000807,87651
E02000808,76670
E02000810,66898
E02000812,66102
E02000813,73575
E02000814,90287
E02000815,81885
E02000816,65875
E02000817,54492
E02000818,66998
E02000819,61112
E02000820,68622
E02000821,55099
E02000822,58614
E02000823,65383
E02000824,61055
E02000825,62017
E02000826,68931
E02000827,63423
E02000828,65168
E02000829,60240
E02000830,75874
E02000831,76254
E02000832,61734
E02000833,83526
E02000834,85791
E02000835,80981
E02000836,90667
E02000837,125416
E02000838,85311
E02000839,87512
E02006802,69009
E02006941,116128
E02006942,74902
E02000840,68437
E02000841,66401
E02000842,80509
E02000843,81952
E02000844,72246
E02000845,87765
E02000846,80418
E02000847,81599
E02000848,83700
E02000849,80227
E02000850,83821
E02000851,71153
E02000852,88365
E02000853,82026
E02000854,88928
E02000855,88242
E02000856,90276
E02000857,75999
E02000858,63180
E02000859,83026
E02000860,74463
E02000861,107618
E02000863,94039
E02006836,107119
E02000864,68880
E02000865,65643
E02000866,70324
E02000867,70890
E02000868,69745
E02000869,60816
E02000870,62932
E02000871,66716
E02000872,69280
E02000873,77599
E02000874,67052
E02000875,66256
E02000876,63503
E02000877,69078
E02000878,66032
E02000879,57438
E02000880,62838
E02000881,70803
E02000882,60549
E02000883,57094
E02000884,77943
E02000885,55447
E02000886,78997
E02000887,64790
E02000888,78816
E02000889,82123
E02000890,101017
E02000893,73044
E02000894,85624
E02006853,79701
E02006854,97078
E02007112,101993
E02007113,91434
E02007114,81894
E02000895,64615
E02000896,73455
E02000897,71023
E02000898,67688
E02000899,68130
E02000900,69710
E02000901,85586
E02000902,77550
E02000903,70811
E02000904,79497
E02000905,83504
E02000906,73990
E02000907,68670
E02000908,71094
E02000909,82001
E02000910,66000
E02000911,69545
E02000912,65522
E02000913,75791
E02000914,60209
E02000915,75538
E02000916,69028
E02000917,72058
E02000918,72957
E02000919,70152
E02000920,62304
E02000921,58987
E02000922,66601
E02000923,83030
E02000925,71604
E02000926,80728
E02000927,73643
E02000928,112052
E02000929,62230
E02000930,85867
E02000931,101815
E02000932,94112
E02000933,88393
E02000934,77353
E02000935,63671
E02000936,82675
E02000937,104802
E02000938,73640
E02000939,116045
E02000940,82381
E02000941,99498
E02000942,100088
E02000943,93136
E02000944,71750
E02000945,62346
E02000946,86040
E02000947,98417
E02000948,90275
E02000949,97695
E02000950,91610
E02000951,79145
E02000952,86538
E02000953,96061
E02000954,84482
E02000955,73116
E02000956,67185
E02000957,75268
E02000958,81157
E02000959,72278
E02007083,93982
E02007084,61232
E02000960,91893
E02000961,78016
E02000962,67862
E02000963,55073
E02000964,55466
E02000965,82564
E02000966,84107
E02000967,93638
E02000968,48971
E02000969,54201
E02000970,95156
E02000971,84824
E02000972,68395
E02000973,72067
E02000974,75334
E02000975,77036
E02000976,68417
E02000977,81840
E02000978,111408
E02000979,80742
E02000980,70893
E02000981,81743
E02000982,65357
E02000983,68516
E02003314,47794
E02003315,59723
E02003316,62406
E02003317,61953
E02003318,66579
E02003319,51192
E02003320,63938
E02003321,52517
E02003322,52990
E02003323,54842
E02003324,55012
E02003325,46110
E02003326,53484
E02003327,58793
E02003328,44229
E02003329,56328
E02003330,58783
E02003331,47564
E02003332,57175
E02003333,46744
E02003334,52642
E02003335,50285
E02003336,57998
E02003337,56293
E02003338,51104
E02003339,58101
E02003340,48231
E02003341,60775
E02003342,59409
E02003343,64721
E02003344,51371
E02003345,68715
E02003346,57789
E02003347,62659
E02003348,66899
E02003349,57822
E02003350,56668
E02003351,60213
E02003352,67579
E02003353,83484
E02003354,77480
E02003355,58487
E02003356,75250
E02003357,56040
E02003358,63528
E02003359,64698
E02003360,71952
E02003361,58427
E02003362,61271
E02003363,73635
E02003364,74693
E02003365,77801
E02003366,68459
E02003367,71644
E02003368,58344
E02003369,76830
E02003370,76706
E02003371,67444
E02003372,69944
E02003373,80271
E02003374,67322
E02003375,64579
E02003376,57354
E02003377,74527
E02003378,59339
E02003379,56820
E02003380,62525
E02003381,82234
E02003382,57656
E02003383,71807
E02003384,74058
E02003385,60836
E02003386,60043
E02003387,72688
E02003388,68268
E02003389,68768
E02003390,89340
E02003391,76198
E02003392,66535
E02003393,71497
E02003394,56760
E02003395,58469
E02003396,57918
E02003397,54603
E02003398,58256
E02003400,72060
E02003401,60680
E02003402,60355
E02003403,53030
E02003404,58221
E02003405,53495
E02003406,54551
E02006939,62052
E02006940,64564
E02003407,57552
E02003408,54467
E02003409,61230
E02003410,52293
E02003411,53956
E02003412,61272
E02003414,60736
E02003415,51724
E02003416,72179
E02003417,63919
E02003418,61809
E02003419,58424
E02003420,60936
E02007068,56564
E02007069,52476
E02003421,70413
E02003422,76784
E02003423,64288
E02003424,79260
E02003425,67418
E02003426,83187
E02003427,65933
E02003428,71642
E02003429,77813
E02003430,61718
E02003431,69051
E02003432,69155
E02003433,67552
E02003434,62050
E02003435,82476
E02003436,66992
E02003437,80819
E02003438,80853
E02003439,74862
E02003440,82630
E02003441,71394
E02003442,85520
E02003443,55783
E02003444,77671
E02003445,67873
E02003446,87127
E02003447,77845
E02003448,78040
E02003449,72830
E02003450,71098
E02003451,65371
E02003452,88576
E02003453,96185
E02003454,85240
E02003455,78509
E02003456,74190
E02003457,87821
E02003458,83881
E02003459,70722
E02003460,65600
E02003461,58655
E02003462,64725
E02003463,57173
E02003464,49056
E02003465,53891
E02003466,56643
E02003467,50459
E02003468,59138
E02003469,60538
E02003470,45500
E02003471,50021
E02003472,57046
E02003473,63704
E02003474,66405
E02003476,42459
E02003478,70064
E02003479,45395
E02003480,65264
E02003481,46118
E02003482,69575
E02003483,82345
E02003484,58540
E02003485,50143
E02003486,74870
E02003487,56546
E02003488,49548
E02003489,56282
E02003490,55692
E02007012,82648
E02007013,83825
E02007014,66412
E02007015,74657
E02007016,77951
E02003491,62002
E02003492,48604
E02003493,64821
E02003494,68143
E02003495,57048
E02003496,54439
E02003497,75933
E02003498,45762
E02003499,47605
E02003500,82016
E02003501,66776
E02003502,51552
E02003503,59024
E02003504,66405
E02003505,60359
E02003506,65211
E02003507,53701
E02003508,66552
E02003509,50071
E02003510,57321
E02003511,62233
E02003512,60349
E02003513,54979
E02003514,55790
E02003515,43003
E02003516,54305
E02003517,50552
E02003518,46969
E02003519,50014
E02003520,42865
E02003521,46035
E02003522,54125
E02003523,56102
E02003524,47563
E02003525,44052
E02003526,63181
E02003527,60934
E02003529,65780
E02003530,53967
E02003531,58508
E02003532,56051
E02003533,47698
E02003534,61457
E02003535,52753
E02003536,37368
E02003537,57330
E02003538,47524
E02003540,53708
E02003541,42585
E02003542,56688
E02003543,54419
E02003544,62915
E02003545,54476
E02003546,56396
E02003547,53404
E02003548,55677
E02006821,65164
E02006975,45832
E02006976,33666
E02003549,66199
E02003550,57307
E02003551,45543
E02003552,46087
E02003553,50251
E02003554,58567
E02003555,50906
E02003556,57316
E02003557,62497
E02003558,54766
E02003559,73053
E02003560,43022
E02003561,45706
E02003562,58940
E02003563,52190
E02003564,51375
E02003565,51096
E02003566,48762
E02003567,55845
E02003568,56945
E02003569,48393
E02003570,41131
E02003571,46660
E02003572,60300
E02003573,45149
E02003574,49073
E02003575,43982
E02003576,49783
E02003578,51814
E02003579,54453
E02003580,45132
E02007074,46915
E02007075,66552
E02003581,49578
E02003582,55029
E02003583,44858
E02003584,41472
E02003585,51609
E02003586,47488
E02003587,45534
E02003588,44385
E02003589,44096
E02003590,49933
E02003591,50258
E02003592,40613
E02003593,51616
E02003594,41206
E02003595,42983
E02003596,38830
E02003597,46837
E02003598,41126
E02003652,73674
E02003653,65863
E02003654,74050
E02003655,66030
E02003656,63785
E02003657,71930
E02003658,72415
E02003659,70044
E02003660,72015
E02003661,66934
E02003662,56264
E02003663,68497
E02003664,56552
E02003665,66314
E02003666,51997
E02003667,59436
E02003668,67823
E02003669,49587
E02003670,66128
E02003671,58965
E02003672,78406
E02003673,76927
E02003674,78686
E02003675,78966
E02003676,76105
E02003677,60973
E02003678,73928
E02003679,57575
E02003680,78262
E02003681,83377
E02003682,87335
E02003683,88534
E02003685,77981
E02003686,74743
E02003687,76739
E02003688,82669
E02003689,86992
E02003690,59215
E02003691,77234
E02003692,67937
E02003693,78834
E02003694,65940
E02003695,67821
E02003696,64597
E02003697,79145
E02003698,81840
E02003699,62638
E02003701,64500
E02003702,72630
E02003703,69039
E02003704,78677
E02003705,56245
E02003706,57331
E02003707,63946
E02003708,43599
E02003709,56777
E02003710,61570
E02003711,62734
E02003712,56775
E02003713,80100
E02003714,66318
E02003715,80869
E02003716,71501
E02003717,79097
E02003718,70967
E02006823,76979
E02006824,71636
E02004356,45682
E02004357,45029
E02004358,46008
E02004359,45287
E02004361,61864
E02004362,51682
E02004363,50444
E02004364,50289
E02004365,42194
E02004366,45449
E02004367,52285
E02006857,47872
E02006858,54491
E02004368,54945
E02004369,51935
E02004370,38179
E02004371,48515
E02004372,41869
E02004373,48873
E02004374,47401
E02004375,47798
E02004376,41940
E02004377,48582
E02004378,35517
E02004379,68114
E02004380,68897
E02004381,58820
E02004382,60503
E02004383,70263
E02004384,53524
E02004385,47118
E02004386,47717
E02004387,48452
E02004388,45906
E02004389,52731
E02004390,51702
E02004391,44327
E02004392,62182
E02004393,51531
E02004394,59221
E02004395,45684
E02004396,54318
E02004397,58537
E02004398,43905
E02004399,46558
E02004400,53835
E02004401,47741
E02004402,38293
E02004403,69838
E02004404,70588
E02004405,66777
E02004406,66001
E02004407,65110
E02004408,58759
E02004409,73459
E02004410,66533
E02004411,57373
E02004412,53203
E02004413,55852
E02004414,62856
E02004415,61876
E02004416,56804
E02004417,49357
E02004418,50326
E02004419,44994
E02004420,56280
E02004421,48309
E02004422,54835
E02004423,50626
E02004675,67271
E02004676,68354
E02004677,77259
E02004678,75642
E02004679,77722
E02004680,85229
E02004681,60485
E02004682,75937
E02004683,56855
E02004684,69194
E02004685,56358
E02004686,58844
E02004687,57071
E02004688,47885
E02004689,70738
E02004690,60529
E02004691,66600
E02004692,63655
E02004693,56600
E02004694,70058
E02004695,92505
E02004696,76527
E02004697,77556
E02004698,50667
E02004699,68662
E02004700,63720
E02004702,59270
E02004703,76585
E02004704,59379
E02004705,71429
E02004706,62973
E02004707,70897
E02004708,57281
E02004709,67967
E02004710,68420
E02006829,68826
E02006838,70416
E02004712,83652
E02004713,63844
E02004714,67360
E02004715,57341
E02004716,58941
E02004717,55130
E02004718,51723
E02004719,69511
E02004720,56550
E02004721,84585
E02004722,54490
E02004723,60259
E02004724,65112
E02004725,54670
E02004726,64965
E02004727,83268
E02004728,66439
E02004729,55762
E02004730,66485
E02004731,71325
E02004732,68974
E02004733,69590
E02004734,60345
E02004735,66591
E02004736,57980
E02004737,52100
E02004738,58534
E02004739,59815
E02004740,66378
E02004741,52338
E02004742,50369
E02004743,58881
E02004744,59266
E02004745,50493
E02004746,63252
E02004747,49103
E02004748,43851
E02004749,65160
E02004750,61092
E02004751,66915
E02004752,73962
E02004753,70933
E02004754,80672
E02004755,83513
E02004756,84934
E02004757,81864
E02004758,81194
E02004759,75475
E02004760,89521
E02004761,77718
E02004764,51292
E02004765,63198
E02004766,47319
E02004767,45805
E02004768,52792
E02004769,46153
E02004770,41711
E02004771,45938
E02004772,55179
E02004774,63284
E02004775,59377
E02004776,55735
E02004777,47779
E02004778,45030
E02006822,54986
E02006830,50254
E02006831,56600
E02004779,61048
E02004780,49811
E02004781,61484
E02004782,50670
E02004783,59322
E02004784,67716
E02004785,59029
E02004786,61315
E02004787,58720
E02004788,62602
E02004789,58780
E02004790,50820
E02004791,56040
E02004792,53240
E02004793,64549
E02004794,68371
E02004795,59326
E02004796,51485
E02004797,50431
E02004798,46910
E02004799,44305
E02004800,50402
E02004801,58738
E02004802,55853
E02004803,50426
E02004804,64222
E02004805,74176
E02004806,74216
E02004807,59735
E02004808,66313
E02004809,60970
E02004810,57146
E02004811,49748
E02004812,65514
E02004813,47426
E02004814,70227
E02004815,50030
E02004817,53151
E02004818,63054
E02004819,64244
E02004820,69729
E02004821,69705
E02004822,67191
E02004823,67033
E02004824,53122
E02004825,65057
E02004826,77100
E02004827,77892
E02004828,68426
E02007076,71128
E02007077,66824
E02007078,48610
E02004829,78277
E02004830,73754
E02004831,82788
E02004832,63047
E02004833,79283
E02004834,50329
E02004835,71814
E02004836,57818
E02004837,77551
E02004838,73291
E02004839,75667
E02004840,63379
E02004841,70379
E02004842,68883
E02004996,63415
E02004997,57644
E02004998,65059
E02005000,52340
E02005001,58680
E02005002,47653
E02005003,50914
E02005004,64687
E02005005,71336
E02005006,59748
E02005007,62489
E02005008,52496
E02005009,61487
E02007046,51048
E02007047,68772
E02005010,41387
E02005011,54768
E02005012,51163
E02005013,45759
E02005014,55382
E02005015,60276
E02005016,59496
E02005017,56165
E02005018,55394
E02005019,58085
E02005020,52400
E02005021,66641
E02005022,55644
E02005023,46148
E02005025,67511
E02005026,65978
E02005027,64182
E02006855,51795
E02006856,55289
E02005028,65533
E02005029,74911
E02005030,66505
E02005031,57027
E02005032,59512
E02005033,59209
E02005034,79265
E02005035,62374
E02005036,54637
E02005037,69046
E02005038,67463
E02005039,58886
E02005040,65499
E02005041,59052
E02005042,54547
E02005043,48760
E02005044,50746
E02005045,51779
E02005046,55138
E02005047,50218
E02005048,59846
E02005049,59234
E02005050,59682
E02005051,46452
E02005052,42239
E02005053,44977
E02005054,56630
E02005055,49928
E02005056,44275
E02005057,55667
E02005058,48354
E02005059,65352
E02005060,57931
E02005061,51641
E02005062,60143
E02005063,61770
E02005064,67019
E02005065,53056
E02005066,64535
E02005067,65196
E02005068,76242
E02005069,67770
E02005070,65502
E02005071,46999
E02005072,75854
E02005073,52203
E02005074,67085
E02005075,63489
E02005076,53849
E02005077,54467
E02005078,60151
E02005079,64313
E02005080,47078
E02005081,58758
E02005082,61371
E02005083,65625
E02005084,62432
E02005085,67482
E02005086,61567
E02005087,65281
E02005088,50380
E02005089,64409
E02005090,63312
E02005091,64294
E02005093,52061
E02005094,66767
E02005095,74296
E02005096,68777
E02005097,100432
E02005098,84568
E02005099,69295
E02005100,61351
E02005101,71578
E02006832,68574
E02005102,55731
E02005103,60956
E02005104,48762
E02005105,47055
E02005106,54022
E02005107,63908
E02005109,62088
E02005110,57508
E02005111,43055
E02005112,43207
E02005113,49623
E02005114,45552
E02006879,39070
E02006880,45780
E02005115,43348
E02005116,40447
E02005117,46145
E02005118,53569
E02005119,48041
E02005120,43287
E02005121,67575
E02005122,61951
E02005123,60895
E02005124,45650
E02005125,52484
E02005126,55243
E02005127,66374
E02005128,60918
E02005129,55337
E02005130,55722
E02005131,59933
E02005132,37794
E02005133,53827
E02005134,41754
E02005135,47731
E02005136,54137
E02005137,45926
E02005138,48297
E02005139,45940
E02005140,58921
E02005141,50625
E02005142,48150
E02005143,53441
E02005144,41421
E02005145,51337
E02005146,53749
E02005147,39893
E02005148,50147
E02005149,63806
E02005150,57072
E02005151,61366
E02005153,60669
E02005154,69945
E02005155,90624
E02005156,57426
E02005157,56068
E02005158,75899
E02005159,68910
E02005160,64832
E02005161,67955
E02006833,68444
E02005162,63506
E02005163,69577
E02005164,66082
E02005165,65018
E02005166,53749
E02005167,85114
E02005168,71448
E02005169,62411
E02005170,73987
E02005171,52883
E02005172,71567
E02005173,81437
E02005174,62869
E02005175,63917
E02005921,67040
E02005922,61451
E02005923,46725
E02005924,47080
E02005925,46397
E02005926,52635
E02005927,59388
E02005928,70246
E02005929,68244
E02005930,72864
E02005931,73545
E02005932,79368
E02005933,58989
E02005934,57050
E02005935,61092
E02005936,74226
E02005937,59029
E02005938,55035
E02005939,58973
E02005940,71481
E02005941,91935
E02005942,90400
E02005943,69284
E02005944,53151
E02005945,72789
E02005946,69983
E02005947,74056
E02005948,61916
E02005949,52796
E02005950,63813
E02005951,62957
E02005953,73591
E02005954,55564
E02005955,53513
E02005956,46592
E02005957,49929
E02007021,59661
E02007116,55945
E02005958,73397
E02005959,62919
E02005960,70953
E02005961,66551
E02005962,72952
E02005963,58971
E02005964,73334
E02005965,68257
E02005966,75233
E02005967,67765
E02005968,74020
E02005969,66348
E02005970,55552
E02005971,58794
E02005972,77950
E02005973,67210
E02005974,67661
E02005975,75790
E02005976,84477
E02005977,70819
E02005978,73739
E02005979,70821
E02005980,69933
E02005981,75116
E02005982,69341
E02005983,61901
E02005984,79926
E02005985,56481
E02005986,61965
E02005987,66652
E02005988,68514
E02005991,63898
E02005992,78502
E02006886,70726
E02005993,57903
E02005994,61174
E02005995,64748
E02005996,73977
E02005997,70320
E02005998,73114
E02005999,60850
E02006000,64097
E02006001,69635
E02006002,52676
E02006003,64211
E02006004,66127
E02006005,74927
E02006006,60866
E02006007,64411
E02006317,77295
E02006318,87435
E02006319,61946
E02006320,64692
E02006321,99750
E02006322,91966
E02006323,73406
E02006324,82384
E02006325,102719
E02006326,80629
E02006327,85742
E02006328,72734
E02006329,86354
E02006330,70130
E02006331,88605
E02006332,90091
E02006333,75134
E02006334,95534
E02006335,65241
E02006336,61307
E02006337,78590
E02006338,69631
E02006339,75517
E02006341,70389
E02006342,68931
E02006343,87090
E02006837,85897
E02006344,72234
E02006345,79222
E02006346,89178
E02006347,69136
E02006348,70845
E02006349,70712
E02006350,56621
E02006351,78761
E02006352,64866
E02006353,60384
E02006354,85059
E02006355,57574
E02006356,65769
E02006357,65756
E02006358,69994
E02006359,78020
E02006360,76254
E02006361,74944
E02006362,82575
E02006363,79183
E02006364,57368
E02006365,73660
E02006366,78485
E02006367,79067
E02006368,67711
E02006369,58177
E02006370,68465
E02006371,77396
E02006372,66427
E02006373,72988
E02006374,62207
E02006375,85801
E02006376,65168
E02006377,81296
E02006378,79308
E02006379,60070
E02006380,66322
E02006381,69957
E02006382,65302
E02006383,79626
E02006384,69801
E02006385,73201
E02006386,77470
E02006387,73280
E02006388,67273
E02006389,61205
E02006390,66879
E02006391,76912
E02006392,54223
E02006393,66210
E02006394,67610
E02006395,63746
E02006396,61850
E02006397,76857
E02006398,62012
E02006399,68040
E02006400,74122
E02006401,62280
E02006402,74801
E02006403,56399
E02006404,61492
E02006405,67868
E02006406,67294
E02006407,65955
E02006408,62658
E02006409,63123
E02006410,60657
E02006411,69859
E02006412,75209
E02006413,65989
E02006414,69033
E02006415,67881
E02006416,77977
E02006417,69917
E02006418,76084
E02006419,63552
E02006420,85639
E02006421,86351
E02006422,76384
E02006423,62057
E02006424,82552
E02006425,68861
E02006426,78017
E02006427,67092
E02006429,72827
E02006430,71512
E02006431,72674
E02006432,65541
E02006433,84194
E02006434,70951
E02006435,71418
E02006436,64092
E02006437,65719
E02006438,66444
E02006790,61991
E02006439,65387
E02006440,76208
E02006441,60250
E02006442,90665
E02006443,59278
E02006444,79072
E02006445,75784
E02006446,78501
E02006447,80037
E02006448,85576
E02006449,66229
E02006450,78174
E02006451,67237
E02006453,65162
E02006454,78267
E02006455,67564
E02006839,71853
E02006456,66542
E02006457,89692
E02006458,93054
E02006459,51264
E02006460,61577
E02006461,77667
E02006462,71728
E02006463,67979
E02006464,69794
E02006465,84521
E02006466,69005
E02006467,90014
E02006534,55350
E02006535,65116
E02006536,59403
E02006537,48608
E02006538,58010
E02006539,48988
E02006540,45072
E02006541,46615
E02006542,58109
E02006543,58478
E02006544,60441
E02006545,51182
E02006546,55376
E02006547,54665
E02006548,54166
E02006549,51447
E02006550,46968
E02006551,45371
E02006552,38414
E02006553,47057
E02006554,50429
E02006555,41965
E02006556,56175
E02006557,44536
E02006558,37619
E02006559,48957
E02006560,42792
E02006561,73283
E02006562,68613
E02006563,69521
E02006564,52587
E02006565,57720
E02006566,63844
E02006567,61208
E02006568,50570
E02006569,61292
E02006570,53972
E02006571,64358
E02006572,56493
E02006573,52240
E02006574,40939
E02006575,48942
E02006576,73908
E02006577,55739
E02006578,53782
E02006579,60758
E02006580,57397
E02006581,51899
E02006582,88674
E02006583,57891
E02006584,50945
E02006585,56377
E02006586,55313
E02006587,47913
E02006588,67545
E02006589,79068
E02006590,64503
E02006591,67434
E02006592,69158
E02006593,58869
E02006594,71759
E02006595,72295
E02006596,73520
E02006597,64890
E02006598,63830
E02006599,71511
E02006600,52921
E02006601,60694
E02006602,71981
E02006603,61335
E02006604,61197
E02006605,70072
E02006606,73530
E02006607,71954
E02006608,68050
E02006609,71413
E02006610,71861
E02006611,82992
E02006612,66273
E02006613,63324
E02006614,80199
E02006615,70491
E02006616,71964
E02006617,57762
E02006618,73902
E02006619,71145
E02006620,69192
E02006621,54163
E02006622,53903
E02006623,51709
E02006624,70366
E02006625,64067
E02006626,57822
E02006627,54808
E02006628,51842
E02006629,50175
E02006630,43497
E02006631,45269
E02006632,55427
E02006633,57633
E02002985,57749
E02002986,55879
E02002987,68660
E02002988,69620
E02002989,64766
E02002990,58041
E02002991,60275
E02002992,66842
E02002993,54440
E02002994,74847
E02002995,42013
E02002996,70731
E02002997,56655
E02002998,51582
E02002999,52547
E02003000,62627
E02003001,75283
E02003002,67173
E02003003,57156
E02003004,63769
E02003005,64862
E02003006,56354
E02003007,55261
E02003008,50785
E02003009,54502
E02003010,49334
E02003011,52694
E02003012,50799
E02003013,47069
E02003014,44320
E02003015,57348
E02003016,49281
E02003017,65239
E02003018,55974
E02003019,45837
E02003020,66719
E02003021,67451
E02003022,83859
E02003023,50730
E02003024,47699
E02003025,48494
E02003026,83079
E02003027,69814
E02003028,78527
E02003029,47272
E02003030,55064
E02003031,73929
E02003032,52329
E02003033,73720
E02003036,64032
E02003037,76399
E02003038,53768
E02003039,49703
E02003040,47164
E02003041,71643
E02003044,51856
E02003045,65602
E02003046,54452
E02003047,62288
E02003048,58697
E02003049,51037
E02003050,48207
E02003051,60242
E02003052,60541
E02003053,59308
E02003054,55664
E02003055,48750
E02003056,39335
E02003057,52395
E02003058,48277
E02003059,50570
E02003060,46959
E02003061,43125
E02003062,37477
E02003063,56835
E02003064,39041
E02006887,54132
E02006888,43955
E02006889,37495
E02006890,50802
E02006949,51164
E02006950,48442
E02006951,66125
E02006952,64651
E02003065,61553
E02003066,70172
E02003067,65492
E02003068,58693
E02003069,60066
E02003070,70686
E02003071,50398
E02003072,51623
E02003073,74208
E02003074,52359
E02003075,70664
E02003076,62496
E02003077,62926
E02003078,62194
E02003079,57595
E02003080,45271
E02003081,50920
E02003082,40487
E02003084,36021
E02003085,38584
E02003086,42960
E02003087,51690
E02003088,62030
E02003089,49545
E02006845,56320
E02006846,57545
E02003090,69588
E02003091,62007
E02003092,65373
E02003093,67700
E02003094,59188
E02003095,63971
E02003096,55357
E02003097,56063
E02003098,70083
E02003099,52673
E02003101,72208
E02003102,72925
E02003103,56557
E02003104,58943
E02003105,64868
E02003107,50461
E02003108,61305
E02003109,70411
E02003110,75408
E02003111,63938
E02003112,50665
E02003113,60160
E02003114,49973
E02003115,50256
E02003116,43176
E02003117,51545
E02003118,57315
E02003119,55573
E02003120,57483
E02003121,58890
E02007064,54559
E02007065,60311
E02007066,68275
E02007067,72196
E02003122,55747
E02003123,46307
E02003124,45847
E02003125,39814
E02003126,48239
E02003127,44335
E02003128,44068
E02003129,54017
E02003130,44357
E02003131,45187
E02003132,52626
E02003133,50865
E02003134,46028
E02003135,45124
E02003136,52443
E02003137,63901
E02003138,61201
E02003139,64944
E02003140,55901
E02003141,45330
E02003142,43482
E02003143,52884
E02003144,46872
E02003145,48080
E02003146,51921
E02003147,40436
E02003148,39832
E02003149,40919
E02003151,55994
E02003152,56994
E02003153,51717
E02006989,38519
E02006990,40661
E02003154,41535
E02003155,39774
E02003156,50330
E02003157,41010
E02003158,41715
E02003159,43968
E02003161,33290
E02003163,39267
E02003164,47336
E02003165,45757
E02003166,44977
E02003167,32449
E02003168,41677
E02003169,47871
E02003170,40372
E02003171,44560
E02006840,52232
E02003212,55432
E02003214,40555
E02003215,48903
E02003216,48715
E02003217,46225
E02003218,44524
E02003219,73380
E02003220,52234
E02003221,42611
E02003222,66598
E02003223,48417
E02003224,49610
E02003225,60051
E02003226,43239
E02003227,38893
E02003228,56682
E02003229,59389
E02003230,49906
E02003231,41227
E02003232,59229
E02003233,47498
E02003234,50913
E02003235,65954
E02003236,57222
E02006847,75937
E02006848,62772
E02006849,71488
E02003892,46277
E02003893,48510
E02003894,41996
E02003895,46099
E02003896,39982
E02003897,58602
E02003898,54603
E02003899,45738
E02003900,52254
E02003901,39312
E02003902,46638
E02003903,52779
E02003904,42251
E02003905,52093
E02003906,48891
E02003907,53735
E02003908,56143
E02003909,51688
E02003910,51548
E02003911,57141
E02003912,47607
E02003913,53907
E02003914,49072
E02003915,40443
E02003916,48673
E02003917,52857
E02003918,45578
E02003919,40700
E02003920,49309
E02003921,44601
E02003922,42561
E02003923,40047
E02003924,40565
E02003925,39916
E02003926,52881
E02003927,49850
E02003928,50705
E02003929,46339
E02003930,45658
E02003931,43300
E02003932,44956
E02003933,41150
E02003934,43106
E02003935,42760
E02003936,46116
E02003937,46373
E02003938,45171
E02003939,46070
E02003940,45153
E02003941,44247
E02003942,42148
E02003943,42888
E02003944,43112
E02003945,48320
E02003946,44562
E02003947,41820
E02003948,39788
E02003949,36293
E02003950,45309
E02003951,40636
E02003952,50378
E02003953,44478
E02003954,43278
E02003955,41895
E02003956,41475
E02003957,43868
E02003958,45615
E02003959,41973
E02003960,44606
E02003961,48937
E02003962,44592
E02003963,39513
E02003964,46201
E02006781,42071
E02006634,63486
E02006635,54373
E02006636,54352
E02006637,55010
E02006638,45195
E02006639,53079
E02006640,59789
E02006641,63234
E02006642,55798
E02006644,64131
E02006645,66687
E02006646,60680
E02006647,71910
E02006648,66483
E02006649,56946
E02006650,63261
E02006651,66733
E02006652,68423
E02006653,61914
E02006654,50364
E02006655,70733
E02006656,61952
E02006657,56443
E02006658,55378
E02006659,67640
E02006660,59281
E02006661,79562
E02006662,61221
E02006663,59989
E02006664,71691
E02006665,52031
E02006666,67340
E02006667,54263
E02006668,60301
E02006669,56930
E02006670,50689
E02006671,53340
E02006672,67674
E02006673,53230
E02006674,61381
E02006675,67455
E02006676,56078
E02006677,70512
E02006678,51800
E02006679,63566
E02006680,47048
E02006681,68835
E02006682,61175
E02006683,63162
E02006684,45335
E02006685,59661
E02006686,51449
E02006687,53311
E02006688,49885
E02006689,62809
E02006690,58592
E02006692,54836
E02006693,55314
E02006694,46888
E02006695,58868
E02007023,55250
E02007024,51024
E02007025,61332
E02007026,79489
E02003172,45796
E02003173,41382
E02003174,49509
E02003175,57236
E02003176,38348
E02003177,65602
E02003178,46985
E02003179,44470
E02003180,48961
E02003181,60175
E02003182,58202
E02003183,61949
E02003184,50035
E02003185,57617
E02003186,48779
E02003187,49595
E02003188,43881
E02003189,50039
E02003190,37737
E02003191,59361
E02003192,45427
E02003194,63101
E02003195,58960
E02003196,66453
E02003197,55781
E02003198,59861
E02003199,50649
E02003200,44141
E02003201,46800
E02003202,54963
E02003203,50600
E02003204,51984
E02003205,56943
E02003206,66146
E02003207,49251
E02003208,46314
E02003209,51568
E02003210,60353
E02003211,56386
E02004236,53351
E02004237,57061
E02004238,46404
E02004239,48482
E02004240,44693
E02004241,51447
E02004242,44994
E02006883,44370
E02006885,47321
E02004243,60562
E02004244,61238
E02004245,59110
E02004246,56637
E02004247,62580
E02004248,49118
E02004249,70764
E02004250,45302
E02004251,54826
E02004252,50001
E02004253,56786
E02004254,60925
E02004255,45263
E02004256,55398
E02004257,52672
E02004258,49061
E02004259,54928
E02004260,63891
E02004261,50575
E02004262,54495
E02004263,57381
E02004264,51474
E02004265,47308
E02004266,54096
E02004267,50983
E02004268,45232
E02004269,49062
E02004270,53525
E02004271,47749
E02004272,57131
E02004273,50243
E02004274,43123
E02004275,50046
E02004276,43794
E02004278,56146
E02004279,57199
E02004280,50279
E02004281,47811
E02004282,53468
E02004283,50925
E02004284,39524
E02004285,44445
E02004286,52254
E02004287,54138
E02004288,45066
E02004289,48938
E02007006,48241
E02007007,54643
E02004129,47613
E02004130,41465
E02004131,45874
E02004132,58787
E02004133,49190
E02004135,52141
E02004136,57902
E02004137,55491
E02004138,40977
E02004139,49282
E02004140,48149
E02004141,54005
E02004142,64201
E02004143,57319
E02004144,52266
E02004145,55771
E02004146,51813
E02004147,46415
E02004148,46374
E02007027,65593
E02007028,73711
E02004149,66829
E02004150,48712
E02004151,54625
E02004152,52964
E02004153,51296
E02004154,56432
E02004155,47979
E02004156,42918
E02004157,65267
E02004158,48862
E02004159,63861
E02004160,48852
E02004161,51466
E02004162,49431
E02004163,56298
E02004164,48397
E02004165,50804
E02004166,53761
E02004167,46593
E02004168,41311
E02004169,56594
E02004170,48863
E02004171,61953
E02004172,52315
E02004173,54211
E02004174,49329
E02004175,38829
E02004176,44502
E02004177,38806
E02004178,61140
E02004179,51785
E02004180,52400
E02004181,47285
E02004182,38342
E02004183,43128
E02004184,44906
E02004185,52374
E02004186,53992
E02004187,45543
E02004188,44941
E02004189,54692
E02004190,53585
E02004191,46731
E02004192,56392
E02004193,59058
E02004194,56307
E02004195,43469
E02004196,58445
E02004197,62340
E02004198,47933
E02004199,51510
E02004200,50992
E02004201,52348
E02004202,57466
E02004203,59003
E02004204,56293
E02004205,49741
E02004206,41564
E02004207,52107
E02004208,55191
E02004209,51800
E02004210,40609
E02004211,54390
E02004212,55760
E02004213,61304
E02004214,40466
E02004215,47384
E02004216,49625
E02004217,49262
E02004218,52013
E02004219,54891
E02004220,40305
E02004221,44498
E02004222,41535
E02004223,43780
E02004224,45725
E02004225,43994
E02004226,42257
E02004227,40950
E02004228,41310
E02004229,47667
E02004230,45326
E02004231,52475
E02004232,51401
E02004233,49076
E02004234,50915
E02004235,53244
E02004600,50817
E02004601,64556
E02004602,44643
E02004603,47516
E02004604,43700
E02004605,44628
E02004606,49702
E02004607,54562
E02004608,54771
E02004609,59336
E02004610,56074
E02004611,66475
E02004612,59435
E02004613,76678
E02004614,66798
E02004615,57660
E02004616,52097
E02004617,60434
E02004618,62847
E02004619,62299
E02004620,59612
E02004621,49336
E02004622,55435
E02004623,58726
E02004624,68265
E02004625,60514
E02004626,55630
E02004627,48977
E02004628,49534
E02004629,43140
E02004630,50810
E02004631,53831
E02004632,43266
E02004633,51040
E02004634,47411
E02004635,60416
E02004636,55708
E02004637,49428
E02004638,63876
E02004639,43331
E02004640,39937
E02004641,54910
E02004642,55628
E02004643,45823
E02004644,46814
E02004645,59583
E02004646,43714
E02004647,49484
E02004648,44081
E02004649,59915
E02004650,58064
E02004651,63149
E02004652,65880
E02004653,56777
E02004654,50555
E02004655,46031
E02004656,50718
E02004657,60027
E02004658,61656
E02004659,59752
E02004660,63802
E02004661,52518
E02004662,60361
E02004663,55593
E02004664,54957
E02004665,64469
E02004666,58739
E02004667,46939
E02004668,60457
E02004669,64406
E02004671,63433
E02004672,61364
E02004673,56845
E02004674,56971
E02007034,70008
E02007035,59400
E02006047,60841
E02006048,58591
E02006049,57668
E02006050,49216
E02006051,58029
E02006052,57578
E02006053,56711
E02006054,46480
E02006055,47872
E02006056,50506
E02006057,43193
E02006058,52650
E02006059,59903
E02006060,44197
E02006061,58348
E02006062,51081
E02006063,65879
E02006064,39277
E02006065,40082
E02006066,47882
E02006067,53291
E02006068,40137
E02006069,40637
E02006070,48813
E02006071,54951
E02006072,53922
E02006073,40382
E02006074,57414
E02006075,58312
E02006076,56379
E02006077,53046
E02006078,54308
E02006079,50458
E02006080,61090
E02006081,54684
E02006082,53609
E02006083,51320
E02006084,54285
E02006085,55363
E02006086,59129
E02006087,50567
E02006088,44567
E02006089,42687
E02006090,52123
E02006091,51914
E02006092,56970
E02006093,51638
E02006094,52574
E02006095,46082
E02006096,42485
E02006097,39806
E02006098,51600
E02006099,59762
E02006100,60006
E02006101,52333
E02006102,41524
E02006103,54125
E02006104,59559
E02006105,48682
E02006106,51753
E02006107,43291
E02006108,46772
E02006109,64387
E02006110,46261
E02006111,54027
E02006112,56083
E02006113,40941
E02006114,39143
E02006115,39837
E02006116,47736
E02006117,46076
W02000001,43135
W02000002,47425
W02000003,39366
W02000004,46011
W02000005,45901
W02000006,47076
W02000007,45483
W02000008,49808
W02000009,45191
W02000010,46601
W02000011,48246
W02000012,45959
W02000013,50700
W02000014,49454
W02000015,43676
W02000016,45469
W02000017,43746
W02000018,43737
W02000019,42768
W02000020,45127
W02000021,42977
W02000022,41840
W02000023,42657
W02000024,46083
W02000025,40952
W02000026,39968
W02000027,36775
W02000028,43393
W02000029,46573
W02000030,42377
W02000031,36646
W02000032,48606
W02000033,38770
W02000034,52562
W02000035,47025
W02000036,39092
W02000037,44738
W02000038,48738
W02000039,44712
W02000040,48071
W02000041,44943
W02000042,39111
W02000043,41705
W02000044,42585
W02000045,35736
W02000047,39642
W02000049,49816
W02000050,47392
W02000051,46538
W02000052,39951
W02000053,52196
W02000054,52043
W02000055,45620
W02000056,46162
W02000057,48312
W02000419,41104
W02000058,41414
W02000059,48989
W02000060,38676
W02000061,38944
W02000062,47854
W02000063,48061
W02000064,37625
W02000065,46977
W02000066,38233
W02000067,54733
W02000068,39007
W02000069,54637
W02000070,56808
W02000071,48124
W02000072,47743
W02000073,45273
W02000074,46072
W02000075,55983
W02000076,49614
W02000077,44453
W02000080,44016
W02000081,44713
W02000082,44321
W02000083,43423
W02000085,42909
W02000087,35481
W02000088,44011
W02000089,36626
W02000090,45932
W02000091,44038
W02000092,40673
W02000093,47048
W02000094,39244
W02000095,49669
W02000096,43130
W02000424,52336
W02000425,49662
W02000426,46887
W02000116,51334
W02000117,48315
W02000118,43948
W02000120,41850
W02000122,42441
W02000123,41022
W02000124,37886
W02000125,40544
W02000421,45193
W02000126,43163
W02000127,41584
W02000128,46179
W02000129,45125
W02000130,39856
W02000131,42590
W02000132,42942
W02000133,44700
W02000134,43481
W02000135,40217
W02000136,42422
W02000137,38291
W02000138,36455
W02000139,46488
W02000140,38969
W02000141,39824
W02000142,38368
W02000143,40930
W02000144,41182
W02000145,46126
W02000146,53036
W02000147,45944
W02000148,45751
W02000149,41860
W02000151,40022
W02000152,43047
W02000153,45669
W02000154,41082
W02000156,43463
W02000157,43213
W02000158,49284
W02000159,39701
W02000160,46546
W02000161,41311
W02000162,41296
W02000163,41167
W02000164,42397
W02000165,40757
W02000166,42927
W02000167,38049
W02000418,42654
W02000168,47489
W02000169,43333
W02000170,50230
W02000171,55087
W02000172,41584
W02000173,52772
W02000174,48271
W02000175,39822
W02000176,39324
W02000177,46378
W02000178,36986
W02000179,47372
W02000180,38522
W02000181,37126
W02000182,41256
W02000183,38973
W02000184,42863
W02000185,50785
W02000186,34561
W02000188,39787
W02000189,46409
W02000191,50145
W02000192,35769
W02000193,44995
W02000194,58639
W02000195,58461
W02000196,46730
W02000197,55251
W02000198,54538
W02000428,54140
W02000200,43160
W02000201,40342
W02000202,46770
W02000204,51122
W02000205,39436
W02000206,36615
W02000207,46136
W02000208,46619
W02000210,43558
W02000211,40083
W02000212,41620
W02000213,46068
W02000214,36425
W02000215,36165
W02000216,40065
W02000217,46477
W02000417,38379
W02000427,39410
W02000218,33363
W02000219,37624
W02000220,37997
W02000221,37185
W02000222,43393
W02000223,44490
W02000224,42399
W02000225,38933
W02000226,48531
W02000227,42169
W02000228,58312
W02000229,38006
W02000230,55026
W02000231,40859
W02000232,50476
W02000233,45216
W02000234,58729
W02000235,46791
W02000236,41944
W02000237,60604
W02000238,56812
W02000239,56862
W02000240,48781
W02000241,55187
W02000242,56867
W02000243,39158
W02000244,51967
W02000245,43799
W02000246,50629
W02000247,47471
W02000248,41470
W02000249,42759
W02000250,54413
W02000251,47307
W02000367,59868
W02000368,58165
W02000369,68205
W02000370,57414
W02000371,48228
W02000372,67712
W02000373,39355
W02000374,66282
W02000375,47808
W02000376,53169
W02000377,49651
W02000378,62727
W02000379,38667
W02000380,65464
W02000381,42189
W02000382,38599
W02000383,44396
W02000384,63867
W02000385,64661
W02000386,56744
W02000387,56337
W02000388,45614
W02000389,46797
W02000390,60155
W02000391,61099
W02000392,58602
W02000393,44894
W02000394,49503
W02000395,57354
W02000396,55078
W02000397,46596
W02000398,50267
W02000399,44538
W02000400,57017
W02000401,51932
W02000402,43835
W02000403,43204
W02000404,39148
W02000405,35069
W02000406,49249
W02000407,37268
W02000408,44691
W02000409,42341
W02000410,43678
W02000411,40290
W02000412,41686
W02000422,58525
W02000423,49442
W02000252,38216
W02000253,39476
W02000254,42960
W02000255,42583
W02000256,38465
W02000257,40773
W02000258,34364
W02000259,37367
W02000260,38100
W02000261,38603
W02000262,40547
W02000263,41639
W02000264,36619
W02000265,36962
W02000266,40927
W02000267,39171
W02000268,39821
W02000269,36539
W02000270,44649
W02000271,36519
W02000272,45364
W02000273,39961
W02000274,41184
W02000275,39928
W02000276,49112
W02000277,42661
W02000278,58204
W02000279,44390
W02000280,53676
W02000281,50614
W02000282,56341
W02000290,35374
W02000291,33361
W02000292,38561
W02000293,36266
W02000294,42355
W02000295,46021
W02000296,39117
W02000297,39965
W02000298,46295
W02000299,40807
W02000300,44283
W02000301,43761
W02000302,45945
W02000303,42520
W02000304,41516
W02000305,43748
W02000306,41352
W02000307,38551
W02000308,43971
W02000309,42086
W02000310,47884
W02000311,41936
W02000312,44441
W02000313,53895
W02000314,38772
W02000315,37171
W02000316,38672
W02000317,39542
W02000318,37411
W02000319,37297
W02000320,39051
W02000321,38499
W02000322,33801
W02000323,40088
W02000324,39289
W02000325,41632
W02000326,38624
W02000327,49985
W02000328,45351
W02000329,42262
W02000330,43780
W02000331,39545
W02000332,37910
W02000333,44809
W02000334,49889
W02000335,53158
W02000336,47816
W02000337,40279
W02000338,50603
W02000339,44163
W02000340,52723
W02000341,50682
W02000342,58760
W02000343,43715
W02000344,56665
W02000345,42804
W02000346,61168
W02000347,52056
W02000348,42674
W02000349,36869
W02000350,56323
W02000351,42423
W02000352,39606
W02000353,47863
W02000354,39562
W02000355,62080
W02000356,38175
W02000357,43194
W02000358,56259
W02000359,42931
W02000360,41459
W02000361,41778
W02000362,55171
W02000363,42951
W02000364,39444
W02000365,42809
W02000366,58976
W02000097,44306
W02000098,46173
W02000099,37717
W02000100,41673
W02000101,45175
W02000102,43549
W02000103,46402
W02000104,38136
W02000105,38850
W02000106,42240
W02000107,40873
W02000108,38772
W02000109,38509
W02000110,38894
W02000111,41861
W02000113,44805
W02000114,50686
W02000414,46347
W02000416,40614
W02000284,38626
W02000285,49543
W02000286,38343
W02000287,41920
W02000288,38905
W02000289,44005
W02000415,37194
