msoa11,median_price
E02004297,151000
E02004290,160000
E02004298,177500
E02004299,115000
E02004291,130000
E02004300,99000
E02004292,185000
E02004301,98000
E02004302,66250
E02004303,108000
E02004293,125000
E02004304,117500
E02004294,175000
E02004305,138000
E02004295,180000
E02004320,156500
E02004321,115000
E02004322,105000
E02004296,130000
E02004306,165500
E02004323,90000
E02004308,205100
E02004309,150000
E02004307,109000
E02004324,85000
E02004310,119975
E02004311,130000
E02004312,190000
E02004313,155000
E02004314,236250
E02004316,100000
E02004325,89000
E02004315,285000
E02004326,100000
E02004328,84999
E02004327,59000
E02004329,145000
E02004317,124000
E02004330,93000
E02004331,89975
E02004318,142500
E02004348,187725
E02004332,105500
E02004319,130000
E02004349,90000
E02004350,120000
E02004333,130000
E02004334,111250
E02004335,90000
E02004336,80000
E02004351,99999
E02004337,138500
E02004338,103725
E02004339,216475
E02004352,89950
E02004353,126125
E02004354,110000
E02004355,100000
E02004340,80000
E02004341,170000
E02004342,75000
E02004343,112000
E02004344,112000
E02004345,150000
E02004346,245000
E02004347,192000
E02002559,237500
E02002560,130500
E02002561,152000
E02002562,87000
E02002563,143000
E02002564,145000
E02002565,115000
E02002566,82600
E02002567,144497
E02002568,280000
E02002569,252750
E02002570,99950
E02002571,130000
E02002572,107500
E02002573,250000
E02001682,199000
E02001683,142500
E02001684,106750
E02001685,134000
E02001686,142500
E02001688,137500
E02001689,128550
E02001690,142000
E02001691,118375
E02001692,113500
E02001693,135000
E02001694,159000
E02001695,157250
E02001696,130000
E02001697,215000
E02001698,255000
E02001699,130000
E02001700,175500
E02001701,210000
E02001702,167625
E02001703,237000
E02001704,120000
E02001705,127500
E02001706,175000
E02001707,140000
E02006841,148500
E02006842,131000
E02002483,163750
E02002484,110000
E02002485,95880
E02002487,65000
E02002488,205000
E02002489,74974
E02002490,80000
E02002491,100000
E02002492,130000
E02002493,155000
E02002494,95000
E02006909,238500
E02002496,72000
E02002497,69999
E02002498,65000
E02002499,95000
E02002500,127500
E02002501,124950
E02002502,96000
E02002503,110000
E02002504,130000
E02002505,92000
E02002506,98499
E02002507,166500
E02002508,180000
E02002509,130000
E02002510,170000
E02002512,232000
E02002513,185000
E02002514,165000
E02006811,211637
E02001708,240000
E02001709,311500
E02001710,149475
E02001711,227995
E02001712,315000
E02001713,340000
E02001714,285000
E02001715,160000
E02001718,144000
E02001719,183750
E02001720,295000
E02001721,184950
E02001722,171190
E02001723,130000
E02001724,255000
E02001725,158000
E02001726,147750
E02001727,155000
E02001728,137500
E02001729,245000
E02001730,170000
E02001731,139000
E02001732,140000
E02001733,117000
E02001734,138500
E02001735,111250
E02001736,108000
E02001737,109000
E02006893,204000
E02001738,394975
E02001739,150000
E02001740,466500
E02001741,188000
E02001742,305000
E02001743,310000
E02001744,225525
E02001745,125500
E02001746,238000
E02001747,275000
E02001748,185000
E02001749,158480
E02001750,292000
E02001751,198500
E02001752,147500
E02001753,277000
E02001754,266000
E02001755,218000
E02001756,161000
E02001757,217000
E02001758,139000
E02001759,155500
E02001760,140000
E02001761,150000
E02001762,189000
E02001763,130000
E02001764,142250
E02001765,138000
E02001766,115000
E02001767,141000
E02005706,136000
E02005707,290000
E02005708,255000
E02005702,309995
E02005703,178850
E02005704,250000
E02005705,297500
E02005720,140000
E02005734,107750
E02005735,75000
E02005721,210000
E02005737,144000
E02005736,131000
E02005738,154975
E02005722,320000
E02005723,150000
E02005739,136250
E02005724,280000
E02005727,234063
E02005740,115000
E02005741,203000
E02005709,100000
E02005710,100875
E02005711,108000
E02005712,155000
E02005713,184000
E02005714,235000
E02005716,162500
E02005715,143250
E02005717,193715
E02005718,141750
E02005719,145000
E02005725,395000
E02005726,635000
E02005730,243750
E02005729,325000
E02005728,169975
E02005731,166027
E02005732,370000
E02005733,265000
E02002515,92500
E02002516,140000
E02002517,137500
E02002518,176000
E02002519,170000
E02002520,185000
E02002521,217500
E02002523,85500
E02002524,136749
E02002525,123000
E02002526,134250
E02002527,79500
E02002529,167250
E02002530,117000
E02002532,130500
E02002533,251500
E02002534,200000
E02006812,169250
E02006910,134500
E02001768,125000
E02001769,110000
E02001770,130000
E02001771,190500
E02001772,110000
E02001773,192000
E02001774,118500
E02001775,139000
E02001776,134125
E02001777,186250
E02001778,97500
E02001779,130000
E02001780,180000
E02001781,112500
E02001782,162500
E02001783,105000
E02001784,181250
E02001785,191000
E02001786,122000
E02001787,127000
E02001788,130972
E02001789,335000
E02001790,217000
E02002535,171000
E02002536,130000
E02002537,98250
E02002538,130000
E02002539,302500
E02002540,212500
E02002541,136500
E02002542,115000
E02002543,130000
E02002544,120000
E02002545,150000
E02002546,135000
E02002547,202500
E02002548,132000
E02002549,180000
E02002550,174000
E02002551,79999
E02002552,139975
E02002553,150000
E02002554,110000
E02002555,203750
E02002556,250000
E02002557,232500
E02002558,233500
E02001791,225000
E02001792,217000
E02001793,90000
E02001794,116500
E02001795,87250
E02001796,155000
E02001797,172500
E02001798,107500
E02001799,84500
E02001800,124975
E02001801,90000
E02001802,107500
E02001803,90000
E02001804,130000
E02001805,134500
E02001806,84975
E02001807,165000
E02001808,125000
E02001809,163000
E02001810,134500
E02001811,117500
E02001812,218000
E02001813,110000
E02001814,124000
E02001815,180000
E02001816,110000
E02001817,130000
E02001818,130000
E02001819,199975
E02001820,188475
E02001821,173777
E02001822,120000
E02001823,125000
E02001824,129000
E02001825,147497
E02001826,137500
E02003965,163000
E02003966,290000
E02003967,163750
E02003968,150000
E02003969,100000
E02003970,204750
E02003971,273749
E02003972,128000
E02003973,96500
E02003974,135000
E02003975,175000
E02003976,380000
E02003977,155000
E02003978,163900
E02003979,265500
E02003980,103000
E02003981,155000
E02003982,218000
E02003983,113500
E02003984,80000
E02003985,134000
E02003986,115000
E02002615,160000
E02002616,203500
E02002617,125000
E02002618,120000
E02002619,100500
E02002620,105000
E02002621,110000
E02002622,105000
E02002623,85000
E02002624,219995
E02002625,146250
E02002626,144500
E02002627,170500
E02002628,120000
E02002629,94500
E02002630,120000
E02002631,160000
E02002632,275000
E02002633,152500
E02002634,156250
E02002635,165000
E02002636,135000
E02002637,140000
E02002638,130000
E02002639,95000
E02002640,86000
E02002641,137325
E02002642,96500
E02002643,110000
E02002644,134000
E02002645,92250
E02002646,133750
E02002647,116500
E02002648,116000
E02002649,155000
E02002650,156000
E02002651,167000
E02000984,266000
E02000985,295000
E02000986,191000
E02000987,175500
E02000988,130000
E02000989,256250
E02000990,190000
E02000991,174000
E02000992,197500
E02000993,133000
E02000994,110000
E02000995,216000
E02000996,168000
E02000997,215000
E02000998,106500
E02000999,100000
E02001000,132000
E02001001,171500
E02001002,180000
E02001003,335000
E02001004,117250
E02001005,136500
E02001006,117500
E02001007,181500
E02001008,125000
E02001009,160000
E02001010,130000
E02001011,220000
E02001012,177500
E02001013,252500
E02001014,175000
E02001015,139995
E02001016,176000
E02001017,172000
E02001018,210000
E02005176,130000
E02005177,80000
E02005178,63000
E02005179,99000
E02005180,197995
E02005181,100000
E02005182,80000
E02005183,140000
E02005184,213500
E02005185,82500
E02005186,167250
E02006881,145000
E02001019,226500
E02001020,370000
E02001021,260000
E02001022,207500
E02001023,320000
E02001024,231500
E02001025,155000
E02001026,128000
E02001027,165000
E02001028,292500
E02001029,190000
E02001030,235000
E02001031,190000
E02001032,180000
E02001033,179500
E02001034,140000
E02001035,296000
E02001036,192275
E02001037,323000
E02001038,222000
E02001039,210000
E02001040,256250
E02001041,260000
E02001042,291560
E02001043,292000
E02001044,337500
E02003987,162495
E02003988,223726
E02003989,168750
E02003990,190000
E02003991,195000
E02003992,140000
E02003993,285000
E02003994,105000
E02003995,127000
E02003996,105000
E02003997,107500
E02003998,138000
E02003999,220000
E02003853,330000
E02003854,474997
E02003855,380000
E02003856,300000
E02003857,357500
E02003858,485000
E02003859,600000
E02003860,585000
E02003861,407500
E02003863,595375
E02003862,825000
E02003864,505000
E02003865,291000
E02003866,361500
E02003867,275000
E02003868,210500
E02003869,273000
E02003870,180000
E02003871,222750
E02003872,418000
E02003873,227500
E02003811,512500
E02003812,312500
E02003813,193000
E02003814,209000
E02003815,200000
E02003816,195000
E02003817,294000
E02003818,310000
E02003819,252000
E02003820,237500
E02003821,252497
E02003822,257995
E02003825,210000
E02003826,182000
E02003827,120000
E02003828,170000
E02003829,178000
E02003830,130000
E02003823,265000
E02003831,265000
E02003824,270000
E02003832,131000
E02003833,190000
E02003834,160000
E02003835,282500
E02003836,203000
E02003838,238000
E02003837,320000
E02003839,225000
E02003840,445000
E02003841,315000
E02003874,260000
E02003875,365000
E02003842,410000
E02003843,186000
E02003844,275500
E02003845,131937
E02003846,160000
E02003847,308497
E02003848,175000
E02003849,140000
E02003876,199000
E02003850,195000
E02003851,238000
E02003877,285000
E02003852,240000
E02003878,308500
E02003879,220000
E02003880,197250
E02003881,180000
E02003882,182500
E02003794,257000
E02003883,337000
E02003884,400000
E02003795,360000
E02003885,295000
E02003796,260200
E02003797,328000
E02003798,172000
E02003800,355000
E02003799,171000
E02003801,300000
E02003802,190500
E02003803,211750
E02003886,184975
E02003804,240000
E02003887,214747
E02003888,141000
E02003805,410000
E02003889,189922
E02003806,298000
E02003890,189000
E02003807,325000
E02003808,221000
E02003891,475000
E02003809,435000
E02003810,346250
E02005189,153850
E02005190,265000
E02005191,248125
E02005192,230000
E02005193,230000
E02005194,167500
E02005195,275000
E02005196,210500
E02005197,140000
E02005198,155000
E02005199,230997
E02005200,169250
E02005201,170000
E02005202,205000
E02004000,117500
E02004001,149250
E02004002,159950
E02004003,120000
E02004004,135000
E02004005,105000
E02004006,222500
E02004007,120000
E02004008,325000
E02004009,300000
E02004010,170000
E02004011,255000
E02004012,379950
E02004013,215000
E02004014,260000
E02005203,285000
E02005204,209000
E02005205,240000
E02005206,185000
E02005207,265000
E02005208,195000
E02005209,197995
E02005210,283500
E02005211,303000
E02002574,272500
E02002575,237500
E02002576,174000
E02002577,141500
E02002578,215000
E02002579,145000
E02002580,109000
E02002581,195590
E02002582,311000
E02002583,165000
E02002584,164350
E02002585,125000
E02002586,125750
E02002587,137500
E02002588,120000
E02002589,195000
E02005212,125000
E02005213,130000
E02005214,126500
E02005215,120000
E02005216,126750
E02005217,79500
E02005218,120000
E02005219,168000
E02005220,168000
E02001327,141500
E02001328,160000
E02001329,117250
E02001330,120000
E02001331,188000
E02001332,139500
E02001333,148000
E02001334,134000
E02001335,180000
E02001336,125000
E02001337,188000
E02001338,154900
E02001339,155000
E02001340,204750
E02001341,148000
E02001342,275000
E02001343,243997
E02001344,194000
E02001345,210000
E02001346,156500
E02005221,232000
E02005222,342500
E02005223,285500
E02005224,197475
E02005225,265000
E02005226,120000
E02005228,165000
E02005229,127000
E02005230,174000
E02005231,137000
E02005233,195101
E02005234,144500
E02005235,150000
E02005236,195000
E02005237,190000
E02005238,247500
E02005239,230000
E02006871,200750
E02001347,132000
E02001348,135750
E02001349,140000
E02001350,125000
E02001351,128200
E02001352,99500
E02001353,180000
E02001354,135000
E02001355,109500
E02001356,175000
E02001357,135000
E02001358,83000
E02001359,185000
E02001360,86700
E02001361,117500
E02001362,168750
E02001363,130000
E02001364,128500
E02001365,99000
E02001366,125000
E02001367,215000
E02001368,175000
E02001369,129975
E02001370,87500
E02001371,137000
E02001372,150000
E02001373,135000
E02001374,150000
E02001375,144250
E02001376,110000
E02001377,130000
E02001378,160000
E02001380,271750
E02001381,128000
E02001382,285000
E02001383,133100
E02001384,155000
E02001385,121250
E02001386,164000
E02001387,327000
E02001388,257500
E02001389,157000
E02001390,131000
E02001391,128000
E02001392,337250
E02001393,540000
E02001394,215000
E02001395,280000
E02001396,158000
E02001397,250000
E02001398,255000
E02001399,365000
E02001400,366250
E02001401,275000
E02001402,295000
E02001403,189000
E02001404,155000
E02001405,135000
E02006932,129000
E02006933,188950
E02006934,170000
E02001045,175500
E02001046,189000
E02001047,183000
E02001048,220250
E02001049,201500
E02001050,146500
E02001051,185000
E02001052,164000
E02001053,159000
E02001055,184000
E02001056,179000
E02001057,245010
E02001059,176500
E02001061,172000
E02001062,258997
E02001063,173000
E02001064,170000
E02001065,155000
E02001066,190000
E02001067,170000
E02001068,185000
E02001069,195000
E02001070,180000
E02001071,210000
E02001072,233000
E02001073,377000
E02001074,240000
E02001075,240000
E02001076,282500
E02001077,447525
E02001078,281500
E02001079,272500
E02001080,265000
E02001081,385000
E02001082,262500
E02001083,305500
E02001084,317000
E02001085,270000
E02001086,290000
E02001087,360000
E02001088,256500
E02001089,380000
E02001090,285000
E02001091,256500
E02001092,220000
E02001093,178500
E02001094,207500
E02001095,217000
E02001096,225000
E02001097,215000
E02006902,230000
E02006912,230000
E02006913,177750
E02006914,229000
E02006915,183800
E02006916,221200
E02006917,334400
E02001098,200000
E02001099,160000
E02001100,200000
E02001101,227250
E02001102,177500
E02001103,280000
E02001104,183500
E02001105,175000
E02001106,169950
E02001107,195000
E02001108,140000
E02001109,146000
E02001110,260000
E02001111,116000
E02001112,230500
E02001113,144000
E02001114,180000
E02001115,194050
E02001116,129000
E02001117,299995
E02001118,260000
E02001119,127000
E02001121,109000
E02001123,165500
E02001124,140500
E02001125,182000
E02001126,130000
E02001127,175000
E02001128,172975
E02001129,160000
E02001130,222500
E02001131,214950
E02006860,151500
E02005240,139950
E02005241,140000
E02005242,172500
E02005243,124475
E02005244,135000
E02005245,199950
E02005246,92500
E02005247,185000
E02005248,80000
E02005249,75000
E02005250,80000
E02005251,144497
E02005252,140000
E02005253,275000
E02005254,266995
E02005255,235000
E02005256,202500
E02005257,139950
E02005258,237500
E02005259,161500
E02005260,177500
E02005261,137000
E02005262,215000
E02005263,99000
E02005264,120000
E02005265,147975
E02005266,90000
E02005267,108927
E02005268,103170
E02005269,125000
E02005270,381500
E02005271,195000
E02005272,225000
E02005273,269000
E02005274,273997
E02005275,210000
E02005276,300000
E02005277,278975
E02001132,190000
E02001133,215000
E02001134,225000
E02001135,144000
E02001136,178000
E02001137,229000
E02001138,259500
E02001139,110000
E02001140,145000
E02001141,125000
E02001142,305000
E02001143,167475
E02001144,165000
E02001145,193500
E02001146,120000
E02001147,184997
E02001148,155000
E02001149,155000
E02001150,176000
E02001151,183500
E02001152,190000
E02001153,197000
E02001154,160000
E02001155,160000
E02001156,270000
E02005278,210000
E02005279,137500
E02005280,164000
E02005281,188000
E02005284,260000
E02005285,208000
E02005286,155000
E02006884,140000
E02001157,161500
E02001158,157500
E02001159,203500
E02001160,262000
E02001161,185000
E02001162,202000
E02001163,253750
E02001164,187000
E02001165,190000
E02001166,350000
E02001167,220000
E02001168,250000
E02001169,340000
E02001170,357000
E02001171,265000
E02001172,232000
E02001173,200000
E02001174,265000
E02001175,230000
E02001176,286000
E02001177,190000
E02001178,235011
E02001179,190000
E02001180,218500
E02001181,193000
E02001182,200000
E02001183,175000
E02001184,175000
E02001185,220000
E02001186,207500
E02001429,202250
E02001430,263000
E02001431,150000
E02001432,125000
E02001433,167500
E02001434,205000
E02001435,181305
E02001436,205000
E02001437,271875
E02001438,228500
E02001439,200000
E02001440,325000
E02001441,400000
E02001442,298750
E02001443,367250
E02001444,285000
E02001445,235000
E02001446,230000
E02001447,212500
E02001448,231250
E02001449,279500
E02001450,325000
E02001451,125500
E02001452,140250
E02001453,270000
E02001454,211500
E02001455,190000
E02001456,230000
E02001457,133000
E02001458,227500
E02001459,153000
E02001460,146500
E02001461,180000
E02001462,102603
E02001463,150000
E02001464,88000
E02001465,99000
E02001466,115000
E02004015,520000
E02004016,382500
E02004017,239000
E02004018,187925
E02004019,307500
E02004020,277500
E02004021,395000
E02004022,320000
E02004023,350000
E02004024,375500
E02004025,298000
E02004026,220000
E02004027,270000
E02004028,276500
E02005287,265000
E02005288,190000
E02005289,261000
E02005290,190000
E02005291,171250
E02005292,161250
E02005293,153000
E02005294,185000
E02005295,173500
E02005296,252500
E02005297,250000
E02005298,209995
E02005299,165500
E02005300,241500
E02005301,174000
E02005302,192000
E02005303,176000
E02001406,249745
E02001407,240000
E02001408,184500
E02001409,155000
E02001410,157500
E02001411,158000
E02001412,190750
E02001413,150000
E02001414,263000
E02001415,205000
E02001416,123250
E02001417,120500
E02001418,170000
E02001419,92000
E02001420,200000
E02001421,131000
E02001422,130000
E02001423,249975
E02001424,151000
E02001425,159975
E02001426,185500
E02001427,178000
E02001428,282500
E02001187,220000
E02001188,196500
E02001189,265250
E02001190,187000
E02001191,277500
E02001192,365250
E02001193,208500
E02001194,397400
E02001195,243000
E02001196,353000
E02001197,350000
E02001198,235000
E02001199,342500
E02001200,172000
E02001201,227500
E02001202,203000
E02001203,477500
E02001204,262500
E02001205,215000
E02001206,308000
E02001207,287000
E02001208,287500
E02001209,231000
E02001210,260000
E02001211,376000
E02001212,250000
E02001213,285000
E02001214,440000
E02001215,307000
E02001216,372000
E02001217,230000
E02001218,479000
E02001219,365000
E02001220,400000
E02001221,400000
E02001222,345000
E02001223,503000
E02001224,416000
E02001225,405000
E02001226,332500
E02001227,458000
E02001228,515000
E02001229,188000
E02001230,258000
E02001231,249999
E02001232,178500
E02001233,179000
E02001234,175000
E02001235,179250
E02001236,165000
E02001237,185000
E02001238,219600
E02001239,185000
E02001240,202000
E02001241,139000
E02001242,255000
E02001243,228000
E02001244,208000
E02001245,176000
E02001246,195800
E02001247,191000
E02001248,190000
E02001249,180250
E02001250,230000
E02001251,195000
E02001252,253500
E02001253,205000
E02001254,185000
E02001255,170000
E02001256,160000
E02001257,194500
E02001258,245000
E02001259,228000
E02001260,300000
E02001261,265000
E02001262,356500
E02001263,335000
E02001264,300000
E02001265,310000
E02001266,265000
E02001267,275000
E02001268,365000
E02001269,281000
E02001270,330000
E02001271,361850
E02001272,418750
E02001273,333500
E02001274,465000
E02001275,195000
E02001276,357500
E02001277,315000
E02001278,449875
E02001279,480000
E02001280,328550
E02001281,460000
E02001282,381600
E02001283,455000
E02001284,564250
E02001285,675000
E02001286,792500
E02002590,389000
E02002591,288500
E02002592,215000
E02002593,255000
E02002594,184000
E02002595,170000
E02002596,230000
E02002597,192000
E02002598,305000
E02002599,270000
E02002600,155000
E02002601,249000
E02002602,148000
E02002603,270000
E02002604,290000
E02002605,225750
E02002606,138500
E02002607,190000
E02002608,250000
E02002609,183000
E02002610,365000
E02002611,330000
E02002612,342000
E02002613,465000
E02002614,499000
E02005304,244500
E02005305,220000
E02005306,270000
E02005307,225000
E02005308,361500
E02005309,252750
E02005310,213000
E02005311,333750
E02005312,172000
E02005313,130000
E02005314,112000
E02005315,397500
E02005316,151555
E02005317,105050
E02005318,191750
E02001287,255000
E02001288,217500
E02001289,210000
E02001290,205000
E02001291,146000
E02001292,179975
E02001293,182100
E02001294,150000
E02001295,130000
E02001296,125000
E02001297,155250
E02001298,128725
E02001299,150375
E02001300,140000
E02001301,130000
E02001302,170500
E02001303,169000
E02001304,202500
E02001305,175000
E02001306,175000
E02001307,211000
E02001308,173250
E02001309,155000
E02001310,150000
E02001311,182500
E02001312,151000
E02001313,159950
E02001314,240000
E02001315,260000
E02001316,102000
E02001317,180000
E02001318,176500
E02001319,140000
E02001320,195000
E02001321,183000
E02001322,164000
E02001323,200000
E02001324,165000
E02001325,249950
E02001326,215000
E02001467,185000
E02001468,181250
E02001469,212500
E02001470,225000
E02001471,135000
E02001472,190000
E02001473,156500
E02001474,106000
E02001475,165000
E02001476,120000
E02001477,135000
E02001478,191500
E02001479,275000
E02001480,265000
E02001481,183000
E02001482,92725
E02001483,228100
E02001484,205000
E02001485,152000
E02001486,160000
E02001487,102500
E02001488,165000
E02001489,282750
E02001490,207000
E02001491,142000
E02001492,283000
E02001493,125000
E02001494,517500
E02001495,170000
E02001496,241500
E02001497,159997
E02001498,266497
E02001499,235000
E02001500,268725
E02001501,252000
E02001502,180250
E02001503,282500
E02001504,310000
E02001505,210000
E02001506,497500
E02001507,237500
E02001508,198000
E02005319,100000
E02005320,145000
E02005321,185000
E02005322,175000
E02005323,170000
E02005324,326995
E02005325,232997
E02005326,168000
E02005327,290000
E02005328,184997
E02005329,158000
E02005330,193975
E02005331,185000
E02005332,222500
E02001509,173750
E02001510,143750
E02001511,158000
E02001512,210000
E02001513,177500
E02001514,159997
E02001515,140000
E02001516,138750
E02001517,182500
E02001518,170000
E02001519,158000
E02001520,200000
E02001521,115000
E02001522,125000
E02001523,125000
E02001524,418700
E02001525,101000
E02001526,135000
E02001527,171000
E02001528,129000
E02001529,161500
E02001530,143000
E02001531,150000
E02001532,230000
E02001533,122500
E02001534,160000
E02001535,350500
E02001536,180000
E02001537,140000
E02001538,160075
E02002183,403750
E02002184,400000
E02002185,395000
E02002186,226000
E02002187,390000
E02002188,202497
E02002189,180000
E02002190,121000
E02002191,121750
E02002192,280000
E02002193,119000
E02002194,165000
E02002195,319500
E02002196,179997
E02002197,172000
E02002198,213750
E02002199,247497
E02002200,250000
E02002201,175000
E02002202,190000
E02002203,145000
E02002204,225000
E02002205,180500
E02002206,160000
E02002207,154000
E02002208,131000
E02002209,176995
E02002210,160000
E02002211,145500
E02002212,125000
E02002213,195000
E02002214,137000
E02002215,125000
E02002216,120000
E02002217,106000
E02002218,162000
E02002219,92250
E02002220,110000
E02002221,65000
E02002222,130000
E02002223,82000
E02002224,88000
E02002225,152000
E02002226,110000
E02002227,74500
E02002228,110000
E02002229,139000
E02002230,80000
E02002231,158500
E02002232,80000
E02002233,100000
E02002234,105000
E02002235,103500
E02002236,132000
E02002237,143000
E02002238,119000
E02002239,140000
E02002240,165000
E02002241,135500
E02002242,153250
E02002243,162000
E02002244,156000
E02002245,135000
E02002246,182500
E02002247,225000
E02002248,130000
E02002249,115000
E02002250,203100
E02002251,130000
E02002252,180000
E02002253,110000
E02002254,225000
E02002255,75000
E02002256,155000
E02002257,87500
E02002258,175000
E02002259,140000
E02002260,145500
E02002261,135000
E02002262,164250
E02002263,185500
E02002264,240000
E02002265,160000
E02002266,235000
E02002267,209497
E02002268,165500
E02002269,192250
E02002270,227500
E02005742,251400
E02005743,400000
E02005744,300000
E02005745,452500
E02005746,260250
E02005747,180000
E02005748,260140
E02005749,220000
E02001539,130000
E02001540,154000
E02001541,140000
E02001542,130000
E02001543,135000
E02001544,157500
E02001545,186500
E02001546,189997
E02001547,145000
E02001548,111500
E02001549,195000
E02001550,142000
E02001551,118000
E02001552,150000
E02001553,166000
E02001554,176250
E02001555,180000
E02001556,140000
E02001557,163750
E02001558,219000
E02001559,225000
E02001560,87250
E02001561,109000
E02001562,158250
E02001563,230000
E02001564,270000
E02001565,249997
E02001566,153750
E02001567,152500
E02001568,148750
E02001569,97500
E02001570,127500
E02001571,146250
E02001572,118000
E02001573,132000
E02001574,170000
E02001575,143500
E02001576,253500
E02001577,284500
E02002684,183000
E02002685,200000
E02002686,135000
E02002687,138500
E02002688,158000
E02002689,250000
E02002691,225000
E02002692,300000
E02002693,225650
E02002694,275000
E02002695,192000
E02002696,247000
E02002697,240000
E02002698,229000
E02002699,262500
E02002700,185000
E02002701,310000
E02002702,200000
E02002703,283750
E02002704,200000
E02002705,280000
E02002706,178995
E02002707,295000
E02002708,209975
E02002709,195500
E02002710,238000
E02002711,330000
E02002712,170000
E02002714,170000
E02002715,235000
E02002716,175000
E02002717,151000
E02002718,330000
E02002719,240000
E02002720,218000
E02002721,225000
E02002722,145000
E02002723,141000
E02002724,136000
E02002725,225000
E02006814,175000
E02006891,232000
E02006892,152500
E02005750,265000
E02005751,350000
E02005752,241500
E02005753,210000
E02005754,277500
E02005755,250000
E02005756,322750
E02005757,233250
E02005758,262500
E02005759,325000
E02005760,387500
E02005761,425000
E02005762,305000
E02005763,413777
E02005764,264950
E02005765,357500
E02005766,330000
E02005767,450000
E02005768,395475
E02005769,270000
E02005770,257500
E02005771,239975
E02005772,382500
E02005773,247500
E02005774,243500
E02005775,287000
E02005776,480000
E02005777,401000
E02005778,516250
E02005779,340000
E02005780,493000
E02005781,558000
E02002652,180000
E02002653,92000
E02002654,82000
E02002655,110000
E02002656,146000
E02002657,140500
E02002658,165000
E02002659,119000
E02002660,121000
E02002661,132000
E02002662,150000
E02002663,168500
E02002664,175000
E02002665,171750
E02002666,100000
E02002667,120000
E02002668,134000
E02002669,125000
E02002670,135000
E02002671,130000
E02002672,140500
E02002673,107000
E02002674,127000
E02002675,90000
E02002676,111250
E02002677,104000
E02002678,125500
E02002679,150000
E02002680,100000
E02002681,75000
E02002682,125000
E02006813,143250
E02002271,215000
E02002272,175000
E02002273,218000
E02002274,202500
E02002275,160000
E02002276,171250
E02002277,173000
E02002278,170000
E02002279,145000
E02002280,130000
E02002281,160000
E02002282,147000
E02002283,120000
E02002284,189000
E02002285,200000
E02002286,135000
E02002287,107500
E02002288,187500
E02002289,135000
E02002290,223750
E02002291,220000
E02002292,247500
E02002293,111000
E02002294,150000
E02002295,140000
E02002296,225000
E02002297,185000
E02002298,151000
E02002299,110000
E02002300,235000
E02002301,140000
E02002302,223500
E02002303,172500
E02002304,165000
E02002305,140000
E02002306,230000
E02002307,172000
E02002308,172000
E02002309,137500
E02002310,156000
E02002311,154000
E02002312,132000
E02002313,105000
E02002314,205000
E02002315,125000
E02002316,225500
E02002317,217997
E02002318,162750
E02002319,186500
E02002320,202000
E02002321,267000
E02002322,222500
E02002323,279997
E02002324,305000
E02002325,240000
E02002326,303000
E02002327,265000
E02002328,280000
E02002329,287500
E02002330,381000
E02002331,285000
E02002332,280000
E02002333,251750
E02002334,396000
E02002335,620000
E02002336,509995
E02002337,285000
E02002338,249950
E02002339,217000
E02002340,237000
E02002341,406000
E02002342,340000
E02002343,285000
E02002344,315000
E02002345,402500
E02002346,260000
E02002347,237500
E02002348,257500
E02002349,300000
E02002350,425000
E02002351,387000
E02002352,330300
E02002353,410000
E02002354,325000
E02002356,380100
E02002357,269000
E02002358,240000
E02002359,339500
E02002360,296500
E02002361,389500
E02002362,215000
E02002363,300000
E02002364,170000
E02002366,290000
E02002367,221675
E02002368,290000
E02002369,220000
E02002370,157500
E02002371,235000
E02002373,267500
E02002374,225000
E02002375,190000
E02002376,167500
E02002377,132500
E02002379,175000
E02002380,195500
E02002381,199999
E02002382,110000
E02002383,160000
E02002384,165000
E02002385,195750
E02002386,246500
E02002387,147500
E02002388,180000
E02002389,157500
E02002390,197125
E02002391,219750
E02002392,152250
E02002393,105850
E02002394,102500
E02002395,223500
E02002396,164250
E02002397,194500
E02002398,254000
E02002399,155000
E02002400,122125
E02002401,188000
E02002402,336975
E02002403,244500
E02002404,135000
E02002405,207000
E02002406,265000
E02002407,155000
E02002408,202000
E02002409,176250
E02002410,177500
E02002411,140000
E02002412,190000
E02002414,112000
E02002415,105000
E02002416,219500
E02002417,224000
E02002418,195000
E02002419,155000
E02002420,158500
E02002421,147250
E02002422,227000
E02002423,161000
E02002424,215000
E02002425,237495
E02002426,235000
E02002427,235000
E02002428,192500
E02002429,242500
E02002430,143000
E02002431,192300
E02002432,197250
E02002433,155000
E02002434,195000
E02002435,227000
E02002436,208000
E02002437,238000
E02006852,275800
E02006861,217000
E02006875,188000
E02006876,170000
E02002726,150500
E02002727,70000
E02002728,72000
E02002729,152000
E02002730,90000
E02002731,74000
E02002732,203750
E02002733,120000
E02002734,130000
E02002735,122500
E02002736,80000
E02002737,150000
E02002738,162500
E02002739,155000
E02002740,132750
E02002741,185000
E02002742,235000
E02002743,169950
E02002744,103000
E02002745,235000
E02002746,181000
E02002747,215000
E02002748,228750
E02002749,180000
E02002750,240000
E02002751,182995
E02002752,184950
E02002753,165000
E02002754,170000
E02002755,130000
E02002756,97500
E02002757,146500
E02002758,126500
E02002759,185000
E02002760,180000
E02002761,169950
E02002762,145000
E02002763,139995
E02002764,130000
E02002765,136995
E02002766,170000
E02002767,175000
E02002768,275000
E02002769,271250
E02002770,220000
E02002771,282000
E02005782,360000
E02005783,250000
E02005784,223725
E02005785,165000
E02005786,375000
E02005787,335000
E02001578,165000
E02001579,170000
E02001580,163000
E02001581,175997
E02001582,150000
E02001583,127000
E02001584,250000
E02001585,129000
E02001586,137500
E02001587,140000
E02001588,130000
E02001589,203000
E02001590,150000
E02001591,110000
E02001592,155000
E02001593,97000
E02001594,85000
E02001595,175000
E02001596,195000
E02001597,101500
E02001598,218500
E02001599,230000
E02001600,240000
E02001601,215000
E02001602,174000
E02001603,162100
E02001604,243997
E02001605,175050
E02001606,168250
E02001607,195000
E02001608,186000
E02001609,215000
E02001610,230000
E02005788,287950
E02005789,267500
E02005790,392500
E02005791,265000
E02005794,361500
E02006870,225000
E02005795,243000
E02005796,287700
E02005797,230000
E02005798,295000
E02005799,262000
E02005800,160000
E02005801,175000
E02005802,145000
E02005803,154000
E02005804,130000
E02005805,205000
E02005806,185000
E02005807,247500
E02005808,210000
E02005809,265250
E02005810,325000
E02005811,255000
E02005812,261000
E02005813,164500
E02005814,237500
E02005815,250000
E02005816,238500
E02005817,254500
E02005818,275000
E02001611,172000
E02001612,193500
E02001613,190000
E02001614,200000
E02001615,230000
E02001616,177500
E02001617,125750
E02001618,263500
E02001619,147254
E02001620,125000
E02001621,155000
E02001622,147500
E02001623,130000
E02001624,130000
E02001625,134000
E02001626,250000
E02001627,158000
E02001628,100000
E02001629,147200
E02001630,130000
E02001631,214750
E02001632,115750
E02001633,315000
E02001634,230000
E02001635,252000
E02001636,187625
E02001637,100750
E02001638,261000
E02001639,264000
E02001640,257500
E02001642,156000
E02001643,430500
E02001646,440500
E02001647,193000
E02001648,340000
E02001649,143500
E02001650,216000
E02001651,449000
E02001652,177500
E02001653,143500
E02001654,189500
E02001655,166000
E02001656,356500
E02001657,407500
E02001658,130000
E02001659,156000
E02001660,310000
E02001661,192625
E02001662,160500
E02001663,238000
E02001664,170000
E02001665,530000
E02001666,164500
E02001669,225576
E02001670,127500
E02001671,215000
E02001672,172000
E02001673,197500
E02001674,312500
E02001675,175000
E02001676,361500
E02001678,530000
E02001679,213500
E02001680,125000
E02001681,375000
E02006803,236750
E02006843,136500
E02006844,125000
E02006868,160000
E02006869,168212
E02002438,140000
E02002439,142375
E02002440,180000
E02002441,171000
E02002442,196000
E02002443,207750
E02002444,222500
E02002445,211000
E02002446,187000
E02002447,155000
E02002448,150000
E02002449,190000
E02002450,167000
E02002451,262000
E02002452,167500
E02002453,150000
E02002454,157000
E02002455,162500
E02002456,175000
E02002457,165000
E02002458,205000
E02002459,176000
E02002460,234000
E02002461,197500
E02002462,172500
E02002463,178000
E02002464,153750
E02002465,222000
E02002466,217500
E02002467,215000
E02002468,192500
E02002469,217500
E02002470,350000
E02002471,252500
E02002472,240000
E02002473,210000
E02002474,195000
E02002475,243500
E02002476,145000
E02002477,142000
E02002478,156250
E02002479,148500
E02002480,140000
E02002481,183000
E02002482,155500
E02002772,355000
E02002773,330000
E02002774,307500
E02002775,312500
E02002776,283500
E02002777,298000
E02002778,365000
E02002779,367500
E02002780,245000
E02002781,240250
E02002782,425000
E02002783,305000
E02002784,300000
E02002785,325000
E02002786,238250
E02002787,255000
E02002788,300000
E02002789,226500
E02002790,330000
E02002791,360000
E02002792,370000
E02002793,280000
E02002794,347500
E02002795,344000
E02004029,170000
E02004030,297497
E02004031,135000
E02004032,221000
E02004033,170000
E02004034,249950
E02004035,315000
E02004036,196000
E02004037,275000
E02004038,225000
E02004039,237500
E02004040,192500
E02004041,195500
E02004043,230000
E02004044,448500
E02006827,155000
E02005819,160000
E02005820,180500
E02005821,155000
E02005822,145000
E02005823,155000
E02005824,175000
E02005825,175000
E02005826,148000
E02005827,205000
E02005828,182000
E02005829,188000
E02005830,195000
E02005831,236250
E02005832,175000
E02005833,205000
E02005834,215000
E02005835,182500
E02005836,265950
E02005837,310000
E02005838,170500
E02005839,182500
E02005840,191000
E02005842,186000
E02005843,225000
E02005844,160000
E02005846,98500
E02005847,155000
E02005848,175000
E02005849,250000
E02006903,170000
E02005334,290000
E02005335,375000
E02005336,250000
E02005337,260000
E02005338,255250
E02005339,290000
E02005340,260000
E02005341,255000
E02005342,275000
E02005343,278750
E02005344,290000
E02006820,298300
E02004045,187500
E02004046,183000
E02004047,135000
E02004048,135000
E02004049,186000
E02004050,155000
E02004051,140000
E02004052,168000
E02004053,170000
E02004054,195000
E02005417,221500
E02005418,139000
E02005419,117250
E02005420,165500
E02005422,240000
E02005423,235000
E02006864,229250
E02006865,225000
E02005850,210000
E02005851,168000
E02005852,225000
E02005853,225000
E02005856,395000
E02005857,184000
E02005858,289000
E02005859,220000
E02005860,239250
E02005861,235995
E02005862,220000
E02005863,320800
E02005864,290000
E02006906,240000
E02005345,234500
E02005346,175000
E02005347,215000
E02005348,235000
E02005349,240000
E02005350,220000
E02005351,250500
E02005352,430000
E02005353,256000
E02005354,321250
E02005355,287475
E02005356,332000
E02005357,250000
E02005358,279950
E02005359,341000
E02005360,595000
E02005361,255000
E02005362,275000
E02005363,300000
E02005364,280000
E02005365,250000
E02005366,255000
E02004055,165000
E02004056,164950
E02004057,152750
E02004058,200000
E02004059,207500
E02004060,178570
E02004061,182000
E02004062,220000
E02004063,250000
E02004064,153000
E02004065,306500
E02004066,180500
E02004067,170000
E02005612,260000
E02005613,196000
E02005614,252000
E02005615,220000
E02005616,225000
E02005617,191000
E02006862,230000
E02006863,260000
E02005619,380000
E02005620,328750
E02005621,369500
E02005622,395000
E02005623,357500
E02005624,265000
E02005625,241250
E02005626,210000
E02005627,300250
E02005628,310000
E02002796,299975
E02002797,305000
E02002798,240750
E02002799,175000
E02002800,289000
E02002801,193750
E02002802,162000
E02002803,162000
E02002804,190500
E02002805,246000
E02002806,143125
E02002807,180000
E02002808,134950
E02002809,212500
E02002810,250000
E02002811,131500
E02002812,222500
E02002813,128500
E02002814,255000
E02002815,140000
E02002816,339500
E02002817,242000
E02002818,143750
E02002819,163500
E02002820,153000
E02002821,143500
E02002822,215000
E02002823,183750
E02002824,177500
E02002825,215000
E02002826,252500
E02004068,375000
E02004069,442500
E02004070,387500
E02004071,280000
E02004072,318000
E02004073,286250
E02004074,260000
E02004075,340000
E02004076,275000
E02004077,403750
E02005424,252765
E02005425,280000
E02005426,207500
E02005427,176950
E02005428,185000
E02005429,231000
E02005430,259950
E02005431,240000
E02005432,318000
E02005433,191497
E02005434,189000
E02005435,190000
E02005436,236000
E02005437,176500
E02005438,192500
E02005439,225500
E02005440,210500
E02005441,263750
E02005629,535000
E02005630,380000
E02005631,300000
E02005632,375000
E02005633,256500
E02005634,235000
E02005635,262500
E02005636,252000
E02005637,200000
E02005638,292000
E02004078,145000
E02004080,146000
E02004081,335000
E02004082,264500
E02004083,189000
E02004084,173750
E02004085,232500
E02004086,272000
E02004087,200000
E02004088,285000
E02004089,172000
E02004090,240000
E02004091,230000
E02004092,235000
E02006828,205000
E02005865,372500
E02005866,250000
E02005868,241000
E02005869,205000
E02005870,186000
E02005871,225000
E02005872,330000
E02005873,292500
E02005874,300000
E02005875,235000
E02005876,261000
E02005877,221000
E02005878,204500
E02005879,167500
E02006835,207000
E02005368,450000
E02005369,320000
E02005370,267475
E02005371,322500
E02005372,377500
E02005373,365000
E02005374,246475
E02005375,316250
E02005376,312475
E02006816,340000
E02004093,212000
E02004094,200000
E02004095,200000
E02004096,283500
E02004097,245000
E02004098,240000
E02004100,287500
E02004102,190000
E02004103,165000
E02004104,295450
E02006872,278750
E02005377,250000
E02005378,298500
E02005379,259000
E02005380,350000
E02005381,298250
E02005382,226500
E02005383,205000
E02005384,312000
E02005385,288500
E02005386,198725
E02005387,250000
E02005388,230000
E02005389,275000
E02005390,293750
E02005639,445000
E02005640,255000
E02005641,240000
E02005642,263750
E02005643,207600
E02005644,175000
E02005645,230000
E02005646,262000
E02005647,222000
E02005648,314995
E02005649,271250
E02002827,215000
E02002828,250000
E02002829,215000
E02002830,269000
E02002831,250000
E02002832,245000
E02002833,264500
E02002834,239000
E02002835,221000
E02002836,270000
E02002837,250000
E02002838,220000
E02002839,275000
E02002842,178500
E02002843,235000
E02002844,151000
E02002845,230000
E02002846,270500
E02002847,265000
E02002848,215000
E02002849,182625
E02002851,330000
E02002852,220000
E02002853,295500
E02002854,230000
E02002855,191000
E02002856,250000
E02002857,195000
E02002858,395000
E02002860,240000
E02002861,218000
E02002862,202500
E02006815,251000
E02006817,240000
E02006819,199000
E02006850,180000
E02006851,125050
E02005442,155500
E02005443,182500
E02005444,217000
E02005445,150000
E02005446,184500
E02005447,130000
E02005448,175997
E02005449,187500
E02005450,200000
E02005451,150500
E02005452,215000
E02005880,150000
E02005881,170000
E02005882,187350
E02005883,160000
E02005884,160000
E02005885,166250
E02005886,185000
E02005887,118250
E02005888,127250
E02005889,160000
E02005890,197500
E02005891,179000
E02005892,248000
E02005391,350000
E02005392,258500
E02005393,250000
E02005394,222500
E02005395,224950
E02005396,397555
E02005893,163000
E02005894,223797
E02005895,344500
E02005896,352500
E02005897,305000
E02005898,168500
E02005899,170000
E02005900,350000
E02005901,190000
E02005902,181500
E02005903,223500
E02005904,292995
E02005905,395000
E02004105,198750
E02004106,305500
E02004108,230000
E02004109,357375
E02004110,296000
E02004111,210000
E02004112,325000
E02004113,197250
E02004114,275000
E02004115,181750
E02004116,229995
E02004117,260000
E02006804,175000
E02005453,252500
E02005455,250000
E02005456,233475
E02005457,235000
E02005458,345000
E02005459,243250
E02005460,210000
E02005461,289950
E02005462,172500
E02005463,240000
E02005464,265000
E02006866,240000
E02006867,230000
E02005397,275000
E02005398,345000
E02005399,290000
E02005400,230000
E02005401,344997
E02005402,342500
E02005403,220000
E02005404,249495
E02005405,275000
E02005406,172000
E02005407,276995
E02005408,247500
E02005409,250750
E02005650,269950
E02005651,280000
E02005652,280000
E02005653,210000
E02005654,245000
E02005655,292000
E02005656,220000
E02005657,275000
E02005658,225000
E02005659,286000
E02005660,237497
E02005661,232500
E02005662,269500
E02005663,261250
E02005664,235000
E02005665,275000
E02005666,214950
E02005667,253500
E02005668,292995
E02005669,379975
E02005670,165000
E02005671,250000
E02005672,192000
E02005673,220000
E02005674,195000
E02005675,245000
E02005676,272497
E02005677,220500
E02005678,310000
E02005679,300000
E02005680,425000
E02002868,220000
E02002869,146000
E02002871,170000
E02002872,155000
E02002873,162000
E02002874,220000
E02002875,165000
E02002876,183500
E02002877,212000
E02002878,165000
E02002879,195000
E02002880,160000
E02002881,198500
E02002882,214000
E02002883,175000
E02002884,155000
E02002885,132000
E02002886,201000
E02002887,190000
E02002888,148000
E02002889,160000
E02002890,120000
E02002891,196750
E02002892,210000
E02002893,146000
E02002894,335000
E02002895,265000
E02002896,155000
E02002897,320000
E02002898,220000
E02002899,210000
E02002901,275000
E02002902,200000
E02002903,180000
E02002904,192000
E02006834,168500
E02006904,166000
E02006905,185000
E02005412,296250
E02005414,232000
E02005415,199000
E02005416,270000
E02006818,292000
E02006911,370000
E02005906,431250
E02005907,280000
E02005908,290000
E02005909,430500
E02005910,352500
E02005911,400000
E02005912,410000
E02005913,410000
E02005914,230000
E02005915,410000
E02005916,323025
E02005917,400000
E02005918,265650
E02005919,280000
E02005920,337500
E02002863,453500
E02002864,250000
E02002865,318000
E02002866,425000
E02002867,380000
E02004118,284995
E02004119,235000
E02004120,251000
E02004121,294250
E02004122,316000
E02004123,299000
E02004124,203000
E02004125,195000
E02004126,190000
E02004128,240000
E02006919,190000
E02006920,212500
E02005465,245000
E02005466,257000
E02005467,220000
E02005468,285000
E02005469,250500
E02005470,213500
E02005471,222750
E02005472,222600
E02005473,216500
E02005474,282500
E02005475,250000
E02005476,341250
E02005477,312995
E02005478,180000
E02005479,270000
E02005480,160000
E02005481,165000
E02005482,230000
E02005483,228750
E02005484,248000
E02005485,264500
E02005486,215000
E02005487,378750
E02005488,311500
E02005489,257500
E02005490,289000
E02005491,325000
E02005681,350000
E02005682,385000
E02005683,330000
E02005684,390000
E02005685,350000
E02005686,386250
E02005687,450000
E02005688,372500
E02005689,347500
E02005690,272750
E02005691,440000
E02005692,275000
E02005693,267500
E02005694,283495
E02005695,197000
E02005696,202000
E02005697,195000
E02005698,265000
E02005699,247000
E02005700,320000
E02005701,273500
E02005492,235000
E02005493,220000
E02005494,225000
E02005495,99500
E02005496,260000
E02005497,136250
E02005498,275000
E02005499,262000
E02005500,245000
E02005501,299950
E02005502,227500
E02001827,410000
E02001828,380000
E02001829,415000
E02001830,525500
E02001831,280000
E02001832,361500
E02001833,305510
E02001834,196750
E02001835,294000
E02001836,375000
E02001837,180000
E02001838,317500
E02001839,196500
E02001840,185000
E02001841,450000
E02001842,220000
E02001843,210000
E02001844,300000
E02001845,200000
E02001846,193000
E02001847,330000
E02001848,178000
E02001849,207500
E02001850,225000
E02001851,228500
E02001852,200000
E02001854,202425
E02001855,173750
E02001856,176000
E02001857,172750
E02001858,180000
E02001859,167500
E02001860,170000
E02001861,159000
E02001862,175000
E02001863,150000
E02001864,178000
E02001865,165000
E02001866,240000
E02001867,147500
E02001868,290000
E02001869,182500
E02001870,188000
E02001871,198500
E02001872,200000
E02001873,142000
E02001874,175000
E02001875,185000
E02001876,178000
E02001877,170000
E02001878,140000
E02001879,180000
E02001880,187500
E02001881,190000
E02001882,200000
E02001883,178500
E02001884,165000
E02001886,305000
E02001888,212000
E02001889,180000
E02001890,222750
E02001892,195000
E02001893,230000
E02001895,197000
E02001896,164000
E02001897,177500
E02001898,250500
E02001899,375000
E02001900,273000
E02001901,390000
E02001902,240000
E02001903,182500
E02001904,185000
E02001905,308000
E02001906,250000
E02001907,236575
E02001908,166500
E02001909,162500
E02001910,190000
E02001911,221500
E02001913,272250
E02001914,295000
E02001915,232000
E02001916,190000
E02001918,299975
E02001919,165750
E02001920,180000
E02001921,228000
E02001922,295000
E02001923,226000
E02001924,260000
E02001925,280000
E02001926,273500
E02001927,200000
E02001928,199000
E02001929,200000
E02001930,314500
E02001931,315000
E02001932,193000
E02001933,250000
E02001934,327000
E02001935,295000
E02001936,365000
E02001937,200000
E02001938,273750
E02001939,310000
E02001941,206250
E02001942,242500
E02001943,248500
E02001944,225000
E02001945,175000
E02001946,272500
E02001947,183000
E02001948,252000
E02001949,227500
E02001950,236000
E02001951,185000
E02001952,180000
E02001953,245000
E02001954,196500
E02001955,196250
E02001956,195000
E02001957,218000
E02006807,297750
E02006809,317500
E02006895,211500
E02006896,226375
E02006897,190500
E02006898,200000
E02006899,216250
E02006900,169500
E02006901,165000
E02006696,422500
E02006697,430000
E02006698,260000
E02006699,352500
E02006700,392000
E02006701,515000
E02006702,270000
E02006703,405000
E02006704,397000
E02006705,270250
E02006706,241250
E02006707,335000
E02006708,249750
E02006709,335000
E02006118,240000
E02006119,169000
E02006120,185000
E02006121,230000
E02006122,217000
E02006123,220000
E02006124,190000
E02006125,195500
E02006126,217500
E02006127,240000
E02006128,270000
E02006129,188000
E02006130,252000
E02001958,180000
E02001959,230000
E02001961,185000
E02001962,175000
E02001963,246700
E02001964,201500
E02001965,220000
E02001966,163000
E02001967,338975
E02001968,191100
E02001969,195000
E02001970,221000
E02001971,251500
E02001972,143500
E02001973,185000
E02001974,245000
E02001975,220000
E02001976,222500
E02001977,175000
E02001978,215000
E02001979,220000
E02001980,280000
E02001981,143000
E02001982,264000
E02001983,240000
E02001984,217000
E02001985,196000
E02001986,206000
E02001987,196500
E02001988,160000
E02001989,220000
E02001990,258500
E02001991,310000
E02001992,192500
E02001993,287000
E02001994,250000
E02001995,195000
E02001996,180000
E02001997,385000
E02001998,325000
E02001999,463500
E02006805,185000
E02002000,189950
E02002001,195500
E02002002,291000
E02002003,195000
E02002004,201250
E02002005,185000
E02002006,200000
E02002007,230000
E02002008,247975
E02002009,168000
E02002010,157500
E02002011,241500
E02002012,192500
E02002013,301000
E02002014,171250
E02002015,217500
E02002016,165000
E02002017,170500
E02002018,292500
E02002019,178000
E02002020,245000
E02002021,121000
E02002022,195000
E02002023,230000
E02002024,199750
E02002025,206000
E02002026,220000
E02002027,248000
E02002028,307500
E02002029,282000
E02002030,192000
E02002031,179975
E02002032,190000
E02002033,230000
E02002034,255500
E02002035,348750
E02002036,195875
E02002037,273250
E02002038,230000
E02002039,290000
E02002040,395000
E02002041,335000
E02002042,290000
E02006131,267500
E02006132,225000
E02006133,207500
E02006134,283500
E02006135,227500
E02006136,425000
E02006137,180000
E02006138,150000
E02006139,159000
E02006140,193500
E02006141,125000
E02006142,232500
E02006143,210000
E02006144,165000
E02006145,320000
E02002905,385000
E02002906,220000
E02002907,219000
E02002908,425000
E02002909,285000
E02002910,300000
E02002911,391500
E02002912,329500
E02002913,532500
E02002914,237500
E02002915,316000
E02002916,212500
E02002917,251250
E02002918,327725
E02002919,249500
E02002920,261000
E02002921,195000
E02002922,441100
E02002923,297995
E02002924,350000
E02002925,296250
E02002926,285000
E02002927,475000
E02006146,240000
E02006147,382000
E02006148,353500
E02006149,249000
E02006150,335000
E02006151,240000
E02006152,330000
E02006153,375000
E02006154,245000
E02006155,187500
E02006156,482500
E02006157,253500
E02006710,339000
E02006711,440190
E02006712,390000
E02006713,253750
E02006714,416000
E02006715,292000
E02006716,262475
E02006717,337500
E02006718,333375
E02006719,282500
E02006720,382750
E02006158,190000
E02006159,155125
E02006160,175000
E02006161,203000
E02006162,175500
E02006163,169500
E02006164,129000
E02006165,147750
E02006166,171750
E02006167,150000
E02006168,130000
E02006169,152500
E02006170,204000
E02006171,223000
E02006172,250000
E02006173,357750
E02006468,269975
E02006469,200000
E02006470,205000
E02006471,293250
E02006472,230000
E02006473,270000
E02006474,319550
E02006475,294997
E02006476,174975
E02006477,319950
E02006478,218500
E02006479,150000
E02006480,177250
E02006481,172000
E02006482,225000
E02006483,182000
E02006484,208500
E02006485,300000
E02006486,215000
E02006487,200000
E02006488,257500
E02006489,196750
E02006490,210500
E02006806,233975
E02006721,275000
E02006722,190000
E02006723,254750
E02006724,185000
E02006725,225000
E02006726,207000
E02006727,255000
E02006728,288500
E02006729,250000
E02006730,185000
E02006731,270000
E02006732,267500
E02006733,325000
E02006492,331250
E02006493,260000
E02006494,200000
E02006495,326250
E02006496,206800
E02006497,209000
E02006498,270000
E02006499,280000
E02006500,289997
E02006501,292500
E02006502,285000
E02006503,419995
E02002043,194000
E02002044,220000
E02002045,190000
E02002046,180000
E02002047,182000
E02002048,293250
E02002049,193000
E02002051,160000
E02002052,193000
E02002053,226000
E02002054,230000
E02002055,199999
E02002056,171000
E02002057,171750
E02002058,188000
E02002059,185000
E02002060,193500
E02002061,174000
E02002062,171000
E02002063,170000
E02002064,200000
E02002065,175000
E02002066,167000
E02002067,191500
E02002068,157000
E02002069,195000
E02002070,175000
E02002071,205000
E02002072,200000
E02002073,200000
E02002074,210000
E02002075,186000
E02002076,222000
E02002077,189000
E02002078,264250
E02002079,204000
E02002080,215000
E02006810,245000
E02006015,215000
E02006016,351500
E02006023,222500
E02006017,242995
E02006018,228000
E02006024,186500
E02006025,175000
E02006019,235000
E02006020,390000
E02006021,385750
E02006026,321495
E02006027,313750
E02006022,385000
E02006028,320000
E02006029,197050
E02006030,212500
E02006031,216750
E02006032,232500
E02006033,260000
E02006034,313500
E02006035,320000
E02006036,254500
E02006037,305000
E02006038,289995
E02006008,269950
E02006039,310000
E02006009,289000
E02006040,357000
E02006010,295500
E02006041,352500
E02006011,240000
E02006042,432500
E02006012,245000
E02006013,310000
E02006014,250000
E02006043,373750
E02006044,430000
E02006045,232500
E02006046,285000
E02002081,265000
E02002082,173000
E02002083,283000
E02002084,200000
E02002085,210000
E02002086,169000
E02002087,180000
E02002088,180000
E02002089,286000
E02002090,292000
E02002091,293500
E02002092,297475
E02002093,251500
E02002094,365000
E02002095,323000
E02002096,316500
E02002097,400000
E02002098,393000
E02002099,672500
E02002101,283750
E02002102,350000
E02002103,405000
E02002104,575000
E02002105,500750
E02002106,565000
E02002107,475000
E02002108,649500
E02002109,389450
E02006808,325000
E02006174,279950
E02006175,240000
E02006176,315252
E02006177,255000
E02006178,230000
E02006179,281975
E02006180,245000
E02006181,262500
E02006182,345000
E02006183,290000
E02006184,240000
E02006185,251250
E02006186,308500
E02006187,387500
E02006188,235000
E02006189,287500
E02006190,240000
E02006191,285000
E02006192,287500
E02006193,238750
E02006194,201500
E02006195,288000
E02006196,170000
E02006197,160000
E02006198,265000
E02006199,275000
E02006200,172000
E02006201,287500
E02006202,300000
E02006203,210000
E02006204,165000
E02006205,282475
E02006206,160000
E02006207,191000
E02006208,148000
E02006209,230000
E02006210,292000
E02006211,320000
E02006212,225000
E02006213,227497
E02006214,187000
E02006215,219950
E02006216,220000
E02002951,173500
E02002952,143000
E02002953,149500
E02002954,135525
E02002955,85000
E02002956,127250
E02002957,195000
E02002958,150000
E02002959,90000
E02002960,172500
E02002961,85000
E02002962,141275
E02002963,95000
E02002964,143500
E02002965,96500
E02002966,107000
E02002967,127950
E02002968,145000
E02002969,103000
E02002970,100000
E02002971,102000
E02002972,130000
E02002973,140000
E02002974,175000
E02002975,165000
E02002976,166000
E02002977,140000
E02002978,137000
E02002979,130000
E02002980,210000
E02002981,178500
E02002982,155250
E02002983,222500
E02002984,260000
E02006504,695000
E02006505,475000
E02006506,277250
E02006507,300500
E02006508,390500
E02006509,300000
E02006510,382750
E02006511,370000
E02006512,330000
E02006513,435000
E02006514,380000
E02006515,356750
E02006516,425000
E02006517,405000
E02006518,402000
E02006217,288750
E02006218,188725
E02006219,240000
E02006220,226500
E02006221,225000
E02006222,210000
E02006223,175000
E02006224,240250
E02006225,270000
E02006226,227000
E02002928,265000
E02002929,410000
E02002930,232950
E02002931,270000
E02002932,165000
E02002933,222500
E02002934,213750
E02002935,180000
E02002936,196000
E02002937,291250
E02002938,182250
E02002939,195000
E02002940,172000
E02002941,180000
E02002942,335000
E02002943,245000
E02002944,146500
E02002945,167000
E02002946,172500
E02002947,136499
E02002948,110000
E02002949,190000
E02002950,150000
E02002110,210000
E02002111,195000
E02002112,220000
E02002113,180000
E02002114,230000
E02002115,198000
E02002116,310000
E02002117,216750
E02002118,163000
E02002119,212550
E02002120,192000
E02002121,176000
E02002122,180000
E02002123,189000
E02002124,194000
E02002125,190000
E02002126,164500
E02002127,165000
E02002128,190000
E02002129,207500
E02002130,169250
E02002131,350500
E02002132,162000
E02002133,210000
E02002134,171000
E02002135,148000
E02002136,156250
E02002137,340000
E02002138,262000
E02002139,145000
E02002140,155000
E02002141,336000
E02002142,150000
E02002143,140000
E02002144,382500
E02002145,168000
E02002146,215000
E02002147,165000
E02002148,256500
E02006519,330000
E02006520,425000
E02006521,457750
E02006522,685000
E02006523,393500
E02006524,287500
E02006525,384000
E02006526,298000
E02006527,347500
E02006528,300000
E02006529,312500
E02006530,370000
E02006531,266250
E02006532,363500
E02006533,320137
E02002149,196000
E02002150,200000
E02002151,168000
E02002152,197500
E02002153,190000
E02002154,230000
E02002155,169500
E02002156,237000
E02002157,250000
E02002158,195000
E02002159,147000
E02002160,187500
E02002161,160000
E02002162,260000
E02002163,144000
E02002164,130000
E02002165,186000
E02002166,170000
E02002167,220000
E02002168,128000
E02002169,290000
E02002170,185000
E02002171,178000
E02002174,250000
E02002175,180000
E02002176,240000
E02002177,170000
E02002178,250000
E02002179,262500
E02002180,215750
E02002181,185000
E02002182,175000
E02006894,163000
E02006734,311000
E02006735,201000
E02006736,246250
E02006737,225000
E02006738,220000
E02006739,275000
E02006740,200000
E02006741,297000
E02006742,240000
E02006743,212000
E02006744,207750
E02006745,283360
E02006746,265000
E02006747,295000
E02006748,360000
E02006749,215000
E02006750,225000
E02006751,265002
E02006752,355000
E02006753,450000
E02006754,460000
E02006755,535000
E02006756,340000
E02006757,384750
E02006758,342500
E02006759,282500
E02006760,345000
E02006761,181000
E02006762,278500
E02006763,271500
E02006764,236250
E02006765,412000
E02006766,427500
E02006767,413500
E02006768,240000
E02006769,220000
E02006770,179000
E02006771,273000
E02006772,246250
E02006773,219550
E02006774,190000
E02006775,204000
E02006776,229750
E02006777,310000
E02006778,252500
E02006779,225000
E02006780,220000
E02006227,410000
E02006228,290000
E02006229,343000
E02006230,341250
E02006231,293000
E02006232,375000
E02006233,267500
E02006234,270000
E02006235,453000
E02006236,385000
E02006237,387500
E02004424,542500
E02004425,442000
E02004426,476500
E02004427,477500
E02004428,363000
E02004429,427500
E02004430,370000
E02004431,340000
E02004432,535000
E02004433,350000
E02004434,310000
E02004435,337000
E02004436,283500
E02004437,351000
E02004438,315000
E02004439,296300
E02004440,320000
E02004441,337500
E02004442,308500
E02004443,370000
E02004444,467500
E02004445,310500
E02003616,472500
E02003617,420000
E02003618,356500
E02003619,390000
E02003620,365000
E02003621,377500
E02003622,280000
E02003623,407500
E02003624,256250
E02003625,260250
E02003626,370000
E02003627,327500
E02003628,279000
E02003629,270000
E02003630,250000
E02003631,284650
E02003632,285000
E02003633,287000
E02003634,330000
E02003635,362000
E02004446,352500
E02004447,520000
E02004448,330000
E02004449,265750
E02004450,550000
E02004451,373995
E02004452,338000
E02004453,291500
E02004454,243725
E02004455,380000
E02004456,290000
E02004457,350000
E02004458,384000
E02004459,405000
E02004460,330000
E02004461,290000
E02004462,292500
E02004463,440000
E02005503,286000
E02005504,310000
E02005505,295000
E02005506,291500
E02005507,235500
E02005508,340000
E02005509,260500
E02005510,313000
E02005511,232000
E02005512,282500
E02005513,247500
E02005514,295000
E02005515,348625
E02005516,345000
E02005517,205000
E02005518,236000
E02005519,191000
E02004464,595000
E02004465,635000
E02004466,449247
E02004467,431000
E02004468,850000
E02004469,472000
E02004470,360500
E02004471,395000
E02004472,505000
E02005520,295000
E02005521,368000
E02005522,320000
E02005523,290995
E02005524,291250
E02005525,348500
E02005526,340000
E02005527,385750
E02005528,297500
E02005529,285000
E02005530,279750
E02005531,285000
E02005532,300000
E02005533,360000
E02005534,320000
E02005535,306000
E02005536,315000
E02005537,298500
E02004843,460000
E02004844,425100
E02004845,357000
E02004846,723000
E02004847,405000
E02004848,445000
E02004849,699995
E02004850,432750
E02004851,392500
E02004852,442500
E02004853,435000
E02004854,422500
E02004855,350000
E02003719,372000
E02003720,463500
E02003721,456250
E02003722,556405
E02003723,590000
E02003724,399000
E02003725,765000
E02003726,548250
E02003727,500000
E02003728,475000
E02003729,470250
E02003730,550000
E02003731,725075
E02004473,387000
E02004474,400500
E02004475,416497
E02004476,448500
E02004477,442000
E02004478,330875
E02004479,396000
E02004480,327750
E02004481,330000
E02004482,310000
E02004483,366250
E02004484,315000
E02003599,325000
E02003600,285000
E02003601,395000
E02003602,495000
E02003603,310000
E02003604,375000
E02003605,430000
E02003606,442250
E02003607,375000
E02003608,360000
E02003609,379995
E02003610,425000
E02003611,440000
E02003612,420000
E02003613,375000
E02003614,337250
E02003615,462500
E02003636,398000
E02003637,378747
E02003638,400000
E02003639,275000
E02003640,330000
E02003641,371250
E02003643,335000
E02003642,297500
E02003644,325000
E02003645,352500
E02003646,320000
E02003647,258000
E02003648,320000
E02003649,367500
E02003650,512000
E02003651,415000
E02004485,485000
E02004486,455000
E02004487,427500
E02004488,395250
E02004489,482500
E02004490,330000
E02004491,409250
E02004492,365000
E02004493,355000
E02004494,268000
E02004495,457500
E02004496,445000
E02004497,430000
E02004498,385000
E02004499,379000
E02004500,522500
E02004501,411250
E02004502,697500
E02004503,365000
E02004504,337500
E02004505,450000
E02004506,590000
E02004507,280000
E02004508,395000
E02004509,322750
E02004512,250000
E02004513,235000
E02004514,395000
E02004515,364000
E02004516,245000
E02004517,355000
E02004518,366000
E02004519,365000
E02004520,275000
E02004521,287000
E02004522,355000
E02004523,280000
E02004524,465500
E02004525,375000
E02004526,415000
E02006922,324000
E02004856,415000
E02004857,495000
E02004858,427500
E02004859,625000
E02004860,336000
E02004861,684000
E02004862,362500
E02004863,356250
E02004864,620000
E02004865,395000
E02004866,410000
E02004867,650500
E02004868,457500
E02004869,757180
E02004870,347500
E02004871,392500
E02004872,505000
E02004873,415000
E02004874,412500
E02004875,400000
E02004876,567500
E02004877,613000
E02003732,250000
E02003733,295000
E02003734,345000
E02003735,330000
E02003736,343495
E02003737,287750
E02003738,366250
E02003739,367500
E02003740,452500
E02006825,455000
E02004878,458750
E02004879,580000
E02004880,510000
E02004881,496000
E02004882,450000
E02004883,450000
E02004884,377000
E02004885,450000
E02004886,590000
E02004887,545000
E02004888,520000
E02004889,425000
E02004890,363750
E02004891,525000
E02004892,407500
E02004893,412000
E02004894,385000
E02004895,486250
E02006287,450000
E02006288,383750
E02006289,330000
E02006290,312000
E02006291,402500
E02006292,465000
E02006293,360000
E02006294,370000
E02006295,350000
E02006296,352000
E02006297,415000
E02006298,295000
E02006299,410000
E02006300,267000
E02006301,300000
E02006302,324750
E02006303,225500
E02006304,260000
E02006305,145000
E02006306,225500
E02006307,300000
E02006308,180500
E02006309,227000
E02006310,246000
E02006311,270000
E02006312,300000
E02006313,243250
E02006314,272500
E02006315,490000
E02006316,288500
E02004527,425000
E02004528,555000
E02004529,810000
E02004530,472500
E02004531,616750
E02004532,582500
E02004533,400000
E02004534,368250
E02004535,440000
E02004536,640000
E02004537,452500
E02004538,610000
E02004539,510000
E02004540,680000
E02004541,618500
E02004542,655600
E02004543,627500
E02003742,255000
E02003743,175600
E02003744,212000
E02003745,250250
E02003746,229000
E02003747,247000
E02003748,225000
E02003749,247500
E02003750,254000
E02003751,280000
E02003752,236000
E02005538,270000
E02005539,297500
E02005540,248000
E02005541,205000
E02005542,130000
E02005543,119500
E02005544,155375
E02005545,270000
E02005546,180000
E02005547,222500
E02005548,200000
E02005549,285000
E02005550,265500
E02004544,407400
E02004545,330000
E02004546,310000
E02004547,325000
E02004548,362500
E02004549,330750
E02004550,312500
E02004551,335000
E02004552,334500
E02004553,310000
E02004554,307000
E02004896,560000
E02004897,634890
E02004898,530000
E02004899,600000
E02004900,1250000
E02004901,455000
E02004902,475000
E02004903,500000
E02004904,487000
E02004905,750000
E02004906,532676
E02004907,532000
E02004908,650000
E02003753,252000
E02003754,326250
E02003755,275000
E02003756,310000
E02003757,304000
E02003758,319000
E02003759,385000
E02003760,232500
E02003761,296500
E02003762,380000
E02003763,290000
E02003764,250000
E02003765,340000
E02003766,300000
E02003767,484750
E02003768,400000
E02003769,360000
E02003770,370500
E02003771,280000
E02003772,301250
E02003773,293500
E02003774,280000
E02006245,272500
E02006246,305000
E02006247,215000
E02006248,300000
E02006249,280000
E02006250,195000
E02006251,200500
E02006252,227000
E02006253,338000
E02006254,162500
E02006255,210000
E02006256,223000
E02006257,245000
E02006258,256000
E02006259,252000
E02006260,250000
E02005551,340000
E02005552,587500
E02005553,299997
E02005554,312500
E02005555,340000
E02005556,252000
E02005557,152500
E02005558,296250
E02005559,209975
E02005560,194000
E02005561,160000
E02005562,325000
E02005563,315000
E02005564,300000
E02005565,270000
E02005566,280000
E02005567,255000
E02005568,310000
E02005569,280000
E02003258,345000
E02003259,300000
E02003260,280750
E02003261,335000
E02003262,325000
E02003263,325000
E02003264,442500
E02003265,312000
E02003266,290000
E02003267,297500
E02003268,297500
E02003269,330000
E02003270,335000
E02003271,330000
E02003272,287500
E02003273,305000
E02003274,225000
E02003275,200000
E02003276,265500
E02003277,310000
E02003278,240000
E02004555,420000
E02004556,525000
E02004557,360000
E02004558,305750
E02004559,395000
E02004560,350000
E02004561,432000
E02004562,390000
E02006261,400000
E02006262,409000
E02006263,395500
E02006264,350000
E02006265,314995
E02006266,420000
E02006267,382500
E02006268,240000
E02006269,300000
E02006270,255000
E02006271,276250
E02006272,280000
E02004909,365000
E02004910,414500
E02004911,360000
E02004912,355000
E02004913,425000
E02004914,383775
E02004915,362500
E02004916,558500
E02004917,346000
E02004918,459000
E02004919,440000
E02004920,418750
E02004921,467500
E02004922,525000
E02004923,470000
E02005570,326000
E02005571,511225
E02005572,250500
E02005573,425000
E02005574,382000
E02005575,385000
E02005576,325000
E02005577,282500
E02005578,273625
E02005579,254000
E02005580,260000
E02005581,300000
E02005582,240000
E02005583,385000
E02005584,210000
E02005585,225000
E02005586,227000
E02005587,245000
E02005588,233000
E02005589,235000
E02005590,190000
E02005592,300000
E02005593,273000
E02005594,280000
E02005595,365000
E02005596,236250
E02006907,190250
E02006908,225000
E02003237,300000
E02003238,230000
E02003239,275000
E02003240,345000
E02003241,245000
E02003242,242500
E02003243,197750
E02003244,220000
E02003245,180000
E02003246,182000
E02003247,192250
E02003248,245000
E02003249,197500
E02003250,150000
E02003251,352500
E02003252,220000
E02003253,210000
E02003254,308000
E02003255,250000
E02003257,180000
E02006877,260000
E02006878,275975
E02004563,410000
E02004564,386250
E02004565,450000
E02004566,328750
E02004567,440000
E02004568,386500
E02004569,352000
E02004570,415000
E02004571,415000
E02004572,361000
E02003775,372500
E02003776,404000
E02003777,411000
E02003778,367250
E02003779,350000
E02003780,415500
E02003781,436750
E02003783,622000
E02003784,435000
E02003785,458750
E02003786,595000
E02003787,450000
E02003788,560000
E02003789,367500
E02003790,442500
E02003791,543000
E02003792,440000
E02003793,475000
E02006873,350000
E02006874,390000
E02005597,270000
E02005598,377500
E02005599,315000
E02005600,351000
E02005601,273500
E02005602,345000
E02005603,300000
E02005604,397500
E02005605,317500
E02005606,302500
E02005607,340000
E02005608,361000
E02005609,275000
E02005610,340000
E02005611,265000
E02003279,355000
E02003280,352500
E02003281,412500
E02003282,382500
E02003283,425000
E02003284,320000
E02003285,300000
E02003286,617500
E02003287,355000
E02003288,225000
E02003289,390000
E02003290,320000
E02003291,310000
E02003292,225000
E02003293,240000
E02003294,482000
E02003295,377500
E02004924,749750
E02004925,725000
E02004926,954729
E02004927,740000
E02004928,785000
E02004929,690000
E02004930,460000
E02004931,595000
E02004932,650000
E02004933,810000
E02004934,495000
E02004935,551250
E02004936,610000
E02004937,792600
E02004938,675000
E02004939,515000
E02004940,525000
E02004941,445000
E02004942,580000
E02004943,686250
E02004944,289000
E02004945,416500
E02004946,331250
E02004947,345250
E02004948,357000
E02004949,325000
E02004950,335000
E02004951,305000
E02004952,345000
E02004953,338000
E02004954,334000
E02004955,360125
E02004573,221000
E02004574,222500
E02004575,341000
E02004576,297500
E02004577,463750
E02004578,290000
E02004579,372000
E02004580,330000
E02004581,360000
E02004582,275000
E02004583,270000
E02004584,330000
E02004585,275000
E02004586,225000
E02004587,250000
E02004588,160000
E02004589,225000
E02004590,215000
E02004956,485000
E02004957,522750
E02004958,740000
E02004959,725000
E02004960,1080000
E02004961,620000
E02004962,625000
E02004963,475000
E02004964,496250
E02004965,500000
E02004966,1450000
E02004967,390000
E02003296,379000
E02003297,370000
E02003298,360000
E02003299,500000
E02003300,365000
E02003301,338750
E02003302,350000
E02003303,385000
E02003304,425000
E02003305,435000
E02003307,360000
E02003308,350000
E02003309,385000
E02003310,252000
E02003311,312000
E02003312,232000
E02003313,310000
E02006859,336000
E02006926,368000
E02004591,481500
E02004592,419000
E02004593,599950
E02004594,552500
E02004595,481000
E02004596,497500
E02004597,419250
E02004598,475000
E02004599,592500
E02004968,445000
E02004969,482500
E02004970,460000
E02004971,421000
E02004972,495000
E02004973,395000
E02004974,410000
E02004975,525000
E02004976,375000
E02004977,420000
E02004978,305125
E02004979,515000
E02004980,730000
E02004981,504000
E02004982,505000
E02004983,382500
E02004984,390000
E02004985,641000
E02004986,319000
E02004987,427500
E02004988,380000
E02004989,455000
E02004990,392497
E02004991,347500
E02004992,360000
E02004993,495000
E02004994,935000
E02004995,902500
E02006238,221250
E02006239,247500
E02006240,309500
E02006241,250000
E02006242,305000
E02006243,265000
E02006826,248375
E02006273,308000
E02006274,385000
E02006275,241250
E02006276,397000
E02006277,300000
E02006278,280000
E02006279,290000
E02006280,400000
E02006281,283750
E02006282,425000
E02006283,379950
E02006284,300000
E02006285,286750
E02006286,245000
E02000002,400000
E02000003,423500
E02000004,425000
E02000005,395000
E02000007,403000
E02000008,367000
E02000009,380000
E02000010,373650
E02000011,416000
E02000012,525000
E02000013,379000
E02000014,375000
E02000015,318000
E02000016,197000
E02000017,424500
E02000018,359000
E02000019,380000
E02000020,356000
E02000021,368750
E02000022,255000
E02000023,255000
E02006799,360500
E02000024,662500
E02000025,452500
E02000026,665000
E02000027,550000
E02000028,598750
E02000029,475000
E02000030,1027500
E02000031,705000
E02000032,775000
E02000033,583975
E02000034,510000
E02000035,590000
E02000036,583000
E02000037,670000
E02000038,690000
E02000039,1250000
E02000040,583100
E02000041,672500
E02000042,462000
E02000043,907500
E02000044,461000
E02000045,500000
E02000046,572500
E02000047,430000
E02000048,715000
E02000049,400000
E02000050,560500
E02000051,627500
E02000052,620250
E02000053,425250
E02000054,655000
E02000055,735700
E02000056,1525000
E02000057,771000
E02000058,1030000
E02000059,458000
E02000060,1020000
E02000061,1160000
E02000062,517500
E02000063,670000
E02000064,750000
E02000065,320000
E02000066,357700
E02000067,341000
E02000068,265000
E02000069,375000
E02000070,450000
E02000071,420000
E02000072,380000
E02000073,506000
E02000074,387250
E02000075,495000
E02000077,450000
E02000078,425000
E02000079,405000
E02000080,456250
E02000081,455000
E02000082,450000
E02000083,386000
E02000084,520000
E02000085,415000
E02000086,494500
E02000087,470000
E02000088,510000
E02000089,560000
E02000090,332500
E02000091,424000
E02000092,355000
E02006785,434000
E02000093,550000
E02000094,510000
E02000095,575000
E02000096,772500
E02000097,600000
E02000098,635000
E02000099,562000
E02000100,710500
E02000101,362500
E02000102,400000
E02000103,540000
E02000104,567500
E02000105,392500
E02000106,645000
E02000107,545500
E02000108,470000
E02000109,480000
E02000110,897500
E02000111,485000
E02000112,542500
E02000113,395000
E02000114,547500
E02000115,525000
E02000116,390000
E02000117,387000
E02000118,507300
E02000119,497500
E02000120,647000
E02000121,430000
E02000122,931500
E02000123,560000
E02000124,990000
E02000125,1020000
E02000126,527500
E02000127,407500
E02000128,595000
E02000130,600000
E02000131,390500
E02000132,373000
E02000133,715000
E02000134,398750
E02000135,360000
E02000136,643750
E02000137,435000
E02000138,465000
E02000139,565000
E02000140,423750
E02000141,450000
E02000142,585000
E02000144,479375
E02000145,352000
E02000146,538750
E02000147,850000
E02000148,672500
E02000149,450000
E02000150,662000
E02000151,757500
E02000152,520000
E02000153,725500
E02000154,455000
E02000155,472500
E02000156,680500
E02000157,635000
E02000158,570000
E02000159,760000
E02000160,662500
E02000161,575000
E02000162,532500
E02000163,585000
E02000165,440000
E02006782,516000
E02006787,637500
E02006789,550000
E02000166,706000
E02000167,1825000
E02000168,867250
E02000169,1325000
E02000170,725000
E02000171,892500
E02000172,530000
E02000173,1140000
E02000174,635000
E02000175,740000
E02000176,857500
E02000177,565000
E02000178,550000
E02000179,1275000
E02000180,665000
E02000181,850000
E02000182,1050000
E02000183,976000
E02000184,527500
E02000185,640000
E02000186,997500
E02000187,732500
E02000188,476000
E02000189,596000
E02000190,550000
E02000191,756499
E02000192,650000
E02000193,700000
E02000001,790000
E02000194,385000
E02000195,540000
E02000196,550000
E02000197,525000
E02000198,350000
E02000199,444000
E02000200,325000
E02000201,380000
E02000202,460000
E02000203,420000
E02000204,455500
E02000206,336750
E02000207,420000
E02000208,301000
E02000209,397500
E02000210,438750
E02000211,490000
E02000212,380000
E02000213,280000
E02000214,550000
E02000215,330000
E02000216,382500
E02000217,366250
E02000218,592500
E02000219,600000
E02000220,275000
E02000221,400000
E02000222,380000
E02000223,375000
E02000224,389500
E02000225,410000
E02000226,635000
E02000227,399950
E02000228,750000
E02000229,385000
E02000230,500000
E02000231,792500
E02000232,575000
E02000233,485000
E02000234,513750
E02000235,580500
E02000236,558000
E02000237,537500
E02006788,480000
E02000238,471000
E02000239,548000
E02000240,450000
E02000241,486750
E02000242,536250
E02000243,487497
E02000244,530000
E02000245,275000
E02000246,447500
E02000247,380000
E02000248,495000
E02000249,368470
E02000250,781475
E02000251,522500
E02000252,529960
E02000253,520000
E02000254,467500
E02000255,810000
E02000256,599950
E02000257,595000
E02000258,711250
E02000259,648000
E02000260,440000
E02000261,500160
E02000262,585000
E02000263,477500
E02000264,682500
E02000265,607500
E02000266,386000
E02000267,640000
E02000268,705000
E02000269,812500
E02000270,585000
E02000271,1225000
E02000272,807500
E02000274,405000
E02000275,456000
E02000276,702500
E02006791,652500
E02000277,427500
E02000278,420000
E02000279,285000
E02000280,528000
E02000281,411500
E02000282,350000
E02000283,450000
E02000284,520000
E02000285,570000
E02000286,400000
E02000287,982500
E02000288,358500
E02000289,812500
E02000290,282000
E02000291,420000
E02000292,468000
E02000293,760000
E02000294,425000
E02000295,495000
E02000296,415000
E02000297,635000
E02000298,890000
E02000299,410750
E02000300,425000
E02000301,400000
E02000302,573750
E02000303,432000
E02000304,937500
E02000305,576000
E02000306,286000
E02000307,474497
E02000308,627550
E02000309,388000
E02000311,525000
E02000312,533125
E02006793,390000
E02000313,378000
E02000314,307500
E02000315,385000
E02000316,462500
E02000317,430000
E02000318,393500
E02000319,410000
E02000320,432500
E02000321,311500
E02000323,400000
E02000324,437000
E02000326,582500
E02000327,360000
E02000328,568000
E02000329,440000
E02000331,457000
E02000332,500000
E02000333,549950
E02000334,427500
E02000335,545000
E02000337,460000
E02000339,597450
E02000340,398750
E02000341,377500
E02000342,500000
E02000343,480000
E02000344,500000
E02006786,400000
E02006927,515000
E02006928,460000
E02006929,590000
E02006930,642000
E02006931,660000
E02000345,625000
E02000346,549000
E02000347,525000
E02000348,432500
E02000350,545000
E02000351,604000
E02000352,560000
E02000353,1027500
E02000354,540500
E02000355,782500
E02000356,715000
E02000357,375000
E02000358,650000
E02000359,918500
E02000360,471000
E02000361,582500
E02000362,650000
E02000363,385000
E02000364,750000
E02000365,642005
E02000366,750000
E02000367,670000
E02000368,507000
E02000369,586500
E02000370,582500
E02000371,730000
E02006918,410300
E02006921,520000
E02000372,567000
E02000373,366000
E02000374,650000
E02000375,870000
E02000376,572500
E02000377,636000
E02000378,545000
E02000379,740000
E02000380,1015000
E02000381,670000
E02000382,480000
E02000383,586250
E02000384,553000
E02000385,580000
E02000386,610000
E02000387,590500
E02000388,960000
E02000389,950000
E02000390,960000
E02000391,1160000
E02000392,935000
E02000393,860000
E02000394,800000
E02000395,1035000
E02000396,1042500
E02000397,479250
E02000398,388000
E02000400,752500
E02000401,465000
E02000402,453000
E02000403,505000
E02000404,534000
E02000405,1005000
E02000406,597500
E02000407,410000
E02000408,420000
E02000409,500000
E02000410,1000000
E02000411,470000
E02000412,530000
E02000413,725000
E02000414,600000
E02000415,622500
E02000416,528000
E02000417,865000
E02000418,910000
E02000419,600000
E02000420,500000
E02000421,383750
E02000422,540000
E02000423,660000
E02000424,632500
E02000425,891400
E02000426,857250
E02000427,606000
E02000428,450000
E02000429,704000
E02000430,590000
E02000431,770000
E02000432,595375
E02006794,397500
E02000433,605000
E02000434,547500
E02000435,619000
E02000436,845000
E02000437,583500
E02000438,460000
E02000439,525000
E02000440,675000
E02000441,760000
E02000442,558500
E02000443,491000
E02000444,611500
E02000445,530000
E02000447,632500
E02000448,857500
E02000449,565000
E02000451,694000
E02000452,402500
E02000453,499500
E02000454,785000
E02000455,415000
E02000456,540000
E02000457,655000
E02000459,392500
E02000460,410000
E02000461,492500
E02000462,505000
E02000463,520000
E02006795,557875
E02006882,640000
E02000464,400000
E02000465,415000
E02000466,422500
E02000467,342500
E02000468,440000
E02000469,385000
E02000470,435000
E02000471,542500
E02000472,460000
E02000473,492000
E02000474,440000
E02000475,450000
E02000476,275000
E02000477,533500
E02000478,883750
E02000479,410000
E02000480,400000
E02000481,487500
E02000482,635000
E02000483,425000
E02000484,470000
E02000485,522500
E02000486,471250
E02000487,733750
E02000488,480000
E02000489,450000
E02000490,435000
E02000491,381000
E02000492,460000
E02000493,400000
E02000494,852500
E02000495,624500
E02000496,440000
E02000497,602500
E02000498,540000
E02000499,650000
E02000500,735000
E02000501,580000
E02000502,513750
E02000503,545000
E02000504,700500
E02000506,818000
E02000507,519950
E02000508,428000
E02000509,435000
E02000510,530000
E02000511,500000
E02000512,402500
E02000513,410000
E02000514,465000
E02000515,295000
E02000516,427500
E02000517,460000
E02000518,465000
E02000519,460000
E02000520,448000
E02000521,382500
E02000522,425000
E02000523,450000
E02000524,335000
E02000525,370000
E02006796,500000
E02000526,1022500
E02000528,427500
E02000529,502500
E02000530,344000
E02000531,540000
E02000532,1250000
E02000533,600000
E02000534,513000
E02000535,540000
E02000536,575000
E02000537,608750
E02000538,492000
E02000539,470000
E02000540,415000
E02000541,514000
E02000542,370000
E02000543,470000
E02000544,565000
E02000545,595000
E02000546,407500
E02000547,430000
E02000548,388750
E02000549,462500
E02000550,385000
E02000551,396000
E02000552,402500
E02000553,455000
E02006792,700000
E02000554,500000
E02000555,580000
E02000556,675000
E02000557,522750
E02000558,480250
E02000559,975200
E02000560,484435
E02000561,640000
E02000562,687500
E02000563,475000
E02000564,610000
E02000565,583250
E02000566,1097500
E02000567,650000
E02000568,490000
E02000569,651500
E02000570,848000
E02000571,750500
E02000572,460000
E02000573,880000
E02000574,790000
E02000575,737500
E02000576,720000
E02000577,520000
E02000578,665000
E02000579,1037500
E02000580,1062500
E02000581,1087500
E02000582,1250000
E02000583,1500000
E02000584,1900000
E02000585,1675105
E02000586,1700000
E02000587,2160000
E02000588,2250000
E02000589,1185000
E02000590,1255000
E02000591,890000
E02000592,1872500
E02000593,975000
E02000594,1950000
E02000595,1875000
E02000596,1310000
E02000597,855000
E02000598,837000
E02000599,1325000
E02000600,736500
E02000601,664000
E02000602,512500
E02000603,538000
E02000604,647500
E02000605,626750
E02000606,500000
E02000607,713750
E02000608,450000
E02000609,700000
E02000610,415000
E02000611,795000
E02000612,680500
E02000613,563250
E02000614,500000
E02000615,500000
E02000616,452000
E02000617,508750
E02000619,541500
E02000620,547500
E02000621,700000
E02000622,562475
E02000623,420000
E02000624,532500
E02000625,435000
E02000626,480000
E02000627,595000
E02000628,475000
E02000629,600000
E02000630,697500
E02000631,527500
E02000632,642500
E02000633,545205
E02000634,590000
E02000635,590000
E02000636,925000
E02000637,630000
E02000638,475000
E02000639,407500
E02000640,716875
E02000641,417500
E02000642,520000
E02000643,545000
E02000644,525000
E02000645,518000
E02000646,476250
E02000647,525000
E02000648,380000
E02000649,442500
E02000650,512500
E02000651,535500
E02000652,575000
E02006801,735000
E02000653,480000
E02000654,350000
E02000655,360000
E02000657,450000
E02000658,562500
E02000659,565000
E02000660,490000
E02000661,636000
E02000662,495000
E02000663,605000
E02000664,340000
E02000665,570000
E02000666,625000
E02000667,723000
E02000668,607500
E02000669,450000
E02000670,405000
E02000671,550000
E02000672,399950
E02000673,537500
E02000674,612500
E02000675,520000
E02000676,550000
E02000677,607500
E02000678,407500
E02000679,555800
E02000680,475000
E02000681,426250
E02000682,480000
E02000683,376000
E02000685,440000
E02000686,315000
E02000687,525000
E02006783,385000
E02006784,386250
E02006798,415000
E02000689,649950
E02000690,1910000
E02000691,722500
E02000692,855000
E02000693,477250
E02000694,822500
E02000695,615000
E02000696,412000
E02000697,676000
E02000698,1032875
E02000699,680000
E02000700,405375
E02000701,468750
E02000702,435000
E02000703,830000
E02000704,625000
E02000705,500000
E02000706,350000
E02000707,410000
E02000708,645000
E02000709,650000
E02000710,432500
E02000711,430000
E02000712,421662
E02000713,517000
E02000714,557500
E02000715,409000
E02000716,488500
E02000717,330000
E02000718,396000
E02000719,523250
E02000720,497500
E02000721,485000
E02000722,425000
E02000723,492500
E02000724,460000
E02000725,440000
E02000726,500000
E02000727,390000
E02000728,437500
E02000729,508000
E02000730,472500
E02000731,360997
E02000732,429000
E02000733,445000
E02000734,485000
E02000735,430000
E02000736,425000
E02000737,439500
E02000738,440000
E02000739,450000
E02000740,410000
E02000741,420000
E02000742,385000
E02000743,386250
E02000744,356000
E02000745,401000
E02000746,437500
E02000747,420000
E02000748,370000
E02000749,387500
E02000750,420750
E02000751,700000
E02000752,350000
E02000753,447500
E02000754,571250
E02000755,472500
E02000756,520000
E02000757,450000
E02000758,545000
E02000759,560000
E02000760,515000
E02000762,622500
E02000763,511500
E02000764,520000
E02000765,571250
E02000767,497500
E02000768,1045000
E02000769,446000
E02000770,499995
E02000772,500500
E02000773,510000
E02000774,480000
E02000776,550000
E02000777,795000
E02000779,267500
E02000780,440000
E02000781,515000
E02000782,340000
E02000783,343000
E02006800,377500
E02006924,600000
E02006925,610000
E02000784,1350000
E02000785,1027500
E02000786,980000
E02000787,727500
E02000788,985000
E02000789,780000
E02000790,799000
E02000791,910000
E02000792,635000
E02000793,599500
E02000794,637500
E02000795,1217500
E02000796,649000
E02000797,614000
E02000798,670000
E02000799,822500
E02000800,700000
E02000801,863258
E02000802,712500
E02000803,500000
E02000804,651500
E02000805,607500
E02000806,712000
E02000807,511000
E02000808,710000
E02000809,650000
E02000810,500000
E02000812,683000
E02000813,482500
E02000814,513500
E02000815,509500
E02000816,520000
E02000817,355000
E02000818,540000
E02000819,420000
E02000820,465000
E02000821,355000
E02000822,450000
E02000823,420000
E02000824,412000
E02000825,383000
E02000826,450000
E02000827,410000
E02000828,440000
E02000829,552500
E02000830,585000
E02000831,660000
E02000832,510000
E02000833,450000
E02000834,660000
E02000835,699250
E02000836,731500
E02000837,1205000
E02000838,530000
E02000839,536000
E02006802,592500
E02000840,400000
E02000841,422500
E02000842,566750
E02000843,334000
E02000844,455000
E02000845,525000
E02000846,521000
E02000847,530000
E02000848,569500
E02000849,469000
E02000850,500000
E02000851,330800
E02000852,450000
E02000853,495000
E02000854,498000
E02000855,641500
E02000856,376000
E02000857,333500
E02000858,355000
E02000859,373500
E02000860,300000
E02000861,860000
E02000863,670500
E02006836,678750
E02000864,450000
E02000865,423000
E02000866,687000
E02000867,415000
E02000868,557500
E02000869,790000
E02000870,455000
E02000871,419000
E02000872,557500
E02000873,482000
E02000874,455000
E02000875,400000
E02000876,470000
E02000877,453890
E02000878,537500
E02000879,437500
E02000880,491790
E02000881,453500
E02000882,427500
E02000883,429462
E02000884,627000
E02000885,421000
E02000886,482500
E02000887,374000
E02000888,520000
E02000889,1033000
E02000890,620500
E02000891,545000
E02000893,452500
E02000894,500000
E02006853,423000
E02006854,660000
E02000895,547500
E02000896,581500
E02000897,476000
E02000898,585000
E02000899,550000
E02000900,483500
E02000901,578000
E02000902,530250
E02000903,550000
E02000904,565000
E02000905,575000
E02000906,545000
E02000907,477000
E02000908,491760
E02000909,536250
E02000910,576250
E02000911,485500
E02000912,625000
E02000913,608000
E02000914,446600
E02000915,480000
E02000916,478500
E02000917,499999
E02000918,500000
E02000919,600000
E02000920,490000
E02000921,565000
E02000922,580000
E02000923,925000
E02000924,872100
E02000925,575000
E02000926,600000
E02000927,770000
E02000928,1045000
E02000929,458500
E02000930,845000
E02000931,890000
E02000932,650000
E02000933,683500
E02000934,635500
E02000935,430000
E02000936,545000
E02000937,1062500
E02000938,600000
E02000939,1600000
E02000940,485500
E02000941,737038
E02000942,920000
E02000943,797500
E02000944,399000
E02000945,476500
E02000946,687000
E02000947,787000
E02000948,675000
E02000949,787500
E02000950,476350
E02000951,580000
E02000952,656000
E02000953,697625
E02000954,800000
E02000955,647500
E02000956,550000
E02000957,530000
E02000958,745000
E02000959,522500
E02000960,1303500
E02000961,990000
E02000962,930000
E02000963,773850
E02000964,560000
E02000965,800000
E02000966,1125000
E02000967,1122500
E02000968,810000
E02000969,544000
E02000970,1587500
E02000971,1297500
E02000972,1687500
E02000973,810000
E02000974,1073050
E02000975,950000
E02000976,665000
E02000977,1512500
E02000978,3750000
E02000979,1430000
E02000980,740000
E02000981,825000
E02000982,1090000
E02000983,850000
E02006534,460000
E02006535,472500
E02006536,392500
E02006537,406500
E02006538,415000
E02006539,365000
E02006540,355000
E02006541,316250
E02006542,500000
E02006543,430000
E02006544,400000
E02006545,305000
E02006546,410000
E02006547,370000
E02006548,336750
E02006549,580000
E02006550,360000
E02006551,425000
E02006552,233000
E02006553,315000
E02006554,355000
E02006555,277500
E02006556,417000
E02006557,270000
E02006558,180000
E02006559,463500
E02006560,357500
E02004996,435000
E02004997,540000
E02004998,365000
E02004999,300000
E02005000,268000
E02005001,376250
E02005002,257000
E02005003,312500
E02005004,305000
E02005005,375000
E02005006,525000
E02005007,432500
E02005008,422500
E02005009,545000
E02003652,375000
E02003653,355000
E02003654,469000
E02003655,447500
E02003656,400000
E02003657,525000
E02003658,414995
E02003659,440000
E02003660,483750
E02003661,495000
E02003662,320000
E02003663,350000
E02003664,250000
E02003665,345000
E02003666,248975
E02003667,317500
E02003668,435000
E02003669,299500
E02003670,355500
E02003671,300000
E02003672,525000
E02003673,480000
E02003674,675000
E02003675,520000
E02004675,357500
E02004676,369000
E02004677,698500
E02004678,435000
E02004679,445000
E02004680,345000
E02004681,290000
E02004682,344750
E02004683,300000
E02004684,330000
E02004685,262500
E02004686,300000
E02004687,300000
E02004688,293500
E02004689,465000
E02004690,329500
E02004691,625000
E02004692,450750
E02004693,299750
E02004694,387500
E02004695,392500
E02004696,394000
E02003352,680000
E02003353,483500
E02003354,462500
E02003355,377000
E02003356,540000
E02003357,327250
E02003358,345000
E02003359,354000
E02003360,375000
E02003361,367500
E02003362,355750
E02003363,360000
E02003364,424500
E02003365,426250
E02003366,455000
E02003491,492750
E02003492,390000
E02003493,598700
E02003494,633000
E02003495,380000
E02003496,495000
E02003497,867500
E02003498,400000
E02003499,390000
E02003500,637000
E02003501,610000
E02003502,398050
E02003503,500000
E02003504,395000
E02003505,360000
E02003506,575000
E02003507,450500
E02003508,405000
E02003509,387402
E02003510,365000
E02003511,470000
E02003512,480750
E02003513,493500
E02003514,343000
E02003515,385000
E02003516,361250
E02003517,450000
E02003518,400000
E02003519,375000
E02003520,325000
E02003521,400000
E02003522,455000
E02003523,540500
E02005010,233000
E02005011,437500
E02005012,370000
E02005013,367500
E02005014,488000
E02005015,380000
E02005016,396250
E02005017,410000
E02005018,429000
E02005019,430245
E02005020,329000
E02005021,425000
E02005022,315000
E02005023,285000
E02005025,347500
E02005026,347500
E02005027,460000
E02006855,275000
E02006856,292000
E02005921,413750
E02005922,265000
E02005923,253500
E02005924,230000
E02005925,255000
E02005926,340000
E02005927,315000
E02005928,407000
E02005929,480000
E02005930,420000
E02005931,376000
E02005932,375000
E02005933,324500
E02005934,325000
E02005935,350000
E02005936,449995
E02005937,384000
E02005938,394000
E02005939,367000
E02006561,580000
E02006562,880000
E02006563,762500
E02006564,375000
E02006565,637500
E02006566,456250
E02006567,450000
E02006568,365000
E02006569,523000
E02006570,322950
E02006571,435000
E02006572,388000
E02006573,458000
E02006574,350500
E02003676,857500
E02003677,456000
E02003678,450000
E02003679,375750
E02003680,662500
E02003681,656000
E02003682,759450
E02003683,860000
E02003685,985000
E02003686,821500
E02003687,858000
E02006823,775000
E02006575,356000
E02006576,335000
E02006577,335000
E02006578,250000
E02006579,370000
E02006580,335000
E02006581,330165
E02006582,470000
E02006583,371250
E02006584,325000
E02006585,355000
E02006586,311250
E02006587,285000
E02005028,335500
E02005029,410000
E02005030,340000
E02005031,295000
E02005032,326500
E02005033,335000
E02005034,451250
E02005035,410000
E02005036,361000
E02005037,522500
E02005038,430000
E02005039,390000
E02005040,560000
E02005041,415000
E02005042,355000
E02005043,344600
E02005044,335000
E02005045,291250
E02005046,290000
E02005047,330000
E02005048,362500
E02005049,411250
E02005050,327995
E02005051,230000
E02005052,220000
E02005053,211000
E02005054,324000
E02004697,596000
E02004698,340000
E02004699,393750
E02004700,325000
E02004702,345000
E02004703,662500
E02004704,452500
E02004705,495000
E02004706,535000
E02004707,605500
E02004708,360000
E02004709,435000
E02004710,400000
E02006829,405000
E02006838,626250
E02004356,287000
E02004357,280100
E02004358,297500
E02004359,358500
E02004361,467500
E02004362,317000
E02004363,209950
E02004364,257000
E02004365,198750
E02004366,234000
E02004367,348500
E02006857,329950
E02006858,320000
E02004712,597500
E02004713,360000
E02004714,395000
E02004715,315000
E02004716,330000
E02004717,280000
E02004718,275000
E02004719,415000
E02004720,300000
E02004721,365000
E02004722,330000
E02004723,325000
E02004724,327500
E02004725,358000
E02004726,365000
E02006317,578750
E02006318,771250
E02006319,487500
E02006320,470000
E02006321,780000
E02006322,780000
E02006323,482500
E02006324,610000
E02006325,960000
E02006326,588500
E02006327,623050
E02006328,646500
E02006329,1150000
E02006330,615000
E02006331,860000
E02006332,800975
E02006333,780000
E02006334,1390000
E02006335,672280
E02006336,505000
E02006337,700000
E02006338,600000
E02006339,475500
E02006341,458550
E02006342,405500
E02006343,630000
E02006837,706250
E02004727,422500
E02004728,342500
E02004729,305000
E02004730,400000
E02004731,410833
E02004732,355500
E02004733,367500
E02004734,290000
E02004735,340000
E02004736,350000
E02004737,263000
E02004738,340000
E02004739,385000
E02004740,383500
E02005102,425000
E02005103,331000
E02005104,332500
E02005105,242500
E02005106,300000
E02005107,337500
E02005109,518000
E02005110,372500
E02005111,325000
E02005112,325000
E02005113,370000
E02005114,307500
E02006879,175500
E02006880,219375
E02004741,285000
E02004742,274000
E02004743,270500
E02004744,177500
E02004745,215000
E02004746,362500
E02004747,240000
E02004748,171000
E02004749,310000
E02004750,257250
E02005055,275000
E02005056,210000
E02005057,318000
E02005058,296500
E02005059,375000
E02005060,360000
E02005061,372000
E02005062,367500
E02005063,427497
E02005064,441750
E02005065,318250
E02005066,491500
E02005067,482500
E02006344,670000
E02006345,550000
E02006346,876000
E02006347,400000
E02006348,512500
E02006349,450800
E02006350,433000
E02006351,487500
E02006352,492500
E02006353,380000
E02006354,595000
E02006355,445000
E02006356,375000
E02006357,470000
E02006358,615000
E02006359,797475
E02006360,745250
E02006361,875000
E02004751,425000
E02004752,450100
E02004753,400000
E02004754,510000
E02004755,360000
E02004756,480000
E02004757,614000
E02004758,570000
E02004759,480000
E02004760,490000
E02004761,597500
E02004368,345000
E02004369,400000
E02004370,275000
E02004371,285000
E02004372,295000
E02004373,300000
E02004374,343000
E02004375,269500
E02004376,225000
E02004377,340000
E02004378,195000
E02004764,370000
E02004765,341500
E02004766,300000
E02004767,251250
E02004768,285000
E02004769,250000
E02004770,264000
E02004771,260000
E02004772,365000
E02004774,440000
E02004775,315000
E02004776,465000
E02004777,301000
E02004778,362500
E02006822,360000
E02006830,293500
E02006831,369375
E02006588,410000
E02006589,423000
E02006590,422000
E02006591,385000
E02006592,675000
E02006593,337500
E02006594,413000
E02006595,635000
E02006596,420000
E02006597,424000
E02006598,488500
E02006599,665000
E02006600,400000
E02006601,525000
E02006602,583750
E02006603,425000
E02003581,235000
E02003582,350000
E02003583,255000
E02003584,160000
E02003585,301250
E02003586,281000
E02003587,269975
E02003588,225000
E02003589,184500
E02003590,435000
E02003591,270000
E02003592,350000
E02003593,390000
E02003594,250000
E02003595,305000
E02003596,225000
E02003597,390000
E02003598,253000
E02004379,541250
E02004380,565000
E02004381,400000
E02004382,430000
E02004383,608750
E02004384,389975
E02004385,365000
E02004386,299950
E02004387,302000
E02004388,375000
E02004389,472000
E02004390,455000
E02004391,261270
E02005068,420000
E02005069,355000
E02005070,400000
E02005071,235000
E02005072,413000
E02005073,245000
E02005074,402500
E02005075,305000
E02005076,300000
E02005077,366000
E02005078,420000
E02005079,422500
E02005080,315000
E02005081,455000
E02005082,412000
E02005083,395000
E02005084,397500
E02005085,436750
E02005086,419995
E02003314,315000
E02003315,392500
E02003316,360000
E02003317,368000
E02003318,388500
E02003319,270000
E02003320,350000
E02003321,315000
E02003322,242750
E02003323,270000
E02003324,280334
E02003325,230000
E02003326,280000
E02003327,289000
E02003328,220000
E02003329,241000
E02003330,285000
E02003331,300000
E02003332,370000
E02003333,227500
E02003334,257000
E02003335,240000
E02003336,350000
E02003337,312000
E02003338,320000
E02003339,380000
E02003340,293995
E02003341,375000
E02003342,375000
E02003343,422500
E02003344,280000
E02003345,325000
E02003346,310000
E02003347,285000
E02003348,460000
E02003349,315000
E02003350,340000
E02003351,295000
E02006604,282500
E02006605,461000
E02006606,430000
E02006607,500000
E02006608,495000
E02006609,598750
E02006610,530000
E02006611,555000
E02006612,295000
E02006613,375000
E02006614,462500
E02006615,405000
E02006616,393000
E02006617,325000
E02006618,465000
E02006619,668000
E02006620,517500
E02003459,450000
E02003460,410000
E02003461,340000
E02003462,300000
E02003463,330000
E02003464,286500
E02003465,360000
E02003466,285000
E02003467,278750
E02003468,315000
E02003469,294000
E02003470,247000
E02003471,298000
E02003472,210000
E02003473,382000
E02003474,397500
E02003475,315000
E02003476,249995
E02003477,347500
E02003478,357500
E02003479,182500
E02003480,315000
E02003481,358995
E02003482,410000
E02003483,450000
E02003484,335000
E02003485,315000
E02003486,380000
E02003487,350000
E02003488,315000
E02003489,350000
E02003490,250000
E02006362,725000
E02006363,677500
E02006364,365000
E02006365,568975
E02006366,775000
E02006367,725000
E02006368,715000
E02006369,788500
E02006370,490000
E02006371,537500
E02006372,401000
E02006373,531500
E02006374,565000
E02004779,397000
E02004780,312475
E02004781,330000
E02004782,293500
E02004783,325000
E02004784,610000
E02004785,615000
E02004786,310000
E02004787,380000
E02004788,455000
E02004789,332500
E02004790,317500
E02004791,305000
E02004792,350000
E02004793,820000
E02004794,520000
E02004795,650000
E02004796,505000
E02004797,420100
E02004798,340000
E02004799,280000
E02004800,607500
E02004801,617500
E02005940,565000
E02005941,943459
E02005942,935000
E02005943,498000
E02005944,375000
E02005945,560000
E02005946,440250
E02005947,551500
E02005948,600000
E02005949,383250
E02005950,592244
E02005951,507000
E02005952,428000
E02005953,485000
E02005954,425000
E02005955,372800
E02005956,296750
E02005957,322500
E02003524,242500
E02003525,235500
E02003526,416000
E02003527,325000
E02003529,339250
E02003530,298500
E02003531,283500
E02003532,240000
E02003533,225000
E02003534,250000
E02003535,242250
E02003536,186750
E02003537,300000
E02003538,222400
E02003539,195000
E02003540,290000
E02003541,220000
E02003542,308000
E02003543,244000
E02003544,253000
E02003545,190000
E02003546,262500
E02003547,300000
E02003548,271250
E02006821,395000
E02003389,475500
E02003390,670000
E02003391,504000
E02003392,385000
E02003393,395000
E02003394,330000
E02003395,322000
E02003396,320000
E02003397,372500
E02003398,300000
E02003399,272500
E02003400,323500
E02003401,315000
E02003402,315000
E02003403,375000
E02003404,350000
E02003405,342500
E02003406,360000
E02006375,727500
E02006376,635000
E02006377,725000
E02006378,565000
E02006379,395000
E02006380,740000
E02006381,650000
E02006382,425000
E02006383,489975
E02006384,445000
E02006385,405000
E02006386,745000
E02006387,577500
E02006388,425000
E02006389,545000
E02006390,415000
E02006391,454500
E02006392,370000
E02004392,468000
E02004393,450000
E02004394,511000
E02004395,425000
E02004396,495000
E02004397,390000
E02004398,282500
E02004399,304650
E02004400,493564
E02004401,330000
E02004402,219000
E02006393,428750
E02006394,450000
E02006395,460000
E02006396,560000
E02006397,950000
E02006398,395000
E02006399,435000
E02006400,620000
E02006401,407500
E02006402,525000
E02004802,395000
E02004803,300000
E02004804,390000
E02004805,410000
E02004806,425000
E02004807,332500
E02004808,330000
E02004809,200000
E02004810,326000
E02004811,332500
E02004812,403500
E02004813,365000
E02005087,439995
E02005088,374625
E02005089,418500
E02005090,599500
E02005091,375000
E02005093,460000
E02005094,485000
E02005095,645000
E02005096,530000
E02005097,925000
E02005098,825000
E02005099,648000
E02005100,404500
E02005101,685375
E02006832,330000
E02003407,375500
E02003408,340000
E02003409,380000
E02003410,385000
E02003411,425000
E02003412,405000
E02003413,347500
E02003414,367500
E02003415,240000
E02003416,531000
E02003417,296000
E02003418,452500
E02003419,450000
E02003420,385000
E02003688,1050000
E02003689,1262500
E02003690,550000
E02003691,645000
E02003692,625000
E02003693,735000
E02003694,445000
E02003695,560000
E02005958,375000
E02005959,585000
E02005960,450000
E02005961,575000
E02005962,447500
E02005963,437600
E02005964,450000
E02005965,450000
E02005966,330000
E02005967,370000
E02005968,450000
E02005969,460000
E02005970,254000
E02005971,368000
E02005972,445000
E02005973,640000
E02005974,585000
E02005975,720000
E02005976,1100000
E02005977,627500
E02003549,290000
E02003550,270000
E02003551,258000
E02003552,260000
E02003553,280000
E02003554,285000
E02003555,260000
E02003556,336000
E02003557,242500
E02003558,245000
E02003559,425000
E02003560,230500
E02003561,236000
E02003562,238000
E02003563,251000
E02003564,275000
E02003565,234500
E02003566,260000
E02003567,300000
E02003568,236750
E02003569,240000
E02003570,202500
E02003571,195000
E02003572,312500
E02003573,290000
E02003574,283000
E02003575,254000
E02003576,262500
E02003577,210000
E02003578,280000
E02003579,252000
E02003580,247250
E02006403,380000
E02006404,391500
E02006405,440000
E02006406,390000
E02006407,462500
E02006408,400000
E02006409,454500
E02006410,405000
E02006411,475000
E02006412,610000
E02006413,500000
E02006414,486642
E02006415,565000
E02006416,661125
E02006417,425000
E02006418,517500
E02006419,390000
E02006420,367500
E02006421,617500
E02006422,455000
E02006423,305000
E02006424,610000
E02006425,450000
E02006426,455000
E02006427,436250
E02005115,210000
E02005116,235000
E02005117,363250
E02005118,290000
E02005119,275000
E02005120,295000
E02005121,305000
E02005122,370000
E02005123,315000
E02005124,225000
E02005125,270000
E02005126,335000
E02005127,451250
E02005128,350000
E02005129,300000
E02005130,335000
E02005131,420000
E02006429,425000
E02006430,458000
E02006431,425000
E02006432,505000
E02006433,736250
E02006434,553500
E02006435,573750
E02006436,450000
E02006437,506750
E02006438,575000
E02006790,530000
E02004814,344625
E02004815,237500
E02004816,325000
E02004817,275000
E02004818,340000
E02004819,315000
E02004820,491750
E02004821,697500
E02004822,585000
E02004823,362000
E02004824,375000
E02004825,400000
E02004826,505000
E02004827,515000
E02004828,475000
E02005132,180000
E02005133,422750
E02005134,250000
E02005135,315000
E02005136,375000
E02005137,275000
E02005138,288500
E02005139,370000
E02005140,390000
E02005141,395000
E02005142,332000
E02005143,293500
E02005144,272500
E02005145,347500
E02005146,265000
E02005147,267500
E02005148,380000
E02005149,350000
E02005150,305000
E02005151,381000
E02005153,400000
E02005154,515000
E02005155,523250
E02005156,499950
E02005157,500000
E02005158,590000
E02005159,545000
E02005160,335000
E02005161,393000
E02006833,423250
E02005162,433800
E02005163,445000
E02005164,440000
E02005165,560000
E02005166,395000
E02005167,766250
E02005168,480000
E02005169,315500
E02005170,445075
E02005171,345000
E02005172,620000
E02005173,563250
E02005174,441000
E02005175,443500
E02005978,467750
E02005979,440000
E02005980,641250
E02005981,380000
E02005982,365250
E02005983,320000
E02005984,502500
E02005985,332500
E02005986,340000
E02005987,440000
E02005988,355000
E02005991,343250
E02005992,390000
E02006886,437783
E02006439,450000
E02006440,415000
E02006441,542500
E02006442,1150000
E02006443,450000
E02006444,636500
E02006445,510000
E02006446,790000
E02006447,690000
E02006448,560000
E02006449,612500
E02006450,734750
E02006451,571000
E02006453,635000
E02006454,625000
E02006455,502475
E02006839,634500
E02004403,585000
E02004404,625000
E02004405,475000
E02004406,537500
E02004407,558500
E02004408,395000
E02004409,780000
E02004410,635000
E02004411,332000
E02004412,346000
E02004413,465000
E02004414,360000
E02004415,675000
E02004416,575000
E02004417,303000
E02004418,311000
E02004419,310250
E02004420,435000
E02004421,330000
E02004422,370000
E02004423,368050
E02003367,580000
E02003368,347500
E02003369,660000
E02003370,505000
E02003371,435000
E02003372,415000
E02003373,576575
E02003374,352500
E02003375,399950
E02003376,341500
E02003377,487500
E02003378,382500
E02003379,343750
E02003380,342500
E02003381,490000
E02003382,340000
E02003383,387500
E02003384,595000
E02003385,295000
E02003386,332500
E02003387,450000
E02003388,480000
E02005993,335000
E02005994,548750
E02005995,605000
E02005996,499000
E02005997,458750
E02005998,432500
E02005999,459997
E02006000,350000
E02006001,328700
E02006002,330000
E02006003,425000
E02006004,812500
E02006005,270000
E02006006,310000
E02006007,399000
E02004829,565000
E02004830,488750
E02004831,672500
E02004832,512750
E02004833,660000
E02004834,450000
E02004835,494000
E02004836,421000
E02004837,570000
E02004838,542500
E02004839,750000
E02004840,429950
E02004841,346750
E02004842,380000
E02003421,560000
E02003422,774500
E02003423,438750
E02003424,435500
E02003425,400000
E02003426,550000
E02003427,390000
E02003428,500000
E02003429,677500
E02003430,497500
E02003431,492000
E02003432,580000
E02003433,486000
E02003434,494750
E02003435,610000
E02003436,597500
E02003437,775000
E02003438,715000
E02006456,457500
E02006457,871000
E02006458,820000
E02006459,300000
E02006460,371625
E02006461,600000
E02006462,440000
E02006463,316675
E02006464,472500
E02006465,660000
E02006466,470000
E02006467,570000
E02003439,650000
E02003440,582500
E02003441,540000
E02003442,440000
E02003443,425000
E02003444,540500
E02003445,430000
E02003446,522500
E02003447,472500
E02003448,540000
E02003449,383500
E02003450,455000
E02003451,436000
E02003452,500000
E02003453,609000
E02003454,475000
E02003455,450000
E02003456,494950
E02003457,617000
E02003458,650000
E02006621,490000
E02006622,381000
E02006623,335000
E02006624,505000
E02006625,381000
E02006626,362500
E02006627,388750
E02006628,325000
E02006629,345250
E02006630,240500
E02006631,250000
E02006632,355000
E02006633,520000
E02003696,475000
E02003697,665000
E02003698,580000
E02003699,437500
E02003701,405000
E02003702,700000
E02003703,370000
E02003704,582500
E02003705,373500
E02003706,383750
E02003707,342000
E02003708,267500
E02003709,372500
E02003710,417500
E02003711,330000
E02003712,385000
E02003713,635000
E02003714,420000
E02003715,820000
E02003716,557000
E02003717,677500
E02003718,566250
E02006824,510000
E02002985,357500
E02002986,303000
E02002987,425000
E02002988,458250
E02002989,402500
E02002990,462500
E02002991,475000
E02002992,530000
E02002993,442500
E02002994,665000
E02002995,300000
E02002996,607500
E02002997,375000
E02002998,400000
E02002999,350000
E02003000,425000
E02003001,693000
E02003002,461000
E02003003,345000
E02003004,400000
E02003005,683750
E02003006,333500
E02003007,290000
E02003008,260500
E02003009,289950
E02003010,277475
E02003011,335000
E02003172,350000
E02003173,330000
E02003174,405000
E02003175,334750
E02003176,307750
E02003177,416350
E02003178,350000
E02003179,409000
E02003180,342500
E02003181,362500
E02003182,481000
E02003183,570000
E02003184,292500
E02003185,460500
E02003186,245000
E02003187,335000
E02003188,212250
E02003189,336500
E02003190,185500
E02003191,540000
E02003192,249000
E02006883,220000
E02006885,295000
E02004236,425000
E02004237,483000
E02004238,397500
E02004239,458375
E02004240,315000
E02004241,385000
E02004242,575000
E02003194,472500
E02003195,335000
E02003196,528500
E02003197,369000
E02003198,330000
E02003199,336000
E02003200,331500
E02003201,323775
E02003202,352500
E02003203,335000
E02003204,327000
E02003205,375000
E02003206,456250
E02003207,305500
E02003208,250000
E02003209,325000
E02003210,533750
E02003211,580000
E02003012,290000
E02003013,305000
E02003014,265000
E02003015,375000
E02003016,337000
E02003017,440000
E02003018,380000
E02003019,280000
E02003020,739700
E02003021,435000
E02003022,683000
E02003023,357777
E02003024,314250
E02003025,347000
E02003026,676500
E02003027,493900
E02003028,649850
E02003029,315000
E02003030,316453
E02003031,560000
E02003032,310000
E02003033,435000
E02003034,369000
E02003036,340000
E02003037,452500
E02003038,290000
E02003039,315000
E02003040,340255
E02003041,470000
E02003043,323500
E02003044,326000
E02003045,397500
E02003046,356500
E02003047,448500
E02003048,400300
E02003049,338000
E02003050,335000
E02003051,425000
E02003052,431250
E02003053,425000
E02003054,370000
E02003055,292000
E02003056,266000
E02003057,347500
E02003058,295500
E02003059,301000
E02003060,305000
E02003061,250000
E02003062,262000
E02003063,320000
E02003064,255000
E02006887,250000
E02006888,343000
E02006889,275000
E02006890,360000
E02004600,256000
E02004601,420000
E02004602,246500
E02004603,260475
E02004604,237500
E02004605,268000
E02004606,290800
E02004607,346500
E02004608,337000
E02004609,349995
E02004610,355000
E02004611,391250
E02004612,333590
E02004613,575000
E02004614,520000
E02003931,357500
E02003932,392500
E02003933,320000
E02003934,305000
E02003935,212500
E02003936,330000
E02003937,690000
E02003938,357000
E02003939,310750
E02003892,310000
E02003940,418000
E02003893,337500
E02003894,235077
E02003941,250000
E02003942,229950
E02003895,225500
E02003896,230000
E02003952,315250
E02003953,253000
E02003954,386000
E02003955,310000
E02003897,297500
E02003898,427000
E02003956,225000
E02003899,200000
E02003900,245000
E02003957,251000
E02003901,313800
E02003902,214500
E02003958,230000
E02003959,216000
E02003905,311000
E02003906,475000
E02003903,280000
E02003960,355000
E02003961,290000
E02003904,297500
E02003962,255000
E02003963,220000
E02003907,375000
E02003964,413000
E02003908,310000
E02003909,320000
E02003910,270000
E02003918,303750
E02003919,214000
E02003911,445000
E02003912,432000
E02003920,230000
E02003921,287500
E02003922,259475
E02003923,207500
E02003924,222000
E02003943,425000
E02003925,235500
E02003913,470000
E02003944,299750
E02003945,350000
E02003926,335000
E02003914,258500
E02003946,342500
E02003915,277500
E02003916,380000
E02003917,330000
E02003947,305000
E02003927,415000
E02003948,270000
E02003949,239000
E02003950,321000
E02003951,338150
E02003928,282500
E02003929,430000
E02003930,420000
E02004615,499000
E02004616,429975
E02004617,480000
E02004618,655000
E02004619,701000
E02004620,360500
E02004621,320000
E02004622,335000
E02004623,435000
E02004624,560000
E02004625,440000
E02004243,427500
E02004244,420000
E02004245,482500
E02004246,660000
E02004247,712500
E02004248,400000
E02004249,540000
E02004250,413500
E02004251,405000
E02004252,350000
E02004253,510000
E02004254,425000
E02004255,252500
E02004256,375000
E02004257,290000
E02004258,365000
E02004259,452500
E02004260,423750
E02004261,272500
E02004262,467800
E02004263,347500
E02004264,330000
E02004265,385000
E02004266,353000
E02004267,610000
E02004268,375500
E02004269,310000
E02004270,425000
E02004271,375000
E02004272,341000
E02004273,477550
E02004274,313500
E02004275,460000
E02004276,318000
E02004277,300125
E02004278,328500
E02004279,360000
E02004280,365000
E02004281,265000
E02004282,362500
E02004283,325000
E02004284,200750
E02004285,267500
E02004286,300000
E02004287,280000
E02004288,230500
E02004289,245000
E02004129,333000
E02004130,275500
E02004131,297750
E02004132,432250
E02004133,267125
E02004134,320000
E02004135,472000
E02004136,377000
E02004137,582000
E02004138,300000
E02004139,462750
E02004140,422500
E02004141,407500
E02004142,600000
E02004143,390000
E02004144,372500
E02004145,440000
E02004146,320000
E02004147,252500
E02004148,320000
E02004149,395000
E02004150,262750
E02004151,340000
E02004152,269250
E02004153,232500
E02004154,310000
E02004155,275000
E02004156,215000
E02004157,410000
E02004158,280000
E02004159,320000
E02004160,320000
E02004161,265000
E02004162,265000
E02004163,445000
E02004626,402500
E02004627,280000
E02004628,280000
E02004629,228000
E02004630,390000
E02004631,340000
E02004632,258500
E02004633,277500
E02004634,259000
E02004635,336250
E02004636,300000
E02004637,220050
E02004638,298000
E02004639,175000
E02004640,170000
E02004641,290000
E02004642,265000
E02004643,220000
E02004644,235000
E02004645,278750
E02004646,230000
E02004647,255497
E02004648,233000
E02004649,233500
E02004650,250000
E02006781,572500
E02006047,472500
E02006048,363750
E02006049,307000
E02006050,337000
E02006051,360000
E02006052,342000
E02006053,325000
E02006054,280000
E02006055,250000
E02006056,399950
E02006057,280000
E02006058,317995
E02006059,585000
E02006060,242750
E02004164,394394
E02004165,325000
E02004166,337250
E02004167,235000
E02004168,225000
E02004169,385000
E02004170,246250
E02004171,307500
E02004172,352500
E02004173,335000
E02004174,300000
E02004175,245000
E02004176,335000
E02004177,280000
E02004178,475000
E02004179,381250
E02004180,435000
E02004181,245000
E02004182,218500
E02004183,293000
E02004184,215000
E02004185,352500
E02004186,337000
E02004187,306000
E02004188,325000
E02003065,354500
E02003066,497500
E02003067,385000
E02003068,407000
E02003069,510000
E02003070,575000
E02003071,335030
E02003072,325000
E02003073,435000
E02003074,310300
E02003075,600000
E02003076,399000
E02003077,574000
E02003078,375000
E02003079,262000
E02003080,258725
E02003081,320000
E02003082,190000
E02003084,180000
E02003085,188750
E02003086,215000
E02003087,335000
E02003088,449995
E02003089,292500
E02006845,260000
E02006846,253500
E02003122,320000
E02003123,185250
E02003124,185250
E02003125,188500
E02003126,250000
E02003127,191500
E02003128,185250
E02003129,295000
E02003130,177000
E02003131,200000
E02003132,240000
E02003133,250000
E02003134,200000
E02003135,170000
E02003136,257750
E02003137,300000
E02003138,269000
E02003139,265000
E02003140,261000
E02003141,170000
E02003142,188000
E02003143,215000
E02003144,161000
E02003145,208500
E02003146,207000
E02003147,150000
E02003148,140000
E02003149,170000
E02003150,182000
E02003151,314000
E02003152,292000
E02003153,256125
E02006061,389975
E02006062,322500
E02006063,565000
E02006064,257250
E02006065,241500
E02006066,290000
E02006067,315000
E02006068,196000
E02006069,175000
E02006070,235000
E02006071,297475
E02006072,361475
E02006073,196475
E02006074,292500
E02006099,325000
E02006100,305000
E02006101,329995
E02006102,225000
E02006103,391000
E02006104,300000
E02006105,210000
E02006106,263747
E02006107,238000
E02006108,230000
E02006109,367500
E02006110,245000
E02006111,360000
E02006112,400000
E02006113,246000
E02006114,335000
E02006115,261275
E02006116,350000
E02006117,388000
E02003090,373000
E02003091,348000
E02003092,430000
E02003093,447000
E02003094,348000
E02003095,350000
E02003096,277850
E02003097,365000
E02003098,337000
E02003099,290000
E02003100,290000
E02003101,336000
E02003102,427500
E02003103,277000
E02003104,332500
E02003105,380000
E02003106,362500
E02003107,334625
E02003108,331500
E02003109,455000
E02003110,375750
E02003111,405000
E02003112,326000
E02003113,502500
E02003114,302500
E02003115,285000
E02003116,291750
E02003117,299475
E02003118,300000
E02003119,313500
E02003120,350000
E02003121,345000
E02004189,240000
E02004190,349000
E02004191,350000
E02004192,500000
E02004193,279500
E02004194,471250
E02004195,450000
E02004196,500000
E02004197,365000
E02004198,349000
E02004199,482497
E02004200,766250
E02006075,457500
E02006076,369000
E02006077,325000
E02006078,307500
E02006079,275000
E02006080,345000
E02006081,372500
E02006082,297000
E02006083,279995
E02006084,360000
E02006085,235000
E02006086,275000
E02006087,214000
E02006088,206000
E02006089,166250
E02006090,242500
E02006091,322500
E02006092,267250
E02006093,280000
E02006094,342500
E02006095,233750
E02006096,255000
E02006097,222750
E02006098,372000
E02004651,306250
E02004652,586000
E02004653,348750
E02004654,285000
E02004655,255000
E02004656,301250
E02004657,401000
E02004658,355000
E02004659,401750
E02004660,545000
E02004661,349000
E02004662,296077
E02004663,350000
E02004664,255000
E02004665,330000
E02003212,280000
E02003214,230000
E02003215,286000
E02003216,293000
E02003217,259000
E02003218,254000
E02003219,415000
E02003220,290000
E02003221,225500
E02003222,280000
E02003223,212000
E02003224,285000
E02003225,242000
E02003226,205575
E02003227,227000
E02003228,281000
E02003229,254000
E02003230,226250
E02003231,240000
E02003232,245000
E02003233,248000
E02003234,266000
E02003235,310000
E02003236,332500
E02006847,296000
E02006848,210000
E02006849,301500
E02004201,533000
E02004202,319995
E02004203,382500
E02004204,320000
E02004205,320000
E02004206,252500
E02004207,350000
E02004208,359000
E02004209,295500
E02004210,222500
E02004211,437500
E02004212,281750
E02004213,335000
E02004214,192000
E02004215,253500
E02004216,295000
E02004217,252250
E02004218,316500
E02004219,375000
E02004666,265000
E02004667,266500
E02004668,451000
E02004669,507500
E02004670,315000
E02004671,390000
E02004672,275000
E02004673,405000
E02004674,294000
E02003154,240000
E02003155,235000
E02003156,250000
E02003157,195000
E02003158,207500
E02003159,219000
E02003161,150000
E02003163,251000
E02003164,314750
E02003165,270000
E02003166,268150
E02003167,197000
E02003168,275000
E02003169,385000
E02003170,320000
E02003171,300750
E02006840,270000
E02004220,329995
E02004221,400000
E02004222,216500
E02004223,240000
E02004224,352000
E02004225,250000
E02004226,327500
E02004227,335000
E02004228,370000
E02004229,280000
E02004230,235000
E02004231,388000
E02004232,350000
E02004233,320000
E02004234,300000
E02004235,307500
E02006644,411500
E02006645,336000
E02006646,323000
E02006647,580000
E02006648,380000
E02006649,278500
E02006650,325750
E02006651,575000
E02006652,300000
E02006653,277000
E02006654,290000
E02006634,550000
E02006655,345000
E02006656,294500
E02006657,272000
E02006658,290000
E02006659,412500
E02006660,362250
E02006635,438045
E02006678,260000
E02006679,347000
E02006680,275000
E02006681,443500
E02006636,393750
E02006637,320500
E02006638,288250
E02006682,410000
E02006639,412500
E02006640,465000
E02006683,325000
E02006684,231500
E02006685,317650
E02006686,305000
E02006641,342500
E02006687,250000
E02006688,253000
E02006689,350000
E02006642,420000
E02006690,305000
E02006691,262500
E02006643,265000
E02006692,287000
E02006693,286500
E02006694,260000
E02006661,356000
E02006662,316500
E02006695,497431
E02006663,325000
E02006664,425000
E02006665,371000
E02006666,360000
E02006667,260000
E02006668,323750
E02006669,410000
E02006670,241500
E02006671,296750
E02006672,326250
E02006673,350500
E02006674,342500
E02006675,535000
E02006676,450000
E02006677,467000
W02000314,162750
W02000315,130000
W02000316,149995
W02000317,174995
W02000318,127000
W02000319,132000
W02000320,115000
W02000321,117000
W02000322,111000
W02000218,110000
W02000219,129000
W02000220,130000
W02000221,115750
W02000222,156750
W02000223,178500
W02000224,175000
W02000225,172000
W02000226,219000
W02000227,170000
W02000228,242750
W02000229,192995
W02000230,276975
W02000231,186750
W02000232,209000
W02000233,178250
W02000234,270000
W02000235,360000
W02000236,302500
W02000290,117500
W02000291,102500
W02000292,175000
W02000293,137600
W02000294,180000
W02000295,179997
W02000296,160000
W02000297,165000
W02000298,185500
W02000299,146250
W02000300,170559
W02000301,186000
W02000302,197250
W02000303,163000
W02000304,155000
W02000305,180000
W02000306,165000
W02000307,144000
W02000308,183000
W02000309,227995
W02000310,240000
W02000311,194500
W02000312,230000
W02000313,255000
W02000367,434995
W02000368,310000
W02000369,270000
W02000370,370000
W02000371,287500
W02000372,365000
W02000373,211000
W02000374,382000
W02000375,210000
W02000376,268000
W02000377,250000
W02000378,371000
W02000379,210125
W02000380,374995
W02000381,202500
W02000382,211250
W02000383,170000
W02000384,425000
W02000385,518000
W02000386,388750
W02000387,365000
W02000388,270000
W02000389,278250
W02000390,430000
W02000391,320000
W02000392,346250
W02000393,250000
W02000394,250000
W02000395,427500
W02000396,267000
W02000397,264000
W02000398,149771
W02000399,235000
W02000400,342000
W02000401,337499
W02000402,197000
W02000403,200000
W02000404,209500
W02000405,180000
W02000406,295000
W02000407,199000
W02000408,222500
W02000409,221000
W02000410,226000
W02000411,215000
W02000412,227500
W02000422,164500
W02000423,175000
W02000142,216250
W02000143,265000
W02000144,250000
W02000145,259250
W02000146,275000
W02000147,220000
W02000148,167500
W02000149,179375
W02000151,143800
W02000152,225000
W02000153,230000
W02000154,186250
W02000156,170000
W02000157,173000
W02000158,185000
W02000159,170000
W02000160,185000
W02000161,137000
W02000162,186500
W02000163,135000
W02000164,170500
W02000165,139997
W02000166,150000
W02000167,122500
W02000418,285000
W02000116,240000
W02000117,215000
W02000118,188860
W02000120,261000
W02000122,315000
W02000123,207500
W02000124,250000
W02000125,279975
W02000421,235000
W02000027,154000
W02000028,225000
W02000029,265000
W02000030,225000
W02000031,175000
W02000032,267528
W02000033,170000
W02000034,241500
W02000035,163750
W02000036,215000
W02000037,198600
W02000038,261000
W02000039,179000
W02000040,273500
W02000041,220000
W02000042,174500
W02000043,210000
W02000044,172000
W02000045,160000
W02000047,136500
W02000049,195000
W02000050,205000
W02000051,250000
W02000052,135000
W02000053,232725
W02000054,350000
W02000055,210000
W02000056,229750
W02000057,253500
W02000419,175000
W02000058,181000
W02000059,220000
W02000060,150725
W02000061,156500
W02000062,180000
W02000063,290000
W02000064,145000
W02000065,182250
W02000066,145000
W02000067,255000
W02000068,190000
W02000069,235000
W02000070,249247
W02000071,218000
W02000072,195000
W02000073,222500
W02000074,191600
W02000075,262750
W02000076,192500
W02000077,200250
W02000010,135000
W02000011,175000
W02000012,170000
W02000013,192500
W02000014,210000
W02000015,172750
W02000016,179950
W02000017,165000
W02000018,129000
W02000019,183500
W02000020,215000
W02000021,212500
W02000022,205000
W02000023,454166
W02000024,167000
W02000025,199975
W02000026,222500
W02000001,210000
W02000002,289950
W02000003,127500
W02000004,305000
W02000005,315000
W02000006,229500
W02000007,220000
W02000008,241000
W02000009,220000
W02000284,124000
W02000285,193500
W02000286,131250
W02000287,140000
W02000288,107000
W02000289,164000
W02000415,123750
W02000336,312500
W02000337,265000
W02000338,350000
W02000339,282500
W02000340,480000
W02000341,368600
W02000342,437000
W02000343,260000
W02000344,380000
W02000345,255000
W02000346,350000
W02000200,137000
W02000201,136000
W02000202,185000
W02000203,135000
W02000204,200000
W02000205,210000
W02000206,118250
W02000207,180000
W02000208,158000
W02000209,95000
W02000210,145000
W02000211,120000
W02000212,146000
W02000213,187500
W02000214,145000
W02000215,136000
W02000216,130000
W02000217,165000
W02000417,145000
W02000347,285000
W02000348,225000
W02000349,160000
W02000350,330000
W02000351,215000
W02000352,160000
W02000353,175000
W02000354,234500
W02000355,280000
W02000356,164000
W02000357,180000
W02000358,335000
W02000359,155000
W02000360,180250
W02000361,205500
W02000362,230000
W02000363,203000
W02000364,168500
W02000365,212500
W02000366,312500
W02000126,255500
W02000127,229975
W02000128,305000
W02000129,290000
W02000130,157500
W02000131,198995
W02000132,255000
W02000133,250000
W02000134,215000
W02000135,160000
W02000136,300000
W02000137,144000
W02000138,155000
W02000139,285000
W02000140,184250
W02000141,310000
W02000097,253250
W02000098,260000
W02000099,183250
W02000100,213300
W02000101,321500
W02000102,240000
W02000103,270000
W02000104,185750
W02000105,150000
W02000106,226000
W02000107,253750
W02000108,220000
W02000109,180000
W02000110,250000
W02000111,343000
W02000113,230000
W02000114,457500
W02000414,315000
W02000416,179995
W02000252,148497
W02000253,128000
W02000254,153000
W02000255,200000
W02000256,125000
W02000257,127497
W02000258,103000
W02000259,100000
W02000260,85000
W02000261,124750
W02000262,130000
W02000263,129000
W02000264,85000
W02000265,130000
W02000266,145000
W02000267,110000
W02000268,123000
W02000269,117750
W02000270,146750
W02000271,120000
W02000272,135000
W02000273,142000
W02000274,157750
W02000275,156500
W02000276,247250
W02000277,196750
W02000278,245000
W02000279,186000
W02000280,201550
W02000281,253000
W02000282,265000
W02000168,179500
W02000169,172000
W02000170,179995
W02000171,250850
W02000172,170000
W02000173,209000
W02000174,197000
W02000175,135000
W02000176,170000
W02000177,162075
W02000178,141000
W02000179,200000
W02000180,137500
W02000181,138500
W02000182,137000
W02000183,115000
W02000184,168000
W02000185,260000
W02000186,110000
W02000187,231500
W02000188,149550
W02000189,235000
W02000190,235000
W02000191,220000
W02000192,147500
W02000193,173000
W02000194,328000
W02000195,376000
W02000196,329375
W02000197,428250
W02000198,405000
W02000323,140000
W02000324,143500
W02000325,141750
W02000326,150000
W02000327,240500
W02000328,185000
W02000329,203000
W02000330,190000
W02000331,160000
W02000332,170000
W02000333,171500
W02000334,227000
W02000335,267500
W02000237,481000
W02000238,495000
W02000239,500000
W02000240,327500
W02000241,320000
W02000242,377475
W02000243,208400
W02000244,375000
W02000245,211750
W02000246,310000
W02000247,290000
W02000248,185000
W02000249,207500
W02000250,272997
W02000251,222475
W02000080,182500
W02000081,170000
W02000082,150000
W02000083,162500
W02000084,255000
W02000085,210000
W02000086,170000
W02000087,140000
W02000088,138000
W02000089,130000
W02000090,212000
W02000091,178250
W02000092,132750
W02000093,207500
W02000094,178000
W02000095,316250
W02000096,201275
W02000420,291497
