ward,population
E05013038,7631
E05013039,8055
E05013040,6380
E05013041,8155
E05013042,7644
E05013043,8134
E05013044,8542
E05013045,7515
E05013046,7348
E05013047,7194
E05013048,8253
E05013049,7488
E05009853,5898
E05009854,6309
E05009855,9065
E05009856,9314
E05009857,11490
E05009858,8340
E05009859,6567
E05009860,4813
E05009861,5513
E05009862,6709
E05009863,11232
E05009864,6070
E05009865,5337
E05009866,10773
E05009867,3264
E05009868,5336
E05009869,9587
E05009870,8329
E05009871,3668
E05009872,6305
E05012437,4528
E05012438,6843
E05012439,4844
E05012440,4648
E05012441,7421
E05012442,6388
E05012443,7642
E05012444,6704
E05012445,7565
E05012446,2330
E05012447,6367
E05012448,3976
E05012449,5146
E05012450,6609
E05012451,6462
E05012452,6594
E05012453,6440
E05012454,4383
E05012455,4448
E05012456,5433
E05012457,6004
E05012458,5950
E05012459,5440
E05012460,4367
E05001527,7118
E05001528,6804
E05001529,8591
E05001530,6294
E05001531,5110
E05001532,6261
E05001533,10834
E05001534,5430
E05001535,6528
E05001536,7926
E05001537,6346
E05001538,10647
E05001539,13425
E05001540,10507
E05001541,7114
E05001542,4956
E05001543,6494
E05001544,7741
E05001545,6066
E05001546,9722
E05001547,7206
E05001548,6072
E05001549,7983
E05001550,6771
E05001551,3634
E05001552,11015
E05010412,7103
E05010413,6831
E05010414,6325
E05010415,4284
E05010416,6354
E05010417,6471
E05010418,6311
E05010419,4755
E05010420,3701
E05010421,3689
E05010422,3817
E05010423,6213
E05010424,4145
E05010425,7588
E05010426,4262
E05010427,5843
E05010428,4673
E05010429,6761
E05010430,4839
E05010431,3837
E05009030,8078
E05009031,8318
E05009032,10757
E05009033,7755
E05009034,8357
E05009035,8296
E05009036,13624
E05009037,8170
E05009038,7893
E05009039,3684
E05009040,7874
E05009041,10266
E05009042,7920
E05009043,3450
E05009044,3789
E05009045,7268
E05009046,7905
E05009047,4695
E05009048,7872
E05009049,5484
E05009050,4352
E05009051,13050
E05009052,8500
E05009053,12334
E05009054,8721
E05009055,12836
E05009056,8358
E05009057,6964
E05009058,1497
E05009059,7641
E05009060,9548
E05009061,7921
E05009062,8061
E05009063,11046
E05009064,13917
E05009065,7203
E05009066,7636
E05009067,8638
E05009068,7274
E05009069,7616
E05009070,13625
E05009071,3905
E05009072,4538
E05009073,12842
E05009074,7717
E05009075,8073
E05009076,7581
E05009077,6586
E05009078,8157
E05009079,8490
E05009080,13497
E05009081,9328
E05009082,11415
E05009083,8746
E05009084,7993
E05009085,4642
E05009086,12757
E05009087,9533
E05009088,7828
E05009089,8787
E05009090,8955
E05009091,4266
E05009092,8238
E05009093,10322
E05009094,5082
E05009095,4093
E05009096,4710
E05009097,4189
E05009098,5105
E05009099,4563
E05009100,4611
E05009101,3761
E05009102,4715
E05009103,4331
E05009104,4242
E05009106,4450
E05009107,4570
E05009108,4758
E05009109,4014
E05009110,4161
E05009111,4313
E05009112,5106
E05009113,4791
E05009114,4456
E05009115,4346
E05009116,7065
E05009117,4580
E05009118,6746
E05009119,4650
E05009120,4722
E05009121,4214
E05009122,4443
E05009123,4464
E05009124,4312
E05009125,3868
E05009126,5100
E05009127,4854
E05009128,4141
E05009129,4491
E05009130,7346
E05009131,4506
E05009132,4325
E05009133,4440
E05009134,5343
E05009135,4608
E05009136,4817
E05009137,4433
E05009139,4131
E05009141,3721
E05009142,4942
E05009143,5333
E05009144,4132
E05009145,4309
E05009146,5038
E05009147,5697
E05009148,4868
E05009149,6111
E05009151,5411
E05009152,4290
E05009153,4683
E05009154,4720
E05009155,4435
E05009156,4784
E05009157,5365
E05009158,4347
E05013270,5384
E05013271,5952
E05013862,4904
E05013863,5855
E05011436,13276
E05011437,13000
E05011438,11468
E05011439,12034
E05011440,10509
E05011441,14201
E05011442,9331
E05011443,9653
E05011444,12385
E05011445,16123
E05011446,9910
E05011447,10541
E05011448,10593
E05011449,11528
E05011450,10750
E05011451,10207
E05011452,9442
E05011453,13620
E05011454,10578
E05011455,12644
E05011456,11763
E05011457,9786
E05011458,11825
E05011459,12407
E05011460,10876
E05011461,11670
E05001115,10850
E05001116,10264
E05001117,10502
E05001118,11700
E05001119,11289
E05001120,9355
E05001121,11175
E05001122,11807
E05001123,11373
E05001124,9006
E05001125,9627
E05001126,9349
E05001127,8008
E05001128,11953
E05001129,8882
E05001130,10256
E05001131,13839
E05001132,10398
E05001133,9970
E05001134,9363
E05001135,8796
E05001136,7526
E05001137,9024
E05001138,9090
E05001139,8376
E05001140,7613
E05001141,7341
E05001142,8187
E05001143,9464
E05001144,9451
E05001145,8594
E05001146,8408
E05001147,7720
E05001148,8669
E05001149,7841
E05001150,6637
E05001151,7170
E05001152,7864
E05001153,10768
E05001154,10786
E05001155,12073
E05001156,10043
E05001157,10741
E05001158,11458
E05001159,12051
E05001160,13259
E05001161,10616
E05001162,11357
E05001163,11204
E05001164,11415
E05001165,10722
E05001166,9264
E05001167,10321
E05001168,9914
E05001169,10501
E05001170,12290
E05001171,10236
E05001172,10821
E05001173,10851
E05001174,11699
E05001175,10536
E05001176,9848
E05001177,11389
E05001067,8274
E05001068,9859
E05001069,8957
E05001071,8747
E05001072,9056
E05001073,9544
E05001074,8518
E05001075,8784
E05001076,8891
E05001077,9199
E05001078,9969
E05001079,10052
E05001080,8309
E05001081,8622
E05001082,8821
E05001083,9964
E05001084,7841
E05001085,7733
E05001086,8172
E05001087,9487
E05001088,8517
E05009313,8831
E05013169,6662
E05013170,6491
E05013171,7561
E05013172,8031
E05013173,7679
E05013174,7072
E05013175,4891
E05013176,7593
E05013177,7990
E05013178,8079
E05013179,6762
E05013180,6694
E05013181,7224
E05013182,6396
E05013183,6734
E05013184,7867
E05013185,7610
E05013186,7146
E05011024,10576
E05011025,12129
E05011026,10610
E05011027,6220
E05011028,12012
E05011029,11788
E05011030,11855
E05011031,6935
E05011032,10234
E05011033,11306
E05011034,8981
E05011035,7537
E05011036,11654
E05011037,6382
E05011038,11960
E05011039,9876
E05011040,12416
E05011041,9707
E05011042,6440
E05011043,9211
E05011044,6709
E05011045,6438
E05011508,10902
E05011509,9018
E05011510,9484
E05011511,9279
E05011512,7887
E05011513,10285
E05011514,9957
E05011515,8201
E05011516,8336
E05011517,9584
E05011518,9317
E05011519,8078
E05011520,8349
E05011521,9252
E05011522,9360
E05011523,9503
E05011524,7946
E05001643,6195
E05001644,6210
E05001645,7568
E05001646,6920
E05001647,7629
E05001648,6553
E05001649,6666
E05001650,7141
E05001651,6316
E05001652,6539
E05001653,6703
E05001654,6857
E05001655,5997
E05001656,7361
E05001657,6187
E05001658,6841
E05001659,6527
E05001660,6764
E05001661,6591
E05001662,6733
E05001663,6734
E05008610,4777
E05008611,13386
E05008612,5312
E05008613,8680
E05008614,7437
E05008615,8968
E05008616,6084
E05008617,4643
E05008618,14220
E05008619,14264
E05008620,6920
E05008621,15644
E05008622,4799
E05008623,5488
E05008624,12445
E05008625,10686
E05008626,10373
E05008627,4803
E05008628,4385
E05008629,9784
E05008630,8857
E05008631,4925
E05008632,13256
E05008633,6027
E05008634,9173
E05008635,4485
E05008636,4520
E05008637,8636
E05008638,9056
E05008639,8216
E05008640,14425
E05008641,4732
E05008642,8616
E05008643,9675
E05008644,8267
E05008645,7501
E05008646,8522
E05008647,4397
E05008648,5932
E05008649,5786
E05008650,4909
E05008651,5298
E05008652,5601
E05008653,4226
E05008654,5381
E05008655,5141
E05008656,4440
E05008657,4980
E05008658,10087
E05008659,9365
E05008660,5553
E05008661,5686
E05012209,14085
E05012210,12512
E05012211,18338
E05012212,11561
E05012213,10873
E05012214,4849
E05012215,9316
E05012216,9273
E05012217,11000
E05012218,9427
E05012219,8825
E05012220,5273
E05012221,5906
E05012222,9418
E05012223,4777
E05012224,4946
E05012225,13087
E05012226,5642
E05012227,5448
E05012228,14784
E05012229,4785
E05012230,9226
E05012231,5116
E05012232,4972
E05012233,5673
E05012234,4987
E05012235,5261
E05012236,5354
E05012237,5244
E05012238,11076
E05012239,5164
E05012240,9321
E05012241,4961
E05012242,10174
E05012243,15064
E05012244,5521
E05012245,4322
E05012246,5383
E05012247,5173
E05012248,5381
E05012249,4129
E05012250,15409
E05012251,4649
E05012252,5640
E05012253,5824
E05014171,5349
E05014175,4908
E05014181,6499
E05014182,6059
E05014186,6054
E05014193,6704
E05014198,5203
E05014200,6119
E05014201,6588
E05014206,6906
E05014207,6457
E05014208,5368
E05014209,6561
E05014210,5307
E05014212,5225
E05014215,6847
E05014222,5936
E05014223,5977
E05014228,10868
E05014240,12158
E05014241,11165
E05014244,10783
E05014248,10519
E05014172,6656
E05014173,6896
E05014174,6589
E05014176,5544
E05014178,5574
E05014183,4783
E05014184,6180
E05014185,7802
E05014187,6561
E05014191,6553
E05014192,5870
E05014195,5242
E05014199,5062
E05014205,5977
E05014211,5663
E05014213,6279
E05014214,7161
E05014216,5630
E05014177,5069
E05014179,5284
E05014180,5850
E05014188,5794
E05014189,5550
E05014190,5835
E05014194,5533
E05014196,5687
E05014197,6342
E05014202,5690
E05014203,4961
E05014204,5481
E05014217,6437
E05014218,5985
E05014224,4214
E05014225,5656
E05014227,4237
E05014229,6252
E05014237,4970
E05014242,7572
E05014243,9414
E05014219,3836
E05014220,3477
E05014221,3179
E05014226,10429
E05014230,3768
E05014231,6057
E05014232,5949
E05014233,6507
E05014234,6312
E05014235,6630
E05014236,6219
E05014238,3843
E05014239,4202
E05014245,8015
E05014246,11822
E05014247,4019
E05014249,10184
E05005150,6795
E05005151,5562
E05005152,6265
E05005153,5070
E05005154,5261
E05005155,7893
E05005156,5911
E05005157,6380
E05005158,6380
E05005159,6779
E05005160,6680
E05005161,7097
E05005162,6658
E05005163,6066
E05005164,5850
E05013064,7902
E05013065,10089
E05013066,8467
E05013067,6983
E05013068,7753
E05013069,7954
E05013070,9435
E05013071,8530
E05013072,9100
E05013073,8726
E05013074,8300
E05013075,9552
E05013076,7255
E05013077,7686
E05005185,4127
E05005186,4454
E05005187,4407
E05005188,3871
E05005189,1625
E05005190,4121
E05005191,3157
E05005192,2674
E05005193,5255
E05005194,3984
E05005195,4666
E05005196,3217
E05005197,4474
E05005198,3261
E05005199,4999
E05005200,1899
E05005201,4614
E05005202,5016
E05005203,1422
E05005204,3468
E05005205,6667
E05005206,5445
E05005207,4706
E05005208,3930
E05005209,6177
E05005210,5384
E05005211,4505
E05005212,4697
E05005213,4299
E05005214,4890
E05005215,4743
E05005216,6274
E05005217,4454
E05005218,6656
E05005219,4422
E05005220,6066
E05005221,5587
E05009592,6894
E05009593,7244
E05009594,9505
E05009595,6044
E05009596,5455
E05009597,4315
E05009598,2885
E05009599,7724
E05009600,4719
E05009601,4801
E05009602,6772
E05009603,7125
E05009604,2280
E05009605,4533
E05009606,6161
E05009607,2491
E05009608,5376
E05009609,4259
E05009610,7172
E05009611,1900
E05009612,6941
E05009613,7147
E05009614,4421
E05009615,5108
E05009616,2320
E05009617,1999
E05009618,7342
E05013200,9182
E05013201,7448
E05013202,7870
E05013203,9466
E05013204,8604
E05013205,6304
E05013206,8180
E05013207,2427
E05013208,9723
E05013209,7635
E05013210,7619
E05013211,11300
E05012193,8671
E05012194,8274
E05012195,8506
E05012196,11941
E05012197,9667
E05012198,9430
E05012199,9154
E05012200,8346
E05012201,9258
E05012202,9269
E05012203,11456
E05012204,8650
E05012205,7093
E05012206,9077
E05012207,10781
E05012208,8262
E05012000,2726
E05012001,3422
E05012002,1473
E05012003,1601
E05012004,1325
E05012005,1412
E05012006,1630
E05012007,3211
E05012008,2783
E05012009,2654
E05012010,3591
E05012011,1439
E05012012,1663
E05012013,3214
E05012014,2748
E05012015,3767
E05012016,1528
E05012017,1583
E05012018,3020
E05012019,3548
E05012020,1443
E05012021,1657
E05012022,2999
E05012023,1513
E05012024,3366
E05012025,2246
E05005316,3881
E05005317,3607
E05005318,3728
E05005319,4074
E05005320,5780
E05005321,6148
E05005322,5546
E05005323,4070
E05005324,6093
E05005325,6269
E05005326,6016
E05005327,3957
E05005328,5696
E05005329,6012
E05010214,4945
E05010215,4273
E05010216,3994
E05010217,4970
E05010218,4730
E05010219,3952
E05010220,4237
E05010221,4814
E05010222,4548
E05010223,4189
E05010224,4254
E05010225,7230
E05010226,4936
E05010227,5776
E05010228,6138
E05010229,7386
E05010230,3894
E05010231,4702
E05010232,4206
E05010233,4138
E05010234,4323
E05010235,4742
E05010236,4658
E05005357,6669
E05005358,5506
E05005359,3818
E05005360,4564
E05005361,4564
E05005362,5056
E05005363,9511
E05005364,4607
E05005365,2185
E05005366,4187
E05005367,5671
E05005368,3948
E05005369,4683
E05005370,3610
E05005371,2163
E05005372,4032
E05005373,6388
E05005374,3917
E05005375,6413
E05005376,5334
E05005377,5959
E05005378,6344
E05005379,4118
E05005380,2158
E05005381,2025
E05009932,6619
E05009933,4567
E05009934,4979
E05009935,2424
E05009936,4432
E05009937,4525
E05009938,6616
E05009939,4365
E05009940,4641
E05009941,6049
E05009942,4584
E05009943,6216
E05009944,5143
E05009945,4978
E05009946,5170
E05009947,1850
E05009948,2628
E05009949,5656
E05009950,6120
E05009951,4582
E05009952,4284
E05009953,4364
E05009954,4815
E05009955,2335
E05000650,14141
E05000651,11538
E05000652,14394
E05000653,13646
E05000654,17583
E05000655,16571
E05000656,18100
E05000657,16265
E05000658,16203
E05000659,13820
E05000660,14686
E05000661,12568
E05000662,14799
E05000663,14777
E05000664,12834
E05000665,18123
E05000666,14927
E05000667,13517
E05000668,14219
E05000669,13251
E05014152,11077
E05014153,13312
E05014154,10950
E05014155,11558
E05014156,11199
E05014157,11963
E05014158,9744
E05014159,9884
E05014160,11278
E05014161,12020
E05014162,11617
E05014163,11683
E05014164,11717
E05014165,13467
E05014166,11279
E05014167,10067
E05014168,11034
E05011350,14822
E05011351,21044
E05011352,16064
E05011353,15236
E05011354,18506
E05011355,17475
E05011356,21475
E05011357,12843
E05011358,17592
E05011359,20030
E05011360,18196
E05011361,13697
E05011362,14709
E05011363,15083
E05011364,14870
E05011365,20988
E05011366,19996
E05011367,15569
E05011368,19487
E05011369,19648
E05011370,20875
E05011371,19275
E05011372,21277
E05011373,18813
E05011374,15064
E05011375,15364
E05011376,11663
E05011377,17434
E05011378,17446
E05011379,16557
E05011380,15439
E05011381,15414
E05000719,14432
E05000720,11307
E05000721,11810
E05000722,11485
E05000723,14266
E05000724,10322
E05000725,10370
E05000726,11087
E05000727,12310
E05000728,15044
E05000729,10042
E05000730,10932
E05000731,9882
E05000732,9954
E05000733,11079
E05000734,12482
E05000735,16619
E05000736,10044
E05000737,13790
E05000738,14830
E05014033,11475
E05014034,10427
E05014035,10458
E05014036,12837
E05014037,11125
E05014038,10759
E05014039,10851
E05014040,11858
E05014041,9373
E05014042,12211
E05014043,10581
E05014044,9735
E05014045,11363
E05014046,11984
E05014047,12309
E05014048,11305
E05014049,12148
E05014050,10338
E05014051,12129
E05014052,10509
E05013018,15754
E05013019,10656
E05013020,12519
E05013021,16958
E05013022,12208
E05013023,13241
E05013024,14523
E05013025,14035
E05013026,16039
E05013027,14491
E05013028,10094
E05013029,13935
E05013030,17152
E05013031,9306
E05013032,12456
E05013033,12897
E05013034,13555
E05013035,11715
E05013036,16357
E05013037,12033
E05000779,12823
E05000780,12885
E05000781,13567
E05000782,14373
E05000783,17862
E05000784,16096
E05000785,13425
E05000786,14239
E05000787,15906
E05000788,14185
E05000789,14022
E05000790,13075
E05000791,14170
E05000792,14097
E05000793,14074
E05000794,12483
E05000795,11771
E05000796,14157
E05000797,15063
E05000798,13564
E05000799,12937
E05000800,11684
E05000801,12686
E05000802,11693
E05000803,12792
E05000804,11134
E05000805,11023
E05000806,11522
E05000807,12430
E05000808,11484
E05000809,12732
E05000810,11179
E05000811,12840
E05000812,15171
E05000813,11804
E05000814,10404
E05000815,11561
E05000816,14538
E05000817,12942
E05000818,11454
E05000819,12931
E05000820,10347
E05000821,9133
E05000822,14287
E05000823,10522
E05000824,10107
E05000825,13373
E05000826,9582
E05000827,10165
E05000828,10791
E05000829,12178
E05000830,10131
E05000831,10437
E05000832,12899
E05000833,11168
E05000834,11812
E05000835,10666
E05000836,11475
E05000837,11321
E05000838,11204
E05000839,10525
E05000840,15915
E05000841,11751
E05000842,12692
E05000843,13105
E05000844,12188
E05000845,15634
E05000846,11433
E05000847,13169
E05000848,12122
E05000849,13237
E05000850,11508
E05000851,13449
E05000852,13057
E05000853,14041
E05000854,16652
E05000855,13799
E05000856,12086
E05000857,14332
E05000858,11664
E05000859,13981
E05000860,14152
E05000861,12035
E05000862,13570
E05000863,11653
E05000864,12108
E05010935,10773
E05010936,10351
E05010937,10404
E05010938,11868
E05010939,11585
E05010940,10586
E05010941,10122
E05010942,9584
E05010943,11430
E05010944,9519
E05010945,9366
E05010946,10716
E05010947,9376
E05010948,9079
E05010949,9759
E05000886,15240
E05000887,14730
E05000888,15613
E05000889,24849
E05000890,13262
E05000891,13568
E05000892,15894
E05000893,13463
E05000894,15154
E05000895,14433
E05000896,17453
E05000897,16374
E05000898,15268
E05000899,16522
E05000900,18657
E05000901,14355
E05000902,12041
E05000903,19613
E05000904,15596
E05000905,18906
E05000906,19004
E05000907,23044
E05000908,12482
E05000909,21403
E05000910,15773
E05000911,15398
E05000912,14262
E05000913,13838
E05000914,13126
E05000915,16772
E05014120,10462
E05014121,10593
E05014122,11994
E05014123,10401
E05014124,10842
E05014125,10836
E05014126,12569
E05014127,12792
E05014128,12808
E05014129,3329
E05014130,7846
E05014131,11426
E05014132,7925
E05014133,7052
E05014134,6597
E05014135,13247
E05014136,11574
E05014137,10955
E05000932,12601
E05000933,12689
E05000934,11367
E05000935,12520
E05000936,12077
E05000937,13172
E05000938,14375
E05000939,12814
E05000940,11543
E05000941,13913
E05000942,13601
E05000943,12075
E05000944,12401
E05000945,12063
E05000946,12449
E05000947,12972
E05000948,14820
E05000949,11819
E05000950,12082
E05000951,11347
E05000952,13208
E05000953,13323
E05000954,15214
E05000955,15696
E05000956,16299
E05000957,16462
E05000958,13785
E05000959,14687
E05000960,13932
E05000961,14110
E05000962,13170
E05000963,12979
E05000964,15131
E05000965,15510
E05000966,13774
E05000967,14644
E05000968,13689
E05000969,12911
E05000970,14575
E05000971,15333
E05000972,14907
E05000973,16376
E05000974,14478
E05000975,12541
E05011525,12699
E05011526,15644
E05011527,11845
E05011528,8487
E05011529,10858
E05011530,11768
E05011531,12053
E05011532,11993
E05011533,9313
E05011534,9904
E05011535,12857
E05011536,13728
E05011537,17026
E05011538,14855
E05011539,16067
E05011540,8426
E05011541,16704
E05011542,15061
E05011543,13399
E05011544,11801
E05011545,12525
E05001687,14437
E05001688,10847
E05001689,13270
E05001690,14287
E05001691,7902
E05001692,9612
E05001693,17285
E05001694,15582
E05001695,14558
E05001696,11223
E05001697,10729
E05001698,15486
E05001699,5372
E05001700,15838
E05001701,13768
E05001702,16359
E05001703,10440
E05001704,18618
E05001705,15957
E05001706,10010
E05001707,14749
E05001708,10746
E05001709,14233
E05001710,10303
E05001711,13405
E05001712,17195
E05001713,11232
E05001714,10669
E05001715,9280
E05001716,9421
E05001717,11468
E05001718,11909
E05001719,11683
E05001720,11798
E05001721,11337
E05001722,11968
E05001723,12427
E05001724,6811
E05001725,7543
E05001726,7791
E05001727,11629
E05001728,13613
E05001729,7493
E05001730,8249
E05001731,7071
E05001732,11921
E05001733,10684
E05001734,11621
E05001735,6439
E05001736,11841
E05001737,3718
E05001738,11113
E05001739,14123
E05001740,11431
E05001741,8276
E05001742,10760
E05001743,12672
E05001744,8651
E05010311,9111
E05010312,4136
E05010313,9417
E05010314,4148
E05010315,11492
E05010316,9555
E05010317,4175
E05010318,14553
E05010319,11774
E05010320,13434
E05010321,4076
E05010322,11960
E05010323,14860
E05010324,12419
E05010325,12405
E05010326,8401
E05010327,12334
E05010328,8113
E05010329,8327
E05010330,13976
E05010331,4157
E05014250,6347
E05014256,7422
E05014277,8124
E05014294,5245
E05014316,5627
E05014319,7289
E05014320,5650
E05014321,6318
E05014335,4905
E05014251,6115
E05014255,6234
E05014270,6791
E05014276,5488
E05014282,6607
E05014283,6809
E05014285,5940
E05014295,6348
E05014298,6761
E05014299,6671
E05014310,5883
E05014322,7789
E05014325,6177
E05014327,7074
E05014257,7903
E05014258,7363
E05014259,7552
E05014267,7153
E05014273,8220
E05014278,8394
E05014279,8289
E05014286,9898
E05014288,8081
E05014289,7868
E05014292,7537
E05014302,7921
E05014304,6478
E05014305,5548
E05014308,8104
E05014309,8486
E05014323,6354
E05014324,8078
E05014331,8347
E05014332,6547
E05014333,8548
E05014263,6608
E05014280,9897
E05014290,5417
E05014297,7497
E05014307,8078
E05014312,7083
E05014330,5198
E05014252,5588
E05014281,5115
E05014287,6349
E05014291,6321
E05014300,8184
E05014306,7257
E05014318,6806
E05014328,7058
E05R14284,2034
E05014262,8313
E05014265,4366
E05014268,4897
E05014269,5241
E05014271,7179
E05014272,6699
E05014274,8253
E05014275,7083
E05014296,6286
E05014301,7387
E05014311,5734
E05014313,4692
E05014334,7560
E05014336,5679
E05014337,7450
E05014338,7447
E05S14284,4468
E05014253,6152
E05014254,6017
E05014260,6344
E05014261,6103
E05014264,5801
E05014266,5505
E05014293,8788
E05014303,6405
E05014314,8349
E05014315,10085
E05014317,8569
E05014326,7513
E05014329,6357
E05000976,11935
E05000977,11644
E05000978,11007
E05000979,11376
E05000980,11069
E05000981,11898
E05000982,12550
E05000983,10447
E05000984,12080
E05000985,11361
E05000986,11963
E05000987,13662
E05000988,10503
E05000989,11490
E05000990,13270
E05000991,11040
E05000992,11354
E05000993,10991
E05000994,12777
E05000995,12433
E05000996,9713
E05010728,16518
E05010729,14162
E05010730,9391
E05010731,18195
E05010732,14961
E05010733,16317
E05010734,10153
E05010735,12076
E05010736,17748
E05010737,17149
E05010738,12244
E05010739,15556
E05010740,15236
E05010741,10795
E05010742,17868
E05010743,10773
E05010744,9639
E05010745,18096
E05010746,11183
E05010747,22263
E05010748,17784
E05012993,12006
E05012994,9512
E05012995,8328
E05012996,15237
E05012997,8481
E05012998,9533
E05012999,9256
E05013000,12375
E05013001,7782
E05013002,7906
E05013003,12989
E05013004,13644
E05013005,7890
E05013006,9477
E05013007,9543
E05013008,9352
E05013009,8614
E05013010,16747
E05013011,14619
E05013012,12651
E05013013,8340
E05013014,10034
E05013015,9435
E05013016,9273
E05013017,12785
E05010857,19443
E05010858,17581
E05010859,16680
E05010860,21927
E05010861,27288
E05010862,21484
E05010863,17195
E05010864,22283
E05010865,18782
E05010866,18020
E05010867,20559
E05010868,22355
E05010869,17827
E05010870,20759
E05010871,17052
E05010872,19153
E05010873,22705
E05010874,17260
E05010875,23834
E05010876,18765
E05010877,18792
E05010878,20609
E05010879,20638
E05010880,18607
E05010881,18469
E05010882,22701
E05010883,17323
E05010884,18432
E05001341,15915
E05001342,18041
E05001343,18869
E05001344,17592
E05001345,22757
E05001346,21793
E05001347,23529
E05001348,18239
E05001349,17701
E05001350,20323
E05001351,19020
E05001352,19668
E05001353,17275
E05001354,15036
E05001355,18474
E05001356,17116
E05001357,16980
E05001358,22074
E05001359,20541
E05001360,17556
E05001361,17869
E05001362,15618
E05001363,18525
E05001364,20850
E05001365,21055
E05001366,12056
E05001367,15847
E05001368,16923
E05001369,14070
E05001370,15091
E05001371,10833
E05001372,11678
E05001373,12103
E05001374,11206
E05001375,11649
E05001376,12573
E05001377,9989
E05001378,11519
E05001379,12745
E05001380,15699
E05001381,11084
E05001382,11704
E05001383,13396
E05001384,11956
E05001385,12324
E05001386,12378
E05001387,13793
E05001389,20373
E05001390,18904
E05001391,20109
E05001392,16918
E05001393,17187
E05001396,17429
E05001397,16634
E05001398,20086
E05001399,19261
E05001400,21688
E05001401,18736
E05001402,21813
E05001403,18153
E05001405,19503
E05001407,20430
E05001408,19421
E05001409,19771
E05001410,18669
E05008558,17657
E05008559,17579
E05008560,19786
E05008561,16801
E05008562,16310
E05011384,23426
E05011385,26725
E05011387,24019
E05011388,28528
E05011389,24595
E05011390,24963
E05011391,24843
E05011394,30879
E05011395,24628
E05011396,18524
E05011397,31175
E05011399,26474
E05011400,26679
E05011401,22557
E05011402,22234
E05011403,31076
E05011404,29605
E05011405,23797
E05011406,23303
E05011407,23990
E05011409,25392
E05011410,20571
E05011411,23809
E05011413,21876
E05011414,21616
E05011547,24310
E05011549,22585
E05012647,26593
E05012648,25002
E05012841,21198
E05012842,23610
E05013830,20882
E05013831,22488
E05001444,17542
E05001445,16084
E05001446,19229
E05001447,16807
E05001448,15802
E05001449,17512
E05001450,15923
E05001451,15197
E05001452,14251
E05001453,17354
E05001454,16522
E05001455,19195
E05001456,15342
E05001457,18864
E05001458,16807
E05001459,17137
E05001460,17857
E05001461,17696
E05001462,14591
E05001463,16442
E05001464,17215
E05001767,14938
E05001768,13543
E05001769,16805
E05001770,21263
E05001771,13250
E05001772,14443
E05001773,13370
E05001774,15768
E05001775,15257
E05001776,14350
E05001777,15122
E05001778,15500
E05001779,14696
E05001780,19810
E05001781,13419
E05001782,17175
E05001783,12651
E05010458,22105
E05010459,11944
E05010460,18808
E05010461,20565
E05010462,21023
E05010463,23681
E05010464,17268
E05010465,12008
E05010466,14372
E05010467,21144
E05010468,16826
E05010469,23917
E05010470,17387
E05010471,13887
E05010472,13039
E05010473,21096
E05010474,12061
E05010475,14799
E05010476,15784
E05010477,21079
E05010478,15780
E05012632,2934
E05012633,2406
E05012634,3648
E05012635,1367
E05012636,2474
E05012637,2829
E05012638,1400
E05012639,1341
E05012640,3174
E05012641,3265
E05012642,3085
E05012643,4220
E05012644,2936
E05012645,4724
E05012646,1244
E05012270,18795
E05012271,16369
E05012272,17911
E05012273,17065
E05012274,16919
E05012275,16217
E05012276,13997
E05012277,10867
E05012278,17043
E05012279,10742
E05012280,16892
E05012281,23338
E05012282,9912
E05012283,21829
E05012284,16399
E05012285,11016
E05012286,16650
E05012287,20685
E05012288,15822
E05012289,15167
E05013213,13898
E05013214,13246
E05013215,12722
E05013216,14800
E05013217,13245
E05013218,14476
E05013219,14168
E05013220,13593
E05013221,15749
E05013222,14191
E05013223,12783
E05013224,11194
E05013225,13379
E05013226,11509
E05013227,16185
E05013228,15505
E05013229,15233
E05013230,15835
E05013231,13555
E05013232,12331
E05013233,12756
E05013234,12369
E05013235,15981
E05013236,14630
E05013237,13712
E05013238,12479
E05013239,13598
E05013240,16376
E05013241,11315
E05013242,16188
E05013243,14561
E05013244,12298
E05013245,12832
E05013246,17872
E05013247,14130
E05013248,11617
E05013249,12850
E05013250,12811
E05013251,14786
E05013252,11733
E05013253,11215
E05013254,12572
E05013255,14323
E05013256,14805
E05013257,12938
E05013258,14357
E05013259,11671
E05013260,12004
E05013261,14759
E05013262,12267
E05013263,13739
E05013264,13486
E05013265,12974
E05013266,17699
E05013267,15768
E05013268,16155
E05013269,12025
E05003280,8797
E05003281,2581
E05003282,5350
E05003283,5904
E05003284,4632
E05003286,4941
E05003287,2653
E05003289,4815
E05003290,5135
E05003292,6369
E05003293,6151
E05003295,5805
E05003296,9189
E05003297,5535
E05003299,6205
E05003300,4053
E05003301,5077
E05003302,2314
E05008520,5646
E05008521,5066
E05008522,5844
E05008523,7566
E05008524,6579
E05011983,6299
E05011984,4117
E05011985,4271
E05011986,4297
E05011987,3440
E05011988,4442
E05011989,5515
E05011990,2786
E05011991,6615
E05011992,4788
E05011993,4244
E05011994,4897
E05011995,4737
E05011996,4875
E05011997,6673
E05011998,4349
E05011999,3922
E05003323,5543
E05003324,4256
E05003325,6008
E05003326,6595
E05003327,6494
E05003328,6296
E05003329,7655
E05003330,4273
E05003331,3845
E05003332,3739
E05003333,4785
E05003334,5009
E05003335,4290
E05003336,4187
E05003337,6298
E05003338,4830
E05003339,8048
E05003340,5332
E05003341,6083
E05003342,3721
E05003343,5734
E05003344,4258
E05003345,1787
E05003346,2002
E05003347,1775
E05003348,1770
E05003349,1608
E05003350,1844
E05003351,5781
E05003352,1578
E05003353,2683
E05003354,1654
E05003355,3714
E05003356,1857
E05003357,1519
E05003358,1555
E05003359,2839
E05003360,5418
E05003361,5737
E05003362,1737
E05003363,1818
E05003364,1760
E05003365,1600
E05003366,5795
E05010604,5149
E05010605,4370
E05010606,5080
E05010607,5469
E05010608,6913
E05010609,4113
E05010610,5053
E05010611,6406
E05010612,8638
E05010613,4359
E05010614,4708
E05010615,7283
E05010616,4947
E05010617,7167
E05010618,8218
E05010619,6465
E05010620,4794
E05010621,6207
E05010622,7568
E05010623,1705
E05010624,4596
E05010625,2076
E05010626,3600
E05010627,2177
E05010628,4961
E05010629,4033
E05010630,4105
E05010631,2411
E05010632,2407
E05010633,2343
E05010634,4200
E05010635,1992
E05010636,3558
E05010637,4682
E05010638,2199
E05010639,4029
E05010640,4186
E05010641,4519
E05010642,2222
E05010643,1871
E05010644,1864
E05010645,4158
E05010646,4471
E05010647,1728
E05010648,2223
E05010649,6317
E05010650,2301
E05012040,1959
E05012041,1974
E05012042,3327
E05012043,6586
E05012044,3732
E05012045,3756
E05012046,3660
E05012047,5985
E05012048,1945
E05012049,3939
E05012050,6159
E05012051,5811
E05012052,4116
E05012053,4364
E05012054,3761
E05012055,5498
E05012056,5885
E05012057,5374
E05012058,1747
E05012059,6174
E05012060,3978
E05012061,5741
E05012062,1814
E05012063,4712
E05008809,9288
E05008810,8607
E05008811,7052
E05008812,2560
E05008813,9997
E05008814,6068
E05008815,5538
E05008816,8189
E05008817,8060
E05008818,5850
E05008819,5405
E05008820,5246
E05008821,8859
E05008822,7348
E05008823,9141
E05005408,5210
E05005409,5495
E05005410,7966
E05005411,2509
E05005412,5946
E05005413,6190
E05005414,4874
E05005416,2686
E05005417,4376
E05005418,5392
E05005419,2930
E05005420,5271
E05005421,4841
E05005422,7300
E05005423,7329
E05005424,9249
E05009619,8091
E05009620,7278
E05005426,7697
E05005427,7358
E05005428,7651
E05005429,6667
E05005430,2892
E05005431,3360
E05005432,7338
E05005433,6415
E05005434,5520
E05005435,6624
E05005436,7222
E05005437,5250
E05005438,5682
E05005439,9675
E05005440,7639
E05005441,6622
E05005442,7015
E05005443,4826
E05005444,7259
E05005445,8255
E05005446,6945
E05005447,7922
E05005448,8418
E05005449,7292
E05005450,6327
E05005451,3252
E05005452,9816
E05005453,3032
E05011964,2623
E05011965,3411
E05011966,4900
E05011967,5388
E05011968,2696
E05011969,5842
E05011970,5880
E05011971,8710
E05011972,2995
E05011973,5360
E05011974,5467
E05011975,5935
E05011976,5695
E05011977,5590
E05011978,8856
E05011979,2982
E05011980,2872
E05011981,9337
E05011982,3083
E05005479,3762
E05005480,3260
E05005481,9152
E05005482,6049
E05005483,10459
E05005484,3684
E05005485,10630
E05005486,6809
E05005487,7029
E05005488,9322
E05005489,10519
E05005490,7347
E05005491,6036
E05005492,8874
E05005493,7606
E05005494,3101
E05005495,3603
E05005496,3687
E05005497,1820
E05005498,1886
E05005499,1703
E05005500,4213
E05005501,3538
E05005502,5515
E05005503,4120
E05005504,5382
E05005505,5539
E05005506,3635
E05005507,1943
E05005508,1812
E05005509,1793
E05005510,1563
E05010090,2470
E05010091,3173
E05010092,3228
E05010093,3363
E05010094,3211
E05010095,2148
E05010096,2722
E05010097,2820
E05010098,3116
E05010099,2116
E05010100,2515
E05010101,2309
E05010102,2522
E05010103,2660
E05010104,2632
E05010105,2993
E05010106,2556
E05010107,2723
E05010108,3434
E05010109,2607
E05010110,2590
E05010111,2696
E05010112,2955
E05010113,2533
E05010114,3017
E05010115,2549
E05010116,2573
E05010117,2851
E05010118,2520
E05010119,2884
E05010120,3180
E05010121,3100
E05010122,3596
E05010123,1775
E05010124,2020
E05010125,2891
E05010126,2895
E05010127,2761
E05005531,4272
E05005532,6052
E05005533,4551
E05005534,4522
E05005535,4634
E05005536,8115
E05005537,5874
E05005538,6863
E05005539,6304
E05005540,6561
E05009621,3945
E05009622,5102
E05009623,7156
E05009624,4076
E05009625,7431
E05009626,3615
E05009627,2529
E05009628,8275
E05009629,4302
E05009630,2702
E05009631,4251
E05009632,5298
E05009633,2191
E05009634,4618
E05009635,5013
E05009873,4928
E05009874,2442
E05009875,2602
E05009876,4739
E05009877,9495
E05009878,2413
E05009879,2297
E05009880,2821
E05009881,2312
E05009882,2289
E05009883,2645
E05009884,5062
E05009885,7746
E05009886,2268
E05009887,2170
E05009888,8218
E05009889,4494
E05009890,2615
E05009891,4893
E05009892,2365
E05009893,5574
E05009894,2888
E05009895,2336
E05009896,2170
E05009897,9654
E05009898,5096
E05009899,3225
E05009900,4453
E05009901,2472
E05009902,2522
E05009903,2475
E05009904,2728
E05009905,2417
E05009906,5899
E05009907,2546
E05009908,4442
E05009909,2591
E05010784,11310
E05010785,8932
E05010786,11258
E05010787,11227
E05010788,7725
E05010789,8719
E05010790,8204
E05010791,8254
E05010792,8046
E05010793,12002
E05010794,8136
E05005618,5829
E05005619,5258
E05005620,5411
E05005621,9977
E05005622,5505
E05005623,5497
E05005624,6867
E05005625,5696
E05005626,7088
E05005627,2453
E05005628,2051
E05005629,5439
E05005630,1838
E05005631,3735
E05005632,6468
E05005633,2575
E05005634,2230
E05005635,2473
E05005636,5650
E05005637,3581
E05005638,2814
E05005639,3709
E05005640,2506
E05005641,7893
E05005642,2888
E05005643,2645
E05005644,6829
E05005645,7443
E05005646,2456
E05005647,2312
E05005648,2292
E05005649,8087
E05005650,7618
E05005651,7295
E05005652,7375
E05005653,2563
E05005654,5971
E05005655,6535
E05005656,4597
E05005657,5603
E05005658,6585
E05005659,4532
E05005660,2700
E05005661,4327
E05010148,2532
E05010149,4763
E05010150,4838
E05010151,8038
E05010152,4767
E05010153,5180
E05010154,5720
E05010155,2231
E05010156,7255
E05010157,2443
E05010158,2366
E05010159,5667
E05010160,4805
E05010161,6725
E05010162,4790
E05010163,7552
E05010164,5384
E05010165,5571
E05010166,4847
E05010167,2541
E05010168,2570
E05010169,7104
E05010170,2515
E05010171,4848
E05010172,4885
E05010173,5236
E05010174,5771
E05010175,4858
E05010176,2643
E05010177,4956
E05009636,2759
E05009637,5575
E05009638,7938
E05009639,8704
E05009640,7477
E05009641,7596
E05009642,5463
E05009643,2625
E05009644,2676
E05009645,2116
E05009646,8486
E05009647,4472
E05009648,5739
E05009649,2806
E05009650,7580
E05009651,2445
E05009652,2712
E05009653,2858
E05009654,2447
E05009655,2679
E05010673,3522
E05010674,7458
E05010675,3985
E05010676,3793
E05010677,7817
E05010678,7469
E05010679,10580
E05010680,7679
E05010681,10704
E05010682,7567
E05010683,3285
E05010684,2611
E05010685,4577
E05010686,3837
E05010687,4119
E05010688,3634
E05010689,6336
E05010690,6718
E05010691,3347
E05010692,7286
E05010693,3612
E05010694,3287
E05010695,3077
E05006377,2495
E05006378,2302
E05006379,5662
E05006380,1824
E05006381,2501
E05006382,7159
E05006383,6351
E05006384,5274
E05006385,5182
E05006386,2514
E05006387,8886
E05006388,2603
E05006389,2526
E05006390,2295
E05006391,2404
E05006392,2385
E05006393,2898
E05006394,4596
E05006395,1994
E05006396,6425
E05006397,9682
E05006398,6119
E05006399,8369
E05006400,7047
E05006401,8307
E05010514,7123
E05010515,5015
E05010516,6189
E05010517,6365
E05010518,4778
E05010519,5551
E05010520,7244
E05010521,2283
E05010522,7591
E05010523,2610
E05010524,4855
E05010525,4877
E05010526,6549
E05010527,6669
E05010528,5208
E05010529,4764
E05010530,5185
E05010531,5504
E05010532,8064
E05010533,4516
E05009689,5463
E05009690,7579
E05009691,5629
E05009692,9106
E05009693,5176
E05009694,2777
E05009695,5959
E05009696,6028
E05009697,2882
E05009698,6220
E05009699,6332
E05009700,5589
E05009701,8605
E05009702,5470
E05009703,8362
E05009704,7676
E05009705,6609
E05009706,5682
E05009707,6124
E05008857,2232
E05008858,3254
E05008859,3142
E05008860,3332
E05008861,4261
E05008862,3401
E05008863,2663
E05008864,2865
E05008865,3052
E05008866,2617
E05008867,3503
E05008868,3198
E05008869,3639
E05008870,2832
E05008871,2471
E05008872,2735
E05008873,3081
E05008874,3483
E05008875,2958
E05008876,2794
E05008877,3110
E05008878,3146
E05008879,2736
E05008880,2736
E05008881,3375
E05008882,2739
E05008883,2979
E05008884,2828
E05008885,3084
E05008886,2876
E05008887,2871
E05008888,3092
E05008889,3811
E05008890,3470
E05008891,2514
E05008892,3598
E05010064,5620
E05010066,3490
E05010067,3391
E05010068,7342
E05010070,5627
E05010071,9694
E05010072,2915
E05010073,11768
E05010075,3216
E05010076,3518
E05010077,2946
E05010078,9366
E05010079,6456
E05010080,6209
E05010081,8914
E05010082,3195
E05010083,2915
E05011552,6682
E05011553,9217
E05011554,3311
E05011555,7164
E05009708,5279
E05009709,5116
E05009710,4994
E05009711,2459
E05009712,5548
E05009713,8206
E05009714,3360
E05009715,2450
E05009716,2871
E05009717,5774
E05009718,2741
E05009719,2568
E05009720,2451
E05009721,8144
E05009722,5270
E05009723,9245
E05009724,5981
E05009725,4681
E05009726,2920
E05009727,8144
E05009728,7674
E05009729,2338
E05009730,2493
E05009731,2486
E05009732,5883
E05009438,3653
E05009439,3472
E05009440,3201
E05009441,3656
E05009442,3071
E05009443,3817
E05009444,3072
E05009445,3387
E05009446,3466
E05009447,3277
E05009448,3149
E05009449,3414
E05009450,3733
E05009452,3582
E05009453,3580
E05009454,3044
E05009455,3287
E05009456,3875
E05009457,4298
E05009458,3489
E05009459,4383
E05009460,4228
E05009461,3569
E05009462,3092
E05009463,3245
E05009464,3218
E05009465,2878
E05009466,3544
E05009467,3572
E05009468,4261
E05009469,3923
E05009470,3210
E05009471,2765
E05009472,3358
E05009473,3315
E05009474,4528
E05009475,3107
E05009476,3526
E05009478,4004
E05009479,3879
E05009480,3645
E05009481,3464
E05009482,4040
E05009485,3557
E05009486,3075
E05009487,3695
E05009488,3754
E05009489,3182
E05009490,3674
E05012957,3698
E05012958,3303
E05012959,3528
E05012960,3284
E05009966,2918
E05009967,3091
E05009968,3716
E05009969,6509
E05009970,3175
E05009971,3606
E05009972,9126
E05009973,6842
E05009974,2852
E05009975,6873
E05009976,3543
E05009977,11352
E05009978,3759
E05009979,8558
E05009980,3093
E05009981,12187
E05009982,10674
E05009983,7083
E05009984,7107
E05009985,7173
E05009986,5885
E05009987,9959
E05009988,2501
E05009989,7240
E05009990,6370
E05009991,2919
E05009992,10061
E05009993,7597
E05009994,3427
E05009995,6345
E05008714,10957
E05008715,17066
E05008716,11538
E05008717,10369
E05008718,5540
E05008719,7434
E05008720,6369
E05008721,5670
E05008722,5467
E05008723,6938
E05008724,4748
E05008725,5087
E05008726,4391
E05008727,7898
E05008728,5943
E05008729,5677
E05008730,6388
E05008731,6266
E05008732,10252
E05008733,11477
E05008734,6317
E05008735,7123
E05008736,5762
E05008737,6905
E05008738,5649
E05008739,6669
E05008740,4435
E05008741,6234
E05008742,4679
E05008743,6114
E05008744,6292
E05008745,6754
E05008746,6109
E05008747,5351
E05008748,6804
E05008749,6560
E05008750,5136
E05008136,4430
E05008137,4740
E05008138,4171
E05008139,4780
E05008140,5910
E05008141,12488
E05008142,4403
E05008143,3677
E05008144,4153
E05008145,6679
E05008146,6783
E05008147,5095
E05008148,4446
E05008149,4684
E05008150,4683
E05008151,4314
E05008152,2894
E05008153,8932
E05008154,4416
E05008155,7422
E05008156,3717
E05008157,4129
E05008158,3670
E05008159,4417
E05008160,5074
E05008161,3733
E05008162,4897
E05008163,4271
E05008164,4172
E05008165,4495
E05008166,3895
E05008167,3826
E05008168,3988
E05008169,5469
E05008170,9142
E05008171,4389
E05008172,4511
E05008173,4355
E05008174,4322
E05008178,4694
E05008179,4517
E05008180,4270
E05008181,5841
E05008183,4607
E05008186,4890
E05008187,4880
E05008188,6054
E05008189,7598
E05008190,4119
E05008191,4914
E05008192,4905
E05008193,4303
E05008194,8897
E05008195,7430
E05008196,4321
E05008198,3706
E05009281,6944
E05009282,9409
E05009283,4413
E05009284,3688
E05009285,4366
E05009286,4828
E05009287,4439
E05006902,7021
E05006903,7100
E05006904,7345
E05006905,8301
E05006906,7109
E05006907,6594
E05006908,4550
E05006909,7133
E05006910,6277
E05006911,6973
E05006912,6949
E05006913,5415
E05006914,8321
E05006915,4716
E05006916,6716
E05006917,2894
E05006918,7844
E05006919,2774
E05006920,9379
E05006921,5264
E05006922,4309
E05006923,2834
E05006924,3503
E05006925,8057
E05006926,7083
E05006927,9159
E05006928,5964
E05006929,3219
E05006930,8470
E05006931,8193
E05006932,7762
E05006933,6937
E05006934,7221
E05006935,2018
E05006936,8387
E05006937,2750
E05010651,6716
E05010652,8016
E05010653,3852
E05010654,6344
E05010655,3009
E05010656,4621
E05010657,4664
E05010658,4964
E05010659,2293
E05010660,4273
E05010661,4615
E05010662,4199
E05010663,4512
E05010664,7276
E05010665,4907
E05010666,2023
E05010667,2019
E05010668,5924
E05010669,2195
E05010670,6634
E05010671,6234
E05010672,7145
E05011415,8326
E05011416,8269
E05011417,2853
E05011418,5964
E05011419,5491
E05011420,5736
E05011421,2886
E05011422,9001
E05011423,2925
E05011424,4258
E05011425,5454
E05011426,2675
E05011427,8585
E05011428,5728
E05011429,5744
E05011430,8738
E05011431,5647
E05011432,5606
E05011433,4901
E05011434,8368
E05011435,6143
E05006988,4165
E05006989,6567
E05006990,4342
E05006991,3480
E05006992,4586
E05006993,3952
E05006994,5216
E05006995,7861
E05006996,4633
E05006997,6321
E05006998,2523
E05006999,5363
E05007000,7103
E05007001,2261
E05007002,3709
E05007003,5048
E05007004,2164
E05007005,1916
E05007006,2030
E05007007,5967
E05007008,2269
E05007009,4172
E05007010,6334
E05007011,3914
E05007012,4570
E05010479,2815
E05010480,6114
E05010481,4527
E05010482,8784
E05010483,4231
E05010484,7049
E05010485,3651
E05010486,5976
E05010487,6804
E05010488,6780
E05010489,6889
E05010490,6695
E05010491,5654
E05010492,7200
E05010493,2915
E05010494,6988
E05010495,3566
E05010496,3145
E05010497,10230
E05010498,6859
E05010499,6504
E05010500,7048
E05010501,6446
E05007039,1356
E05007040,1626
E05007041,6060
E05007042,1563
E05007043,5386
E05007044,1590
E05007045,5029
E05007046,4725
E05007047,1776
E05007048,3201
E05007049,3398
E05007050,3550
E05007051,5076
E05007052,5546
E05007053,5319
E05007054,3193
E05007055,1592
E05007056,5072
E05007057,1743
E05007058,1845
E05007059,1751
E05007060,4920
E05007061,5537
E05007062,5735
E05007063,4413
E05007064,1723
E05007065,3114
E05007066,8355
E05007067,7912
E05007068,7508
E05007069,7596
E05007070,7687
E05007071,7116
E05007072,8141
E05007073,7626
E05007074,7339
E05007075,9369
E05007457,5927
E05007458,4170
E05007459,3748
E05007460,3819
E05007461,4383
E05007462,3234
E05007463,3662
E05007464,3422
E05007465,3216
E05007466,3628
E05007467,3828
E05007468,4012
E05007469,3551
E05007470,3703
E05007471,3956
E05007472,3297
E05007473,3482
E05007474,9145
E05007475,7256
E05007476,7648
E05007477,7491
E05007478,6947
E05007479,6080
E05007480,9599
E05007481,8559
E05007482,8405
E05007483,7744
E05007484,7317
E05007485,8058
E05007486,8738
E05007487,7080
E05007488,9584
E05007489,7960
E05007490,6588
E05008974,9343
E05008975,6550
E05008976,2946
E05008977,8108
E05008979,7748
E05008980,2445
E05008981,8166
E05008982,9276
E05008983,7358
E05008984,6407
E05008985,7700
E05008986,8583
E05008988,2938
E05010758,9847
E05010759,8591
E05010760,8351
E05010178,3862
E05010179,3626
E05010180,3774
E05010181,4362
E05010182,4206
E05010183,4286
E05010184,3247
E05010185,3373
E05010186,4798
E05010187,2659
E05010188,3577
E05010189,3202
E05010190,4003
E05010191,3527
E05010192,3923
E05010193,3542
E05010194,2882
E05010195,4525
E05010196,3523
E05010197,3739
E05010198,3316
E05010199,3999
E05010200,4170
E05010201,2698
E05010202,3631
E05010203,3915
E05010204,4194
E05010205,3907
E05010206,3920
E05010207,3223
E05010208,3540
E05010209,3046
E05010210,4600
E05010211,3737
E05010212,4598
E05010213,3595
E05012615,6576
E05012616,6437
E05012617,5166
E05012618,11917
E05012619,9935
E05012620,9537
E05012621,10330
E05012622,10340
E05012623,11908
E05012624,9854
E05012625,10844
E05012626,3530
E05012627,9641
E05012628,7203
E05012629,8176
E05012630,7149
E05012631,9912
E05009823,3079
E05009824,2899
E05009825,3513
E05009826,3396
E05009827,2988
E05009828,6625
E05009829,3436
E05009830,2804
E05009831,3154
E05009832,3419
E05009833,3292
E05009834,2790
E05009835,3496
E05009836,3820
E05009837,1989
E05009838,3164
E05009839,3019
E05009840,3037
E05009841,2900
E05009842,3722
E05009843,1700
E05009844,3549
E05009845,3095
E05009846,3325
E05009847,3272
E05009848,4355
E05009849,3477
E05009850,3546
E05009851,3119
E05009852,3203
E05007846,3716
E05007847,2208
E05007848,3950
E05007849,5989
E05007850,4711
E05007851,2067
E05007852,5043
E05007853,2294
E05007854,6301
E05007855,2158
E05007856,1992
E05007857,2433
E05007858,6454
E05007859,4167
E05007860,4242
E05007861,1886
E05007862,2202
E05007863,3923
E05007864,4346
E05007865,3163
E05007866,3983
E05007867,2257
E05007868,6944
E05007869,6050
E05007870,9340
E05007871,6471
E05007872,8223
E05007873,5573
E05007874,9782
E05007875,8363
E05007876,5576
E05007877,6120
E05007878,6352
E05007879,8242
E05007880,6116
E05007881,5434
E05007882,8737
E05007883,11499
E05007884,8219
E05007885,5651
E05007886,8955
E05007887,5844
E05007888,5737
E05007889,8982
E05007890,5648
E05007891,5587
E05007892,5871
E05007893,5315
E05007894,6281
E05007895,3294
E05007896,7850
E05007897,2953
E05007898,2658
E05007899,2951
E05007900,4959
E05007901,2985
E05007902,2746
E05007903,2497
E05007904,5428
E05007905,6754
E05007906,4950
E05007907,5409
E05007908,2765
E05007909,2518
E05007910,5199
E05007911,5084
E05007912,2790
E05007913,3817
E05007914,3084
E05007915,2774
E05007916,3050
E05007917,6013
E05007918,5734
E05007919,7642
E05007920,3961
E05007921,2466
E05007922,8401
E05007923,3243
E05007924,2394
E05007925,3420
E05007926,2703
E05010502,8764
E05010503,8258
E05010504,8659
E05010505,9486
E05010506,9274
E05010507,10613
E05010508,9784
E05010509,2459
E05010510,9937
E05010511,9488
E05010512,5304
E05010513,9581
E05011118,24487
E05011119,11122
E05011120,28018
E05011121,24446
E05011122,12153
E05011123,22670
E05011124,21175
E05011125,12471
E05011126,15058
E05011127,12986
E05011128,22374
E05011129,19176
E05011130,18786
E05011131,22383
E05011132,9935
E05011133,11642
E05011134,18730
E05011135,21550
E05011136,12657
E05011137,11498
E05011138,24530
E05011139,10498
E05011140,24552
E05011141,10986
E05011142,11820
E05011143,20399
E05011144,23002
E05011145,13395
E05011146,10745
E05011147,11316
E05011148,11642
E05011149,11581
E05011150,21153
E05011151,25738
E05011152,21649
E05011153,12121
E05011154,21839
E05011155,16145
E05011156,16290
E05011157,22565
E05011158,10404
E05011159,20566
E05011160,20609
E05011161,12042
E05011162,11060
E05011163,21377
E05011164,10319
E05011165,12325
E05011166,19943
E05011167,21970
E05011168,25476
E05011169,10782
E05011170,27334
E05011171,21460
E05011172,10122
E05011173,23596
E05011174,9329
E05011175,10145
E05011176,10035
E05011177,11965
E05011178,9485
E05011179,20113
E05011180,16318
E05011181,9295
E05011182,11688
E05011183,13714
E05011184,23510
E05011185,11052
E05011186,13594
E05001218,17130
E05001219,17774
E05001220,15650
E05001221,15384
E05001222,22478
E05001223,21257
E05001224,19488
E05001225,20259
E05001226,23904
E05001227,20191
E05001228,28957
E05001229,17186
E05001230,19602
E05001231,15292
E05001232,20567
E05001233,15509
E05001234,17786
E05001235,16915
E05001236,12927
E05001237,14291
E05001238,15016
E05001239,14726
E05001240,17029
E05001241,13409
E05001242,13730
E05001243,13354
E05001244,13359
E05001245,12245
E05001246,11980
E05001247,11853
E05001248,12647
E05001249,12467
E05001250,14909
E05001251,11856
E05001252,12284
E05001253,13667
E05001254,14242
E05001255,16285
E05001256,11750
E05001257,13592
E05001258,13429
E05001259,12440
E05001260,12190
E05001261,12065
E05001262,12505
E05001263,12716
E05001264,14965
E05001265,12793
E05001266,13509
E05001267,14424
E05001268,14720
E05001269,15121
E05001270,14085
E05001271,12145
E05001272,12718
E05001273,15619
E05001274,14145
E05001275,13674
E05001276,16731
E05001277,15465
E05001278,19634
E05001279,15560
E05001280,13082
E05001281,13319
E05001282,15227
E05001283,15426
E05001284,13014
E05001285,15606
E05001286,11462
E05001287,13276
E05001288,11064
E05001289,12329
E05001290,13340
E05001291,11147
E05001292,13872
E05001293,12703
E05001294,12326
E05001295,13261
E05001296,12017
E05001297,12243
E05001298,13037
E05001299,12559
E05001300,12985
E05001301,13739
E05001302,13157
E05001303,14331
E05001304,16022
E05001305,16219
E05001306,13244
E05001307,13324
E05001308,13441
E05001309,17261
E05001310,13203
E05001311,16692
E05001312,11375
E05001313,11431
E05001314,16164
E05001315,12407
E05001316,16970
E05001317,11659
E05001318,13532
E05001319,12712
E05001320,17239
E05001321,15757
E05001322,12791
E05001323,12614
E05001324,11953
E05001325,17957
E05001326,12890
E05001327,16979
E05001328,12356
E05001329,12944
E05001330,14803
E05001331,12371
E05001332,12480
E05001333,12744
E05001334,12855
E05001335,13522
E05001336,12499
E05001337,12477
E05001338,10647
E05001339,11198
E05001340,11892
E05010805,3510
E05010806,10476
E05010807,14111
E05010808,11085
E05010809,12097
E05010810,10170
E05010811,10991
E05010812,11614
E05010813,6544
E05010814,9405
E05010815,8378
E05010816,9797
E05010817,11786
E05010818,11156
E05010819,9805
E05010820,11503
E05010821,11088
E05010822,12417
E05010823,10658
E05010824,9887
E05010825,5644
E05010826,3550
E05002193,8196
E05002194,16625
E05002195,7268
E05002196,15460
E05002197,8436
E05002198,17992
E05002199,13610
E05002200,11018
E05002201,8098
E05002202,13892
E05002203,13706
E05002204,8540
E05002205,8639
E05002206,12698
E05002207,16501
E05002208,17663
E05002209,7006
E05002210,8451
E05002211,11465
E05002212,9442
E05002213,10994
E05002214,9926
E05002215,9451
E05002216,12092
E05002217,9891
E05002218,11692
E05002219,10687
E05002220,10581
E05002221,11208
E05002222,11676
E05002223,10151
E05002224,9116
E05002225,13008
E05002226,11284
E05002227,9369
E05002228,10119
E05002229,10824
E05002230,10473
E05002231,10621
E05002232,8008
E05002233,5686
E05002234,7713
E05002235,13291
E05002236,9836
E05002237,7079
E05002238,6264
E05002239,11967
E05002240,6416
E05002241,7691
E05002242,8653
E05002243,7649
E05002244,6755
E05002245,8452
E05002246,7976
E05002247,6845
E05002248,13799
E05008751,8161
E05008752,8093
E05008753,9114
E05008754,11007
E05008755,4503
E05008756,7155
E05008757,5666
E05008758,5935
E05008759,9794
E05008760,8255
E05008761,8870
E05008762,4260
E05008763,7385
E05008764,3720
E05008765,9066
E05008766,4106
E05008767,5525
E05008768,10129
E05008769,8061
E05008770,3793
E05008771,7156
E05008772,9778
E05008773,3427
E05008774,3982
E05008775,6980
E05008776,7567
E05008777,3736
E05008779,16317
E05008780,4673
E05008781,4937
E05008782,10884
E05008783,11657
E05008785,16972
E05008786,5132
E05008787,9134
E05008790,9120
E05008791,4199
E05008792,13855
E05008793,5278
E05008796,14954
E05008797,15489
E05008798,11955
E05008800,5108
E05008801,8759
E05008803,11249
E05008804,6063
E05008805,16132
E05008806,4528
E05008807,9692
E05008808,4797
E05012843,13967
E05012844,9796
E05012845,5874
E05012846,11378
E05012847,4185
E05012848,10026
E05012849,4569
E05012850,13568
E05013050,10783
E05013051,9883
E05013052,7861
E05013053,9343
E05013054,10501
E05013055,9714
E05013056,11099
E05013057,10443
E05013058,11374
E05013059,10938
E05013060,12248
E05013061,10189
E05013062,12393
E05013063,8904
E05011560,5845
E05011561,6407
E05011562,3029
E05011563,5852
E05011564,4849
E05011565,9873
E05011566,6399
E05011567,3438
E05011568,9910
E05011569,6994
E05011570,6248
E05011571,6644
E05011572,5642
E05011573,6634
E05009491,5531
E05009492,4683
E05009493,2541
E05009494,2772
E05009495,4905
E05009496,4921
E05009497,2608
E05009498,2733
E05009499,2810
E05009500,7659
E05009501,7815
E05009502,7488
E05009503,3139
E05009504,5705
E05009505,5440
E05009506,2469
E05009507,6808
E05009508,2961
E05009509,2988
E05009510,2403
E05009511,2897
E05009512,2785
E05009513,5698
E05009514,2702
E05011256,3591
E05011257,9128
E05011258,3389
E05011259,4063
E05011260,9895
E05011261,3103
E05011262,4378
E05011263,6539
E05011264,6796
E05011265,6938
E05011266,12695
E05011267,3415
E05011268,10540
E05011269,6635
E05011270,7784
E05011271,2965
E05011272,4146
E05011273,10976
E05011274,11645
E05011275,10676
E05011276,6594
E05011277,3673
E05011278,6476
E05011279,5951
E05011280,7641
E05011281,11199
E05011282,3594
E05011283,3900
E05011284,3418
E05011285,4114
E05011286,3489
E05011289,6779
E05011291,10641
E05011292,3433
E05011293,3750
E05011294,5299
E05011295,3230
E05011296,10584
E05011297,11428
E05011298,7234
E05011300,8281
E05011301,10928
E05011304,7309
E05011305,3783
E05011306,3353
E05011307,3104
E05013880,7197
E05013881,7239
E05014031,12351
E05014032,6404
E05014169,4007
E05014170,7271
E05004021,12133
E05004022,11971
E05004023,11141
E05004024,8438
E05004025,15130
E05004026,13654
E05004027,9044
E05004028,15060
E05004029,14031
E05004030,12961
E05004031,12204
E05004032,10174
E05004033,10402
E05004034,7995
E05004035,13332
E05004036,9906
E05010365,10301
E05010366,5221
E05010367,6754
E05010368,9584
E05010369,6558
E05010370,6166
E05010371,2880
E05010372,5878
E05010374,10101
E05010378,6016
E05010379,5749
E05010380,2887
E05010382,2923
E05010383,3014
E05010384,6003
E05010385,5752
E05010388,6386
E05010389,6797
E05010390,2859
E05012961,2737
E05012962,6486
E05012963,7073
E05012964,5887
E05012965,7047
E05012966,6728
E05012967,7483
E05004067,7347
E05004068,6278
E05004069,7640
E05004070,6039
E05004071,3806
E05004072,4060
E05004073,3656
E05004074,4290
E05004075,3757
E05004076,6364
E05004077,6092
E05004078,5460
E05004079,2012
E05004080,3827
E05004081,6416
E05004082,6832
E05004083,6716
E05004084,6733
E05004085,6114
E05004086,6427
E05004087,7128
E05004088,4880
E05004089,7046
E05004090,6397
E05004091,5811
E05004092,6861
E05004093,6298
E05004094,6499
E05004095,5845
E05004096,5543
E05004097,6941
E05004098,11039
E05004099,10847
E05004100,3200
E05004101,5662
E05004102,5977
E05004103,8512
E05004104,6440
E05004105,8333
E05004106,8762
E05004107,13337
E05004108,5654
E05004109,9072
E05004110,6508
E05004111,9289
E05004112,5736
E05004113,8009
E05004114,8017
E05004115,10542
E05004116,5437
E05004117,6740
E05004118,6600
E05004119,5328
E05010827,11235
E05010828,11314
E05010829,14671
E05010830,10502
E05010831,9609
E05010832,11148
E05010833,9862
E05010834,14233
E05010835,14672
E05010836,12762
E05010837,10444
E05010838,10809
E05010839,10792
E05010840,12438
E05010841,9612
E05010842,9626
E05010843,8984
E05004147,2294
E05004148,4729
E05004149,7023
E05004150,2352
E05004151,4647
E05004152,4378
E05004153,6415
E05004154,7161
E05004155,7602
E05004157,2464
E05004158,2051
E05004159,4808
E05004160,4922
E05004161,4604
E05004162,4338
E05004163,4811
E05004164,4492
E05004165,5371
E05004166,4274
E05004167,2173
E05004169,4757
E05004170,2519
E05004171,2250
E05004172,2760
E05004173,4186
E05004174,2774
E05004175,6383
E05004176,4054
E05004177,4913
E05004178,4732
E05008940,2599
E05008941,2141
E05004179,8207
E05004180,8941
E05004181,6597
E05004182,7685
E05004183,10060
E05004184,7971
E05004185,8412
E05004186,11183
E05004187,7919
E05004188,7547
E05004189,8804
E05004190,4337
E05004191,4682
E05004192,4168
E05004193,3862
E05004194,4098
E05004195,4810
E05004196,2500
E05004197,4409
E05004198,3839
E05004199,4191
E05004200,4450
E05004201,3524
E05004202,4828
E05004203,2332
E05004204,2087
E05004205,4398
E05004206,3690
E05010844,6592
E05010845,7133
E05010846,5910
E05010847,6518
E05010848,6509
E05010849,6248
E05010850,6593
E05010851,6651
E05010852,6681
E05010853,6575
E05010854,6762
E05010855,6952
E05010856,6536
E05011932,6986
E05011933,3013
E05011934,5840
E05011935,8680
E05011936,5153
E05011937,6145
E05011938,7288
E05011939,7098
E05011940,3239
E05011941,2742
E05011942,3025
E05011943,2884
E05011944,5519
E05011945,3665
E05011946,3489
E05011947,3402
E05011948,3388
E05011949,8620
E05011950,3067
E05011951,2590
E05011952,5822
E05011953,7318
E05011954,6936
E05011955,5172
E05011956,2679
E05011957,3035
E05011958,3432
E05011959,3046
E05011960,3430
E05011961,3299
E05011962,2982
E05011963,5310
E05009910,2154
E05009911,4173
E05009912,2326
E05009913,2264
E05009914,4943
E05009915,4632
E05009916,2899
E05009917,5103
E05009918,6445
E05009919,2323
E05009920,2493
E05009921,4496
E05009922,4132
E05009923,4257
E05009924,4764
E05009925,7592
E05009926,4624
E05009927,4960
E05009928,2077
E05009929,7200
E05009930,5291
E05009931,2195
E05009002,9038
E05009003,9428
E05009004,9363
E05009005,8820
E05009006,9273
E05009007,9787
E05009008,10161
E05009009,9777
E05009010,11939
E05009011,11420
E05004691,6078
E05004692,5960
E05004693,2406
E05004694,10307
E05004695,2696
E05004696,6031
E05004697,6106
E05004698,6138
E05004699,6537
E05004700,9497
E05004701,8741
E05004702,9285
E05004703,5801
E05004704,8004
E05004705,7190
E05004706,5886
E05004707,5288
E05004708,9712
E05004709,3780
E05004710,2836
E05004711,5386
E05004712,3417
E05004713,5177
E05004714,5800
E05004715,7022
E05012177,4953
E05012178,5109
E05012179,5974
E05012180,8836
E05012181,9506
E05012182,8595
E05012183,9387
E05012184,5426
E05012185,8005
E05012186,7280
E05012187,7699
E05012188,5096
E05012189,5787
E05012190,5791
E05012191,4991
E05012192,5391
E05004761,2829
E05004762,2878
E05004763,7739
E05004764,2358
E05004765,7405
E05004766,2677
E05004767,2792
E05004768,8625
E05004769,8338
E05004770,5112
E05004771,4831
E05004772,8315
E05004773,7774
E05004774,2261
E05004775,5448
E05004776,6679
E05004777,7348
E05004778,7250
E05004779,7597
E05004780,5451
E05004781,5620
E05004782,5690
E05004783,6133
E05004784,2066
E05009425,6459
E05009426,6948
E05009427,6957
E05009428,7937
E05009429,6468
E05009430,7065
E05009431,6935
E05009432,8558
E05009433,6145
E05009434,7565
E05009435,7200
E05009436,7657
E05009437,7878
E05011046,8704
E05011047,10472
E05011048,9886
E05011049,8396
E05011050,8070
E05011051,9072
E05011052,7179
E05011053,8638
E05011054,7583
E05011055,7114
E05011056,9160
E05011057,7972
E05010237,7635
E05010238,2700
E05010239,3223
E05010240,5095
E05010241,7975
E05010242,7436
E05010243,5901
E05010244,5922
E05010245,3148
E05010246,3387
E05010247,3172
E05010248,2834
E05010249,2603
E05010250,5467
E05010251,5590
E05010252,2873
E05010253,2669
E05010254,5500
E05010255,5763
E05010256,8565
E05010257,3263
E05010258,4954
E05010259,6221
E05010260,6189
E05010261,7899
E05010262,6530
E05010263,8967
E05005757,2788
E05005758,8938
E05005759,6355
E05005760,6213
E05005761,2694
E05005762,2684
E05005763,2811
E05005764,2985
E05005765,2405
E05005766,3274
E05005767,2717
E05005768,5680
E05005769,5442
E05005770,2903
E05005771,5703
E05005772,3237
E05005773,8496
E05005774,3601
E05005775,2658
E05005776,5331
E05005777,5346
E05005778,9529
E05005779,5283
E05005780,4554
E05005781,7366
E05005782,7161
E05005783,5557
E05005784,6477
E05005785,7727
E05005786,4320
E05005787,4483
E05005788,8640
E05005789,7732
E05005790,4979
E05005791,2696
E05005792,5289
E05005793,5588
E05005794,7418
E05005795,9342
E05005796,4704
E05005797,4878
E05005798,5687
E05005799,5318
E05005800,4467
E05012321,5927
E05012322,2562
E05012323,2131
E05012324,2516
E05012325,2784
E05012326,2433
E05012327,6025
E05012328,3185
E05012329,3268
E05012330,5155
E05012331,6829
E05012332,6326
E05012333,5912
E05012334,2429
E05012335,3338
E05012336,8679
E05012337,5169
E05012338,4230
E05012339,3115
E05012340,2887
E05012341,2547
E05012342,6877
E05012343,5587
E05012344,2709
E05012345,5372
E05012346,2349
E05012347,2871
E05012348,6063
E05012349,6835
E05012350,5259
E05012351,6328
E05012352,6061
E05012353,2796
E05012354,5004
E05012355,2764
E05011834,2356
E05011835,2482
E05011836,2547
E05011837,2293
E05011838,4992
E05011839,2652
E05011840,2435
E05011841,2644
E05011842,2537
E05011843,4724
E05011844,5104
E05011845,2412
E05011846,5603
E05011847,2778
E05011848,4922
E05011849,2847
E05011850,5238
E05011851,2583
E05011852,2264
E05011853,2817
E05011854,2348
E05011855,2465
E05011856,4891
E05011857,5766
E05011858,2731
E05011859,2445
E05011860,2551
E05011861,2734
E05011862,2575
E05011863,2536
E05011864,2366
E05011865,3345
E05012901,10173
E05012902,11177
E05012903,11991
E05012904,10118
E05012905,10685
E05012906,10617
E05012907,11202
E05012908,10435
E05012909,10352
E05012910,9688
E05012911,10199
E05012912,14551
E05012913,12734
E05011866,6532
E05011867,3293
E05011868,3359
E05011869,3041
E05011870,5428
E05011871,5386
E05011872,10921
E05011874,1962
E05011875,3468
E05011877,3203
E05011878,8784
E05011879,3083
E05011880,5947
E05011881,9309
E05011882,6028
E05011883,3048
E05011884,6482
E05011885,10648
E05011886,8148
E05011887,3409
E05011888,6371
E05011889,4441
E05011890,3154
E05011891,3952
E05012851,6424
E05012852,6127
E05012565,2654
E05012566,2869
E05012567,2609
E05012568,3156
E05012569,2873
E05012570,3107
E05012571,6159
E05012572,3227
E05012573,2724
E05012574,2381
E05012575,9950
E05012576,2822
E05012577,5933
E05012578,5254
E05012579,6032
E05012580,2686
E05012581,2515
E05012582,2656
E05012583,5841
E05012584,3273
E05012585,3150
E05012586,5341
E05012587,2288
E05012588,2838
E05007117,10692
E05007118,7446
E05007119,9841
E05007120,7432
E05007121,8847
E05007122,9397
E05007123,8120
E05007124,9651
E05007125,8482
E05007126,9700
E05007127,8388
E05007128,6776
E05007129,7279
E05007130,10199
E05007131,9104
E05007132,8286
E05012589,2783
E05012590,3656
E05012591,3573
E05012592,2648
E05012593,6971
E05012594,5847
E05012595,5592
E05012596,3275
E05012597,6537
E05012598,2892
E05012599,2812
E05012600,3223
E05012601,5763
E05012602,2697
E05012603,2970
E05012604,5985
E05012605,2668
E05012606,2911
E05012607,3133
E05012608,2901
E05012609,3119
E05012610,2823
E05012611,5855
E05012612,3052
E05012613,5892
E05012614,3121
E05013947,7744
E05013948,8152
E05013949,8181
E05013950,2766
E05013951,8020
E05013952,7878
E05013953,8186
E05013954,7256
E05013955,8100
E05013956,7588
E05013957,8068
E05013958,7352
E05013959,5121
E05013960,8169
E05013961,5703
E05013962,7971
E05013963,7710
E05013964,8442
E05013965,8220
E05013966,7538
E05011058,6899
E05011059,6581
E05011060,6932
E05011061,8317
E05011062,8107
E05011063,11400
E05011064,10626
E05011065,7054
E05011066,7400
E05011067,6086
E05011068,6050
E05011069,7956
E05011070,5971
E05011071,7659
E05011072,6641
E05011073,6158
E05004721,2738
E05004723,2352
E05004724,2751
E05004725,7898
E05004726,9632
E05004727,3542
E05004728,5976
E05004729,2270
E05004730,2643
E05004731,5913
E05004732,3566
E05004733,2512
E05004735,3096
E05004736,2970
E05004737,8744
E05004738,3094
E05004739,3275
E05004741,3257
E05004742,5707
E05004743,5130
E05004744,5530
E05004745,2616
E05009315,2806
E05012981,8461
E05012982,9686
E05012983,6867
E05012984,6967
E05012985,9268
E05012986,8296
E05012987,2592
E05004805,6885
E05004806,8055
E05004807,6826
E05004808,6020
E05004810,6423
E05004811,8575
E05004812,6494
E05004813,7130
E05004814,8141
E05004815,6474
E05004816,6076
E05004817,5959
E05009316,6435
E05012734,12096
E05012735,14591
E05012736,8655
E05012737,8358
E05012738,10696
E05012739,9677
E05012740,5750
E05012741,12978
E05012742,8909
E05012743,9715
E05012744,8076
E05012745,15902
E05012746,3934
E05012747,14885
E05012748,4241
E05012749,13312
E05012750,3523
E05012751,7540
E05012752,4258
E05012753,9684
E05012754,12890
E05012755,4948
E05012756,4408
E05012757,4778
E05012758,3842
E05012759,11350
E05012760,4974
E05012761,7880
E05012762,4202
E05012763,4678
E05012764,2645
E05012765,2697
E05012766,2592
E05012767,3395
E05012768,2843
E05012769,3196
E05012770,2672
E05012771,9156
E05012772,2551
E05012773,2318
E05012774,3107
E05012775,4291
E05012776,4652
E05012777,6457
E05012778,2485
E05012779,5863
E05012780,2527
E05012781,6546
E05012782,2297
E05012783,2931
E05012784,9435
E05012785,2895
E05012786,3433
E05012787,3193
E05012788,2217
E05012789,5733
E05012790,8170
E05012791,5373
E05012792,5677
E05012793,5716
E05012794,2884
E05012795,3116
E05012796,2450
E05012797,5222
E05012798,4066
E05012799,2916
E05012800,4149
E05012801,7439
E05012802,6129
E05012803,5214
E05012804,2463
E05012805,2159
E09000001,8583
E05014053,3955
E05014054,10031
E05014055,9955
E05014056,8610
E05014057,9799
E05014058,14086
E05014059,8649
E05014060,15600
E05014061,10831
E05014062,13070
E05014063,8994
E05014064,13306
E05014065,15922
E05014066,13080
E05014067,15251
E05014068,6005
E05014069,15481
E05014070,12540
E05014071,13706
E05013628,16869
E05013629,16209
E05013630,21857
E05013631,19629
E05013632,12060
E05013633,19413
E05013634,10724
E05013635,18144
E05013636,16639
E05013637,19998
E05013638,12109
E05013639,18840
E05013640,19449
E05013641,12207
E05013642,14746
E05013643,21981
E05013644,11930
E05013645,18307
E05013646,14493
E05013647,12371
E05013648,19430
E05013649,17251
E05013650,10772
E05013651,13914
E05011217,11678
E05011218,17690
E05011219,15618
E05011220,16726
E05011221,15633
E05011222,16281
E05011223,15259
E05011224,15913
E05011225,13102
E05011226,16573
E05011227,10078
E05011228,11143
E05011229,10747
E05011230,15421
E05011231,12749
E05011232,15926
E05011233,15936
E05013496,15056
E05013497,11419
E05013498,13435
E05013499,14151
E05013500,21848
E05013501,20076
E05013502,17686
E05013503,17212
E05013504,11236
E05013505,12367
E05013506,12662
E05013507,17158
E05013508,17189
E05013509,16707
E05013510,20255
E05013511,13938
E05013512,10006
E05013513,17921
E05013514,17925
E05013515,15063
E05013516,7548
E05013517,18957
E05013987,16363
E05013988,17764
E05013989,10817
E05013990,18780
E05013991,15400
E05013992,11234
E05013993,15570
E05013994,17359
E05013995,12029
E05013996,5772
E05013997,17703
E05013998,15908
E05013999,15465
E05014000,11488
E05014001,11960
E05014002,18908
E05014003,17260
E05014004,13478
E05014005,16210
E05014006,18436
E05014007,17313
E05014008,14768
E05013652,12299
E05013653,11095
E05013654,7555
E05013655,6389
E05013656,11410
E05013657,7725
E05013658,11616
E05013659,8016
E05013660,12038
E05013661,10226
E05013662,10359
E05013663,7156
E05013664,10421
E05013665,12061
E05013666,11462
E05013667,12543
E05013668,11926
E05013669,12512
E05013670,12166
E05013671,11162
E05011462,11464
E05011463,16208
E05011464,16938
E05011465,20222
E05011466,15419
E05011467,16352
E05011468,15345
E05011469,10985
E05011470,10936
E05011471,11328
E05011472,12145
E05011473,10827
E05011474,10109
E05011475,5787
E05011476,15184
E05011477,9715
E05011478,15773
E05011479,13184
E05011480,9928
E05011481,10012
E05011482,15402
E05011483,10623
E05011484,18064
E05011485,16447
E05011486,18002
E05011487,18684
E05011488,18764
E05011489,16870
E05013518,14354
E05013519,15609
E05013520,13918
E05013521,15945
E05013522,15210
E05013523,17384
E05013524,17044
E05013525,15290
E05013526,15785
E05013527,19043
E05013528,15557
E05013529,15040
E05013530,14265
E05013531,17532
E05013532,16536
E05013533,16094
E05013534,16185
E05013535,15169
E05013536,16822
E05013537,10825
E05013538,15694
E05013539,6581
E05013540,16472
E05013541,14756
E05013672,8218
E05013673,10791
E05013674,16250
E05013675,11456
E05013676,12707
E05013677,12367
E05013678,10607
E05013679,17132
E05013680,17818
E05013681,9362
E05013682,18135
E05013683,9248
E05013684,16545
E05013685,16554
E05013686,11908
E05013687,8747
E05013688,11014
E05013689,13679
E05013690,12533
E05013691,15910
E05013692,14515
E05013693,13517
E05013694,16724
E05013695,13844
E05013696,10398
E05014072,17687
E05014073,15035
E05014074,12308
E05014075,10516
E05014076,14480
E05014077,9753
E05014078,10766
E05014079,15535
E05014080,11000
E05014081,10554
E05014082,11417
E05014083,10089
E05014084,6107
E05014085,9517
E05014086,14532
E05014087,21972
E05014088,15171
E05014089,11891
E05014090,12452
E05014091,11815
E05014092,12100
E05014093,12688
E05014094,11688
E05009367,9013
E05009368,15334
E05009369,12579
E05009370,8880
E05009371,9195
E05009372,12719
E05009373,12999
E05009374,12306
E05009375,14409
E05009376,13884
E05009377,11768
E05009378,13752
E05009379,13061
E05009380,14124
E05009381,12682
E05009382,9125
E05009383,15319
E05009384,10345
E05009385,13382
E05009386,12156
E05009387,12113
E05013733,7718
E05013734,7530
E05013735,8250
E05013736,9984
E05013737,10584
E05013738,12167
E05013739,7391
E05013740,7247
E05013741,7850
E05013742,6709
E05013743,12136
E05013744,11173
E05013745,7727
E05013746,6932
E05013747,11129
E05013748,5570
E05013749,7952
E05013750,7419
E05013751,9308
E05013752,10393
E05013753,7985
E05013585,8838
E05013586,9833
E05013587,13477
E05013588,13040
E05013589,12598
E05013590,14568
E05013591,8437
E05013592,12764
E05013593,15035
E05013594,8779
E05013595,13714
E05013596,14705
E05013597,10590
E05013598,9238
E05013599,16821
E05013600,10791
E05013601,14739
E05013602,12176
E05013603,14968
E05013604,13882
E05013605,15245
E05013542,9021
E05013543,9735
E05013544,15200
E05013545,15713
E05013546,11015
E05013547,10786
E05013548,14341
E05013549,9822
E05013550,14882
E05013551,13614
E05013552,9990
E05013553,11990
E05013554,8994
E05013555,13137
E05013556,15739
E05013557,9143
E05013558,9905
E05013559,15864
E05013560,13501
E05013561,10488
E05013562,7957
E05013563,10363
E05013967,4883
E05013968,12987
E05013969,16646
E05013970,9535
E05013971,17780
E05013972,8489
E05013973,13807
E05013974,16375
E05013975,17211
E05013976,13758
E05013977,12952
E05013978,14481
E05013979,13567
E05013980,16022
E05013981,8738
E05013982,14652
E05013983,10423
E05013984,10885
E05013985,15514
E05013986,13347
E05013564,17493
E05013565,11511
E05013566,19135
E05013567,16911
E05013568,5741
E05013569,14998
E05013570,14041
E05013571,15804
E05013572,9690
E05013573,15516
E05013574,11310
E05013575,11771
E05013576,16709
E05013577,15441
E05013578,10980
E05013579,16838
E05013580,17962
E05013581,18433
E05013582,19802
E05013583,13416
E05013584,12406
E05013606,15149
E05013607,8692
E05013608,7879
E05013609,12697
E05013610,13740
E05013611,10301
E05013612,16028
E05013613,12906
E05013614,16224
E05013615,10403
E05013616,16265
E05013617,14534
E05013618,11158
E05013619,15729
E05013620,10659
E05013621,8672
E05013622,16075
E05013623,13748
E05013624,15915
E05013625,13799
E05013626,14660
E05013627,12948
E05013697,13125
E05013698,11710
E05013699,11164
E05013700,11580
E05013701,12666
E05013702,10954
E05013703,14645
E05013704,13808
E05013705,14970
E05013706,12737
E05013707,12854
E05013708,12442
E05013709,14266
E05013710,11888
E05013711,11622
E05013712,13764
E05013713,12394
E05009388,7894
E05009389,7788
E05009390,8624
E05009391,7633
E05009392,8574
E05009393,8332
E05009394,7212
E05009395,8937
E05009396,8803
E05009397,9102
E05009398,5701
E05009399,9139
E05009400,5379
E05009401,7903
E05009402,9194
E05009403,8417
E05009404,6158
E05009405,8581
E05013928,6413
E05013929,6112
E05013930,8261
E05013931,9488
E05013932,7419
E05013933,10456
E05013934,7051
E05013935,11111
E05013936,5605
E05013937,10825
E05013938,10289
E05013939,6991
E05013940,9583
E05013941,11187
E05013942,6695
E05013943,11809
E05013944,10636
E05013945,11188
E05013946,6944
E05014095,15251
E05014096,16324
E05014097,14929
E05014098,9482
E05014099,10017
E05014100,9845
E05014101,12711
E05014102,15904
E05014103,10257
E05014104,16156
E05014105,14603
E05014106,16907
E05014107,10933
E05014108,12441
E05014109,10844
E05014110,10745
E05014111,16332
E05014112,17659
E05014113,9877
E05014114,10889
E05014115,15815
E05014116,9757
E05014117,9733
E05014118,8858
E05014119,11384
E05013714,11661
E05013715,16429
E05013716,17498
E05013717,17258
E05013718,15427
E05013719,17002
E05013720,18360
E05013721,14435
E05013722,15173
E05013723,15733
E05013724,20148
E05013725,15576
E05013726,15016
E05013727,8199
E05013728,11077
E05013729,18657
E05013730,19019
E05013731,16975
E05013732,16915
E05013810,10534
E05013811,9791
E05013812,11561
E05013813,11716
E05013814,11809
E05013815,11835
E05013816,8242
E05013817,11369
E05013818,11903
E05013819,11341
E05013820,8294
E05013821,11646
E05013822,9480
E05013823,12301
E05013824,11311
E05013825,11804
E05013826,5603
E05013827,10610
E05013828,11071
E05013829,12966
E05013904,16152
E05013905,15107
E05013906,10573
E05013907,7121
E05013908,17658
E05013909,15129
E05013910,18516
E05013911,10987
E05013912,17774
E05013913,16973
E05013914,15790
E05013915,17547
E05013916,15832
E05013917,12455
E05013918,18290
E05013919,13173
E05013920,16696
E05013921,11617
E05013922,9306
E05013923,14538
E05013924,15742
E05013925,11862
E05013926,16500
E05013927,15700
E05011234,15462
E05011235,15325
E05011236,13392
E05011237,16529
E05011238,15710
E05011239,14420
E05011240,13503
E05011241,13238
E05011242,14714
E05011243,15409
E05011244,15259
E05011245,15702
E05011246,12327
E05011247,15123
E05011248,16292
E05011249,9480
E05011250,14458
E05011251,15046
E05011252,12833
E05011253,15209
E05011254,8063
E05011255,12765
E05013774,10424
E05013775,10671
E05013776,10722
E05013777,10829
E05013778,10299
E05013779,9716
E05013780,10755
E05013781,10412
E05013782,11839
E05013783,12033
E05013784,10629
E05013785,11945
E05013786,11081
E05013787,10629
E05013788,10562
E05013789,10992
E05013790,11308
E05013791,10437
E05011095,9013
E05011096,15509
E05011097,9219
E05011098,14732
E05011099,9591
E05011100,10255
E05011101,10588
E05011102,12465
E05011103,13612
E05011104,15097
E05011105,13442
E05011106,15282
E05011107,15844
E05011108,15555
E05011109,19037
E05011110,14787
E05011111,10158
E05011112,15626
E05011113,14472
E05011114,8456
E05011115,15945
E05011116,15945
E05011117,13008
E05013754,11068
E05013755,11864
E05013756,11538
E05013757,9960
E05013758,10810
E05013759,6578
E05013760,11161
E05013761,8556
E05013762,12178
E05013763,10913
E05013764,8279
E05013765,12566
E05013766,11296
E05013767,12247
E05013768,10907
E05013769,10938
E05013770,12236
E05013771,11048
E05013772,8424
E05013773,7071
E05009317,21090
E05009318,21426
E05009319,19526
E05009320,13711
E05009321,11702
E05009322,13964
E05009323,17976
E05009324,15307
E05009325,21707
E05009326,6555
E05009327,21652
E05009328,8069
E05009329,14747
E05009330,11961
E05009331,19779
E05009332,13278
E05009333,13340
E05009334,12343
E05009335,13339
E05009336,18841
E05013882,16319
E05013883,10482
E05013884,13614
E05013885,11402
E05013886,9322
E05013887,17256
E05013888,14746
E05013889,9818
E05013890,12951
E05013891,11564
E05013892,14312
E05013893,14276
E05013894,13536
E05013895,15523
E05013896,13114
E05013897,12238
E05013898,9274
E05013899,11747
E05013900,8195
E05013901,14084
E05013902,15059
E05013903,9594
E05014009,17707
E05014010,19176
E05014011,16918
E05014012,11982
E05014013,18053
E05014014,13452
E05014015,5397
E05014016,12862
E05014017,18846
E05014018,14183
E05014019,15181
E05014020,9828
E05014021,12659
E05014022,16717
E05014023,17028
E05014024,17218
E05014025,11183
E05014026,10585
E05014027,16593
E05014028,18212
E05014029,16815
E05014030,16908
E05013792,13043
E05013793,12366
E05013794,11670
E05013795,11381
E05013796,10321
E05013797,11028
E05013798,10950
E05013799,10366
E05013800,11660
E05013801,12157
E05013802,10317
E05013803,10692
E05013804,12756
E05013805,11611
E05013806,10361
E05013807,10327
E05013808,11543
E05013809,11685
E05002249,16933
E05002250,6602
E05002251,19179
E05002252,17188
E05002253,8093
E05002254,9045
E05002255,14886
E05002256,15926
E05002257,10171
E05002258,12389
E05002259,9206
E05002260,13585
E05002261,12285
E05002262,10655
E05002263,13607
E05002264,11004
E05002265,14208
E05002266,15793
E05002267,16570
E05002268,13374
E05002269,9776
E05002270,9298
E05002271,5916
E05002272,12093
E05002273,6897
E05002274,5082
E05002275,5863
E05002276,7610
E05002277,6057
E05002278,7980
E05002279,4982
E05002280,8151
E05002281,9267
E05002282,6171
E05002283,5993
E05002284,5009
E05002285,8580
E05002286,7999
E05002287,6135
E05002288,4818
E05012132,3995
E05012133,3493
E05012134,4471
E05012135,3623
E05012136,10763
E05012137,8224
E05012138,3697
E05012139,11446
E05012140,4222
E05012141,7431
E05012142,7545
E05012143,12830
E05012144,7623
E05012145,9318
E05012146,3761
E05012147,4273
E05012148,7374
E05012149,3340
E05012150,7740
E05012151,7319
E05012152,3053
E05012153,10640
E05012154,7864
E05012155,7400
E05013864,10153
E05013865,11445
E05013866,11411
E05013867,9531
E05013868,12161
E05013869,11029
E05013870,9563
E05013871,11931
E05013872,9247
E05013873,11419
E05013874,11445
E05013875,14714
E05013876,10985
E05013877,7808
E05013878,9869
E05013879,11508
E05009337,10445
E05009338,11575
E05009339,13015
E05009340,13464
E05009341,10437
E05009342,12452
E05009343,6418
E05009344,10497
E05009345,11292
E05009346,3917
E05009347,10317
E05009348,10621
E05009349,11771
E05009350,10678
E05009351,11601
E05012494,12052
E05012495,7195
E05012496,6843
E05012497,7293
E05012498,7742
E05012499,8115
E05012500,7176
E05012501,6784
E05012502,7609
E05012503,10720
E05012504,12881
E05012505,7840
E05012506,6560
E05012507,7788
E05012508,7312
E05012509,7516
E05012510,7941
E05012511,7527
E05012512,6602
E05002372,3013
E05002373,4619
E05002374,9620
E05002375,3157
E05002376,5634
E05002377,9931
E05002378,9527
E05002379,5468
E05002380,6288
E05002381,9321
E05002382,8380
E05002383,2937
E05002384,10528
E05002385,10553
E05002386,11315
E05002387,5527
E05002388,3632
E05002389,12540
E05002390,3200
E05002391,5867
E05002392,3525
E05002393,6116
E05002394,7515
E05002395,10872
E05002396,8423
E05009406,17933
E05009407,15852
E05009408,14905
E05009409,13287
E05009410,20566
E05009411,13669
E05009412,16483
E05009413,14305
E05009414,14812
E05009415,13408
E05009416,13304
E05009417,11870
E05009418,12437
E05009419,13980
E05009420,16076
E05009421,16433
E05009422,12952
E05009423,16192
E05009424,18594
E05002420,9916
E05002421,9319
E05002422,14230
E05002423,15857
E05002424,15227
E05002425,16014
E05002426,16878
E05002427,16887
E05002428,10129
E05002429,14505
E05002430,14999
E05002431,15646
E05002432,9954
E05002433,14294
E05002434,17669
E05002435,9897
E05002436,11071
E05002437,9785
E05002438,10333
E05002439,14721
E05002440,9773
E05002441,15019
E05002442,15987
E05002443,22321
E05002444,13300
E05002445,14444
E05002446,13733
E05002447,12578
E05002448,15487
E05002449,13929
E05002450,14333
E05002451,15132
E05002452,14576
E05002453,12043
E05002454,15119
E05002455,23009
E05002456,14564
E05002457,18368
E05002458,14409
E05002459,14069
E05002460,14022
E05002461,16082
E05002462,14488
E05002463,16081
E05002464,14305
E05002465,14722
E05002466,16171
E05002467,15086
E05002468,13997
E05002469,13763
E05002470,15786
E05013359,3561
E05013360,3534
E05013361,3413
E05013362,3064
E05013363,3595
E05013364,3555
E05013365,3459
E05013366,4614
E05013367,2773
E05013368,3381
E05013369,4044
E05013370,4004
E05013371,3894
E05013372,3080
E05013373,3655
E05013374,3713
E05013375,3455
E05013376,3396
E05013377,3850
E05013378,2522
E05013379,3394
E05013380,3733
E05013381,3575
E05013382,4424
E05013383,4241
E05013384,4337
E05013385,3827
E05013386,3758
E05013387,4276
E05013388,2505
E05013389,3229
E05013390,3532
E05013391,3597
E05013392,3992
E05013393,3255
E05013394,3557
E05013395,3270
E05013396,3389
E05013397,4006
E05013120,13830
E05013121,10564
E05013122,13859
E05013123,11160
E05013124,12901
E05013125,13662
E05013126,11607
E05013127,11297
E05013128,11478
E05013129,11172
E05013130,10880
E05013131,12723
E05013132,10056
E05013133,11715
E05013134,11197
E05013135,11000
E05013136,10753
E05013137,10409
E05013138,10850
E05013139,11265
E05013140,10594
E05013141,10105
E05013142,12302
E05013143,9452
E05013144,11100
E05013145,9147
E05013146,12102
E05013147,10102
E05013148,11627
E05013149,9534
E05013150,10807
E05013151,11226
E05013152,11063
E05013153,11038
E05013154,10743
E05013155,10427
E05013156,10700
E05013157,11470
E05013158,10344
E05013159,15696
E05013160,10963
E05013161,10308
E05013162,11273
E05013163,11877
E05013164,11255
E05013165,12446
E05013166,10604
E05013167,12275
E05013168,10119
E05011574,14440
E05011575,10781
E05011576,10629
E05011577,10939
E05011578,11166
E05011579,9357
E05011580,11559
E05011581,11881
E05011582,10934
E05011201,5547
E05011202,5494
E05011203,5436
E05011204,6877
E05011205,6939
E05011206,5082
E05011207,6740
E05011208,5795
E05011209,5453
E05011210,5273
E05011211,5658
E05011212,4790
E05011213,5781
E05011214,5298
E05011215,4929
E05011216,5903
E05011583,5204
E05011584,2554
E05011585,7393
E05011586,1905
E05011587,4834
E05011588,3964
E05011589,7916
E05011590,4877
E05011591,7814
E05011592,2446
E05011593,6513
E05011594,5377
E05011595,5186
E05011596,4872
E05011597,2222
E05011598,5023
E05011599,4776
E05011600,5206
E05011601,4391
E05011602,4471
E05011603,2963
E05011604,5607
E05011605,4179
E05011606,4735
E05011607,4178
E05011608,5113
E05011609,4898
E05011610,6118
E05011611,4967
E05011612,4776
E05011613,2198
E05011614,4559
E05011615,2498
E05011616,4751
E05011617,5305
E05011618,4603
E05011619,5008
E05011620,2726
E05011621,4948
E05011622,5326
E05011623,2492
E05011624,4123
E05011625,2966
E05011626,3892
E05011627,3310
E05011628,4125
E05011629,4305
E05011630,3284
E05011631,3804
E05011632,3235
E05011633,2935
E05011634,3886
E05011635,4135
E05011636,3243
E05011637,6941
E05011638,3257
E05011639,3545
E05011640,4785
E05011641,2914
E05011642,3738
E05011643,3327
E05011644,4232
E05011645,3283
E05011646,3915
E05011647,4166
E05011648,5011
E05011649,6931
E05011650,6902
E05011651,3314
E05011652,3659
E05011653,3654
E05011654,2890
E05011655,5107
E05011656,3867
E05011657,3450
E05011658,2976
E05011659,3687
E05011660,3225
E05011661,5747
E05011662,3131
E05011663,3152
E05011664,3266
E05011665,2956
E05013078,10044
E05013079,9178
E05013080,10755
E05013081,10760
E05013082,10845
E05013083,9377
E05013084,9588
E05013085,10149
E05013086,10610
E05013087,10728
E05013088,9208
E05013089,11468
E05013090,12135
E05013091,10662
E05013092,10666
E05013093,11260
E05013094,10575
E05013095,7148
E05012290,2604
E05012291,2359
E05012292,2867
E05012293,2883
E05012294,2807
E05012295,2410
E05012296,3503
E05012297,2743
E05012298,6097
E05012299,9771
E05012300,2738
E05012301,6013
E05012302,8287
E05012303,3285
E05012304,2773
E05012305,5577
E05012306,2849
E05012307,3095
E05012308,4918
E05012309,2626
E05012310,2739
E05012311,6351
E05012312,2755
E05012313,3573
E05012314,2931
E05012315,5411
E05012316,2882
E05012317,3192
E05012318,6520
E05012319,6192
E05012320,3000
E05011187,10678
E05011188,7137
E05011189,10175
E05011190,10512
E05011191,11031
E05011192,9609
E05011193,11610
E05011194,11265
E05011195,10274
E05011196,10461
E05011197,11053
E05011198,10615
E05011199,5860
E05011200,6162
E05004516,7545
E05004517,7027
E05004518,7247
E05004519,7471
E05004520,6505
E05004521,7094
E05004522,6761
E05004523,9540
E05004524,10757
E05004525,7079
E05004526,8040
E05004527,7224
E05004528,7454
E05004529,7695
E05004530,7081
E05014138,6314
E05014139,5343
E05014140,5726
E05014141,5126
E05014142,6022
E05014143,5792
E05014144,7404
E05014145,4911
E05014146,6266
E05014147,5916
E05014148,5195
E05014149,6700
E05014150,5550
E05014151,5690
E05009352,9243
E05009353,7346
E05009354,11234
E05009355,8934
E05009356,7892
E05009357,9416
E05009358,9573
E05009359,9658
E05009360,9154
E05009361,8431
E05009362,8526
E05004566,6467
E05004567,7019
E05004568,9413
E05004569,6852
E05004570,9202
E05004571,10269
E05004572,9876
E05004573,9034
E05004574,8356
E05004575,9340
E05004576,10315
E05004577,10363
E05004578,7579
E05004579,10125
E05004580,5644
E05004581,5387
E05004582,2638
E05004583,4912
E05004584,5455
E05004585,2472
E05004586,5408
E05004587,5565
E05004588,3708
E05004589,6373
E05004590,5492
E05004592,5841
E05004593,6231
E05004596,3486
E05004597,6752
E05004598,5576
E05004599,6252
E05004600,5983
E05004601,3019
E05004602,5775
E05004603,4902
E05004604,6376
E05004605,6147
E05004606,2971
E05004607,6182
E05004608,6494
E05004609,5218
E05004610,6338
E05004611,6344
E05004612,5892
E05004613,4860
E05008932,2836
E05008933,6782
E05008934,2473
E05008989,7008
E05008990,8804
E05008991,7353
E05008992,6565
E05008993,7034
E05008994,7426
E05008995,9300
E05008996,7847
E05008997,7251
E05008998,7066
E05008999,8495
E05009000,8770
E05009001,6836
E05012085,6407
E05012088,10167
E05012093,6422
E05012097,3297
E05012098,9221
E05012100,5388
E05012102,5915
E05012927,2392
E05012928,10222
E05012929,9240
E05012930,8349
E05012931,6425
E05012932,6624
E05012933,3352
E05012934,3183
E05012935,3313
E05012936,8052
E05012937,7346
E05012938,8961
E05012939,6213
E05010995,8687
E05010996,8272
E05010997,7979
E05010998,9644
E05010999,5993
E05011000,8988
E05011001,9105
E05011002,9301
E05011003,6205
E05011004,8991
E05011005,9992
E05011006,6988
E05011007,7034
E05011008,5582
E05011009,6702
E05011010,7985
E05011743,6558
E05011744,7499
E05011745,3044
E05011746,2779
E05011747,2420
E05011748,3364
E05011749,2712
E05011750,2104
E05011751,2581
E05011752,2681
E05011753,6332
E05011754,2852
E05011755,2845
E05011756,2448
E05011757,2728
E05011758,2275
E05011759,2569
E05011760,2683
E05011761,3059
E05011762,2484
E05011763,2700
E05011764,5030
E05011765,2373
E05011766,3450
E05011767,2644
E05011768,2682
E05011769,3039
E05011770,3407
E05011771,2148
E05011772,2752
E05011773,2742
E05011774,2636
E05011775,7172
E05011776,2514
E05011777,4343
E05011778,2503
E05011779,5401
E05011780,6718
E05011781,2481
E05010392,7017
E05010393,10126
E05010395,7139
E05010396,10625
E05010397,4199
E05010398,8985
E05010399,13272
E05010402,7047
E05010404,7813
E05010405,10000
E05010407,3962
E05010408,3527
E05010409,4085
E05010410,9191
E05010411,9425
E05012953,4185
E05012954,3917
E05012955,4381
E05012956,8215
E05012990,12745
E05012991,7568
E05012392,2687
E05012393,6142
E05012394,4214
E05012395,3376
E05012396,3098
E05012397,4767
E05012398,7483
E05012399,5770
E05012400,5127
E05012401,6830
E05012402,3114
E05012403,5923
E05012404,6137
E05012405,7855
E05012406,6695
E05012407,7024
E05012408,9334
E05012409,5045
E05012410,8219
E05012411,7912
E05012855,3167
E05012856,11732
E05012857,7545
E05012858,6647
E05012859,6396
E05012860,7976
E05012861,7246
E05012862,4006
E05012863,7714
E05012864,7866
E05012865,6977
E05012866,7001
E05012867,6090
E05012868,4531
E05012869,8276
E05012870,6729
E05012871,6511
E05004964,6854
E05004965,2208
E05004966,5100
E05004967,3929
E05004968,3397
E05004969,4350
E05004970,4449
E05004971,8395
E05004972,9095
E05004973,5681
E05004974,7793
E05004975,9769
E05004976,4331
E05004977,4114
E05004978,8311
E05004979,7276
E05004980,4537
E05004981,7309
E05004982,7900
E05004983,2389
E05004984,8352
E05004985,2910
E05004986,8734
E05004987,6714
E05004989,3249
E05004990,3364
E05004991,8971
E05004992,10398
E05004993,7087
E05004994,6072
E05004995,7443
E05004996,11917
E05004997,2422
E05004999,9494
E05005000,10285
E05005001,2677
E05005002,9399
E05005003,9227
E05005004,5897
E05005006,6693
E05005007,3111
E05008553,8243
E05008554,2575
E05008555,10260
E05005010,2097
E05005011,1990
E05005012,6052
E05005013,5543
E05005014,4337
E05005016,4907
E05005017,6024
E05005018,3595
E05005021,4327
E05005026,4162
E05005027,4959
E05005028,4589
E05005029,7041
E05005031,4856
E05005032,6610
E05009956,6069
E05009958,1864
E05009959,5931
E05009960,4099
E05009961,2502
E05009962,4721
E05009963,2473
E05009964,6355
E05009965,4500
E05011558,6622
E05011559,4287
E05010015,4201
E05010016,13519
E05010017,11551
E05010018,10313
E05010019,6638
E05010020,11110
E05010021,6210
E05010022,7252
E05010023,11653
E05010024,6273
E05010025,7108
E05010026,6062
E05010027,7869
E05009544,5273
E05009545,6441
E05009546,6437
E05009547,5798
E05009548,3680
E05009549,2761
E05009550,6600
E05009551,6254
E05009552,6793
E05009553,6021
E05009554,7862
E05009555,6943
E05009556,2902
E05009557,8260
E05009558,6938
E05009559,5497
E05009560,13254
E05009561,9169
E05009562,8355
E05009563,6760
E05009564,4025
E05009565,6765
E05009566,2908
E05009567,5986
E05005081,4685
E05005082,3884
E05005083,6511
E05005084,3949
E05005085,8401
E05005086,4882
E05005087,6439
E05005088,9927
E05005089,7846
E05005090,8287
E05005091,4986
E05005092,2197
E05005093,6231
E05005094,4835
E05005095,5705
E05005096,6599
E05005097,7022
E05005098,5717
E05005099,5083
E05005100,8055
E05005101,7269
E05005102,4561
E05005103,7517
E05009568,6320
E05009569,5354
E05009570,7753
E05009571,4068
E05009572,4501
E05009573,4944
E05009574,4959
E05009575,4614
E05009577,7213
E05009578,4788
E05009579,4977
E05009580,5429
E05009582,4895
E05009583,4326
E05009584,7439
E05009585,5102
E05009586,6727
E05009587,4847
E05009588,5260
E05009589,1976
E05009590,7251
E05009591,4524
E05012988,5423
E05012989,9515
E05005130,7558
E05005131,5287
E05005132,4610
E05005133,2352
E05005134,8424
E05005135,2327
E05005136,4708
E05005137,6410
E05005138,4188
E05005139,3972
E05005140,6772
E05005141,7851
E05005142,5784
E05005143,4873
E05005144,6414
E05005145,7420
E05005146,8358
E05005147,7631
E05005148,4336
E05005149,6036
E05010921,10257
E05010922,10423
E05010923,10406
E05010924,11597
E05010925,8759
E05010926,9331
E05010928,8847
E05010929,8452
E05010930,9602
E05010932,9754
E05010933,9254
E05010934,8960
E05011348,10001
E05011349,11654
E05012968,14154
E05012969,9560
E05013096,7271
E05013097,6387
E05013098,8083
E05013099,7621
E05013100,7665
E05013101,6816
E05013102,7238
E05013103,7115
E05013104,6507
E05013105,5578
E05013106,6046
E05013107,6230
E05013108,7122
E05013109,7332
E05013110,7080
E05013111,6487
E05013112,7088
E05013113,7083
E05013114,5990
E05013115,7246
E05013116,6513
E05013117,6911
E05013118,5764
E05013119,4874
E05009733,8520
E05009734,4137
E05009735,3319
E05009736,9312
E05009740,8493
E05009742,3595
E05009743,3955
E05009749,13268
E05009751,4047
E05011701,9278
E05011702,10461
E05011703,13231
E05011704,3663
E05011705,4377
E05011707,3776
E05011708,3929
E05011710,8454
E05011711,4266
E05011712,9003
E05012853,12186
E05012854,7814
E05009754,6408
E05009755,7575
E05009757,6503
E05009769,3139
E05009770,3833
E05009771,4207
E05011713,9240
E05011714,6649
E05011715,3769
E05011717,3405
E05011718,3455
E05011719,3662
E05012970,6083
E05012971,6607
E05012972,7054
E05012973,8627
E05012974,6498
E05012975,3343
E05012976,7066
E05012977,4076
E05012978,7729
E05012979,7211
E05012980,7944
E05012992,4833
E05006627,1823
E05006628,2175
E05006629,4203
E05006632,6065
E05006634,4173
E05006637,7250
E05006638,2420
E05006639,6456
E05006640,5019
E05006642,4298
E05006643,2247
E05006644,2127
E05006645,4586
E05006646,4435
E05006647,1971
E05006648,5949
E05006649,7822
E05006650,3951
E05006651,6286
E05006652,5621
E05006653,4498
E05009363,1977
E05009364,3536
E05009365,5444
E05010781,1951
E05010782,3828
E05010783,4125
E05011074,7263
E05011075,8745
E05011076,9101
E05011077,8620
E05011078,8744
E05011079,7236
E05011080,8568
E05011081,9175
E05011082,8289
E05011083,9750
E05011084,9396
E05011085,8483
E05011086,8990
E05011087,9065
E05011088,8295
E05011089,9036
E05007273,4116
E05007274,6017
E05007275,7686
E05007276,5924
E05007277,5984
E05007278,5534
E05007279,6167
E05007280,6549
E05007281,7526
E05007282,4755
E05007283,8292
E05007284,6385
E05007285,6000
E05007286,8709
E05007287,5694
E05007288,6050
E05007289,5839
E05007290,5911
E05007291,8864
E05007292,2722
E05007293,10114
E05007294,8233
E05007295,2614
E05007296,8063
E05007297,3116
E05007298,11065
E05007299,2557
E05007300,4562
E05007301,4243
E05007302,5569
E05007303,6377
E05007304,9575
E05007305,5659
E05007306,9656
E05007307,8462
E05007308,4173
E05007309,4527
E05007310,6131
E05007311,1940
E05007312,5969
E05007313,5679
E05007314,1847
E05007315,4411
E05007316,4244
E05007317,2398
E05007318,4450
E05007319,7323
E05007320,3859
E05007321,4163
E05007322,6411
E05007323,7703
E05007324,4385
E05007325,1643
E05007326,1891
E05007327,1963
E05007328,2275
E05012872,10088
E05012873,9729
E05012874,10122
E05012875,11291
E05012876,10118
E05012877,9995
E05012878,10875
E05012879,9862
E05012880,9004
E05012881,9358
E05012882,9315
E05012883,10655
E05012884,10739
E05012885,9144
E05012886,10550
E05012887,6678
E05012888,6440
E05012889,6086
E05012890,6825
E05012891,7203
E05012892,7312
E05012893,5502
E05012894,6324
E05012895,4014
E05012896,7285
E05012897,6590
E05012898,5806
E05012899,5970
E05012900,6044
E05007362,8354
E05007363,7695
E05007364,9669
E05007365,7656
E05007366,6471
E05007367,8346
E05007368,6804
E05007369,6986
E05007370,8954
E05007371,7164
E05007372,8600
E05007373,8513
E05007374,7742
E05012026,7382
E05012027,10337
E05012028,5131
E05012029,6853
E05012030,7511
E05012031,6536
E05012032,7229
E05012033,5487
E05012034,5190
E05012035,5998
E05012036,4907
E05012037,5250
E05012038,5559
E05012039,7087
E05007391,1822
E05007392,3988
E05007393,2323
E05007394,6213
E05007395,4509
E05007396,3613
E05007397,4400
E05007398,5876
E05007399,6630
E05007400,4685
E05007401,3849
E05007402,1978
E05007403,4521
E05007404,5739
E05007405,3590
E05007406,4830
E05007407,4622
E05007408,2542
E05007409,5967
E05007410,6175
E05007411,1968
E05007412,1872
E05007413,4993
E05007414,4059
E05007415,6761
E05007416,5031
E05007417,3965
E05007418,2361
E05007419,4492
E05007420,4755
E05007421,4692
E05007422,4489
E05007423,5394
E05007424,4310
E05007425,4236
E05007426,4704
E05007427,5125
E05007428,4144
E05007429,4201
E05007430,5180
E05007431,4342
E05007432,5125
E05007433,4475
E05007434,6143
E05007435,6763
E05007436,4375
E05007437,4115
E05007438,1940
E05007439,4212
E05010795,11848
E05010796,10515
E05010797,9552
E05010798,9746
E05010799,10056
E05010800,10250
E05010801,11116
E05010802,10867
E05010803,10226
E05010804,9768
E05007562,4024
E05007563,4447
E05007564,4491
E05007565,4845
E05007566,4480
E05007567,4505
E05007568,4662
E05007569,4465
E05007570,4396
E05007571,5235
E05007572,4122
E05007573,4266
E05007574,4618
E05007575,5988
E05009800,5172
E05009801,6279
E05009802,10843
E05009803,8351
E05009804,9211
E05009805,4703
E05009806,10236
E05009807,6329
E05009808,11787
E05009809,7775
E05009810,6036
E05009811,6259
E05009812,4853
E05009813,6111
E05009814,7156
E05009815,4916
E05009816,6776
E05009817,6435
E05009818,5572
E05009819,9475
E05009820,5364
E05009821,8342
E05009822,6911
E05011666,2931
E05011667,6572
E05011668,6655
E05011669,6877
E05011670,6372
E05011671,2944
E05011672,6792
E05011673,3358
E05011674,3483
E05011675,10899
E05011676,3625
E05011677,3252
E05011678,7173
E05011679,7329
E05011680,8130
E05011681,3549
E05011682,6309
E05011683,5918
E05011684,8113
E05011685,10324
E05011686,3463
E05012914,11239
E05012915,10448
E05012916,6003
E05012917,6561
E05012918,10579
E05012919,9106
E05012920,9349
E05012921,11575
E05012922,9479
E05012923,8387
E05012924,9604
E05012925,9649
E05012926,6512
E05011812,10632
E05011813,5354
E05011814,6355
E05011815,5998
E05011816,5454
E05011817,10389
E05011818,8923
E05011819,5969
E05011820,5919
E05011821,6336
E05011822,5760
E05011823,3064
E05011824,7392
E05011825,6197
E05011826,6537
E05011827,2968
E05011828,6549
E05011829,6625
E05011830,6101
E05011831,9373
E05011832,6176
E05011833,8707
E05007668,6867
E05007669,2760
E05007670,2930
E05007671,5160
E05007672,5112
E05007673,4721
E05007674,4959
E05007675,6439
E05007676,6103
E05007677,5010
E05007678,7689
E05007679,6532
E05007680,5979
E05007681,5098
E05007682,4811
E05007683,4728
E05007684,6214
E05007685,8499
E05007686,5625
E05007687,6337
E05007688,5766
E05007689,5772
E05007690,7325
E05007691,5011
E05007692,8847
E05007693,8272
E05007694,9312
E05007695,9432
E05007696,10557
E05007697,5839
E05007698,9371
E05007699,8406
E05007700,8746
E05007701,8245
E05007702,7484
E05007703,7977
E05007704,9086
E05007705,8419
E05007706,8465
E05012461,6999
E05012462,5540
E05012463,8069
E05012464,6069
E05012465,3205
E05012466,6612
E05012467,3091
E05012468,5771
E05012469,6644
E05012470,7181
E05012471,6553
E05012472,5929
E05012473,6596
E05012474,3001
E05012475,5786
E05012476,6410
E05012477,3325
E05012478,6641
E05012479,7307
E05012480,3869
E05012481,6503
E05012482,6668
E05012483,3193
E05012484,6149
E05012485,6608
E05012486,7081
E05012487,2636
E05012488,6891
E05012489,5507
E05012490,6543
E05012491,7524
E05012492,5801
E05012493,7709
E05010885,20003
E05010886,22167
E05010887,12917
E05010888,13304
E05010889,12274
E05010890,12146
E05010891,11880
E05010892,18390
E05010893,13022
E05010894,11420
E05010895,11520
E05010896,14167
E05010897,14865
E05010898,14299
E05010899,14057
E05010900,19056
E05010901,13208
E05010902,18711
E05010903,13153
E05010904,13838
E05010905,6034
E05010906,14046
E05010907,19604
E05010908,13396
E05010909,13253
E05010910,12984
E05010911,6459
E05010912,6891
E05010913,13193
E05010914,12882
E05010915,11880
E05010916,13067
E05010917,20420
E05010918,13958
E05010276,4815
E05010277,8220
E05010278,4292
E05010279,4618
E05010280,4200
E05010281,4513
E05010282,3863
E05010283,4208
E05010284,4136
E05010285,4166
E05010286,7771
E05010287,8943
E05010288,4264
E05010289,3247
E05010290,3968
E05010291,4060
E05010292,4387
E05010293,8253
E05010294,4798
E05010295,4143
E05010296,9161
E05010297,9524
E05010298,9091
E05010299,8488
E05010300,8525
E05010301,3904
E05010302,9634
E05010303,8459
E05010304,9001
E05010305,8177
E05010306,9463
E05010307,4877
E05010308,4443
E05010309,4172
E05010310,8945
E05012104,9459
E05012105,9233
E05012106,11065
E05012107,9619
E05012108,5278
E05012109,9419
E05012110,10036
E05012111,9885
E05012112,17341
E05012113,11295
E05012114,13238
E05012115,13733
E05012116,13064
E05012117,9006
E05012118,9889
E05012119,9047
E05012120,9230
E05012121,5412
E05012122,4847
E05012123,9616
E05012124,15037
E05012125,14200
E05012126,7653
E05012127,14487
E05012128,7604
E05012129,10189
E05012130,9196
E05012131,12348
E05002078,13256
E05002079,12283
E05002080,16323
E05002081,11048
E05002082,14199
E05002083,13081
E05002084,14376
E05002085,14271
E05002086,13380
E05002087,13476
E05002088,8227
E05002089,8750
E05002090,12582
E05002091,12839
E05002092,14300
E05002093,13218
E05002094,17744
E05002095,13758
E05002096,13439
E05002097,14145
E05012254,12234
E05012255,7012
E05012256,8077
E05012257,8366
E05012258,3272
E05012259,8336
E05012260,9902
E05012261,7427
E05012262,7810
E05012263,10515
E05012264,8796
E05012265,12546
E05012266,6929
E05012267,8004
E05012268,12971
E05012269,7126
E05008954,15425
E05008955,7837
E05008956,10635
E05008957,12024
E05008958,14018
E05008960,11425
E05008961,11007
E05008962,11193
E05008963,11160
E05008965,12740
E05008966,3422
E05008967,12701
E05008968,19144
E05008969,11577
E05008970,10948
E05008971,13711
E05008972,8229
E05010755,11445
E05010756,12045
E05010757,12723
E05013273,7293
E05013274,6863
E05013275,6283
E05013276,6775
E05013277,6647
E05013278,7198
E05013279,6148
E05013280,6237
E05013281,6855
E05013282,6556
E05013284,5941
E05013286,7445
E05013288,5324
E05013289,7061
E05013290,5687
E05013291,5805
E05013292,5965
E05013293,7476
E05013295,7426
E05013297,6820
E05013298,6710
E05013301,7147
E05013302,7527
E05013303,7354
E05013305,6365
E05013306,5807
E05013307,6186
E05013308,6892
E05013309,5756
E05013311,6010
E05013312,7186
E05013313,6487
E05013314,6670
E05013315,6559
E05013317,6776
E05013319,6705
E05013320,7119
E05013321,5837
E05013323,7236
E05013324,6819
E05013325,5429
E05013327,7112
E05013329,5934
E05013330,6570
E05013331,7380
E05013336,6932
E05013337,6269
E05013338,6132
E05013341,5754
E05013346,6960
E05013347,6448
E05013348,6818
E05013349,6244
E05013350,5629
E05013351,6686
E05013353,6465
E05013354,6320
E05013355,6520
E05013356,6555
E05013357,5882
E05013358,6926
E05013836,6970
E05013837,6786
E05013838,6802
E05013839,6371
E05013840,5972
E05013841,6454
E05013842,6535
E05013843,6694
E05013844,6941
E05013845,6903
E05013846,5164
E05013847,7337
E05013848,7864
E05013849,6324
E05013850,6700
E05013851,6564
E05013852,6593
E05013853,6804
E05013854,7095
E05013855,5953
E05013856,7961
E05013857,6189
E05013858,5998
E05013859,5581
E05013860,6610
E05013861,5220
E06000053,2053
E05013398,5782
E05013399,5639
E05013400,6944
E05013401,5534
E05013402,5909
E05013403,6319
E05013405,5444
E05013406,5369
E05013407,5037
E05013408,4684
E05013409,5034
E05013410,4617
E05013411,4941
E05013412,6095
E05013413,4952
E05013414,5455
E05013415,4073
E05013416,5421
E05013417,4499
E05013418,4706
E05013419,5160
E05013420,3665
E05013421,2789
E05013422,4912
E05013423,5393
E05013424,5767
E05013425,5429
E05013426,4934
E05013427,5036
E05013428,6060
E05013429,4026
E05013430,4860
E05013431,4943
E05013432,4968
E05013433,4703
E05013434,4672
E05013435,4423
E05013436,4686
E05013437,4881
E05013438,5374
E05013439,5871
E05013440,5301
E05013441,7489
E05013442,5968
E05013443,5236
E05013444,6418
E05013446,5293
E05013447,4577
E05013448,4805
E05013449,4747
E05013450,4440
E05013451,4923
E05013452,4644
E05013453,6518
E05013455,5469
E05013457,6855
E05013458,4641
E05013459,5315
E05013460,5432
E05013461,5590
E05013462,4507
E05013463,5882
E05013464,5881
E05013465,3867
E05013466,6016
E05013467,4675
E05013468,5499
E05013469,5491
E05013470,5120
E05013471,4326
E05013472,4716
E05013473,7107
E05013474,7301
E05013475,5188
E05013476,4373
E05013477,6067
E05013478,5687
E05013479,4735
E05013480,5353
E05013481,5410
E05013482,4333
E05013483,5597
E05013484,4825
E05013485,4832
E05013486,5262
E05013487,5744
E05013488,4693
E05013489,4775
E05013490,5427
E05013491,6204
E05013492,4696
E05013493,4930
E05013494,4919
E05013495,4694
E05013832,4339
E05013833,5233
E05013834,4877
E05013835,5079
E05012649,16682
E05012650,14025
E05012651,11191
E05012652,10586
E05012653,16219
E05012654,10289
E05012655,9321
E05012656,9369
E05012657,14387
E05012658,10289
E05012659,10334
E05012660,9471
E05012661,17207
E05012662,8814
E05012663,14213
E05012664,10007
E05012665,17795
E05012666,9904
E05012667,10526
E05012668,10186
E05012669,16873
E05012670,17733
E05012671,11192
E05012672,11006
E05012673,11544
E05012674,12672
E05012675,11392
E05012676,9872
E05012677,13678
E05012678,10828
E05012679,10446
E05012680,10318
E05012681,11829
E05012682,5168
E05012683,4258
E05012684,4502
E05012685,10359
E05012686,14635
E05012687,4788
E05012688,5165
E05012689,3933
E05012690,7817
E05012691,8676
E05012692,10374
E05012693,5029
E05012694,5180
E05012695,3736
E05012696,8219
E05012697,4072
E05012698,9067
E05012699,5298
E05012700,8692
E05012701,8805
E05012702,15528
E05012703,4979
E05012704,9865
E05012705,5078
E05012706,12536
E05012707,4562
E05012708,4301
E05012709,13558
E05012710,5491
E05012711,9768
E05012712,13916
E05012713,7902
E05012714,9158
E05012715,4389
E05012716,4954
E05012717,5972
E05012718,4132
E05012719,5152
E05012720,4961
E05012721,4638
E05012722,9426
E05012723,4537
E05012724,13709
E05012725,9855
E05012726,8870
E05012727,3660
E05012728,9844
E05012729,9503
E05012730,8099
E05012731,4287
E05012732,4265
E05012733,4911
E05011782,8125
E05011783,2353
E05011784,7083
E05011785,7671
E05011786,2437
E05011787,4709
E05011788,6745
E05011789,5778
E05011790,2464
E05011791,7640
E05011792,7409
E05011793,8070
E05011794,7307
E05011795,5073
E05011796,2720
E05011797,6807
E05011798,4855
E05011799,2533
E05011800,2303
E05011801,7986
E05011802,7128
E05011803,2101
E05011804,7863
E05011805,4413
E05011806,2476
E05011807,2549
E05011808,2690
E05011809,3009
E05011810,6006
E05011811,2525
E05011011,8266
E05011012,15147
E05011013,9767
E05011014,9247
E05011015,8793
E05011016,10852
E05011017,10534
E05011018,9588
E05011019,8717
E05011020,10530
E05011021,9388
E05011022,9844
E05011023,10038
E05003510,2004
E05003511,1656
E05003512,3320
E05003513,4328
E05003514,3516
E05003515,4953
E05003516,4475
E05003517,2954
E05003518,4333
E05003519,2334
E05003520,3801
E05003521,5932
E05003522,6979
E05003524,3348
E05003525,1908
E05003526,1660
E05003527,1758
E05003528,4325
E05003529,1807
E05003530,1736
E05003531,6029
E05008546,4276
E05008547,1587
E05008548,3834
E05012412,2639
E05012413,8041
E05012414,7371
E05012415,7055
E05012416,2182
E05012417,2407
E05012418,4861
E05012419,4669
E05012420,2338
E05012421,2107
E05012422,2647
E05012423,5231
E05012424,2894
E05012425,6550
E05012426,4487
E05012427,2189
E05012428,4524
E05012429,2070
E05012430,2452
E05012431,2037
E05012432,5054
E05012433,2327
E05012434,3659
E05012435,6352
E05012436,2465
E05010128,3049
E05010129,2836
E05010130,2563
E05010131,3157
E05010132,2953
E05010133,7856
E05010134,2857
E05010135,6055
E05010136,6433
E05010137,5681
E05010138,2894
E05010139,2975
E05010140,6233
E05010141,4968
E05010142,5436
E05010143,2645
E05010144,9030
E05010145,5456
E05010146,2560
E05010147,2992
E05011892,6396
E05011893,8849
E05011894,2636
E05011895,7998
E05011896,7771
E05011897,8755
E05011898,5940
E05011899,5919
E05011900,5399
E05011901,8876
E05011902,6006
E05011903,2446
E05011904,2522
E05011905,8342
E05011906,2975
E05011907,5583
E05011908,6680
E05011909,6047
E05011910,2880
E05011911,2451
E05011912,5015
E05011913,5762
E05011914,4529
E05011915,5024
E05011916,3677
E05011917,5734
E05011918,5738
E05011919,3847
E05011920,2942
E05011921,4147
E05011922,5801
E05011923,6085
E05011924,3471
E05011925,4095
E05011926,3837
E05011927,4931
E05011928,3850
E05011929,4026
E05011930,3743
E05011931,2190
E05010550,3672
E05010551,3271
E05010552,3798
E05010553,3623
E05010554,1540
E05010555,2372
E05010556,1759
E05010557,4148
E05010558,3229
E05010559,1601
E05010560,1923
E05010561,5733
E05010562,3998
E05010563,1931
E05010564,1825
E05010565,5485
E05010566,3893
E05010567,3294
E05004288,5362
E05004289,6305
E05004290,4956
E05004291,5892
E05004292,4907
E05004293,5843
E05004294,7101
E05004295,5550
E05004296,5566
E05004297,5869
E05004298,6219
E05004299,6064
E05004300,6147
E05004301,6284
E05004302,6214
E05004303,7364
E05004304,6932
E05004305,5561
E05004306,5260
E05004307,5438
E05010696,2452
E05010697,2571
E05010698,2767
E05010699,3289
E05010700,6127
E05010701,2508
E05010702,2434
E05010703,2277
E05010704,2615
E05010705,2422
E05010706,2632
E05010707,1821
E05010708,2627
E05010709,2638
E05010710,6143
E05010711,3427
E05010712,2325
E05010713,2849
E05010714,2915
E05010715,2390
E05010716,2568
E05010717,2884
E05010718,2788
E05010719,2480
E05010720,2558
E05010721,2692
E05010722,2384
E05010723,2240
E05010724,2698
E05010725,2729
E05010726,2598
E05010727,2979
E05012156,4323
E05012157,4885
E05012158,4448
E05012159,4324
E05012160,7731
E05012161,1965
E05012162,5279
E05012163,3945
E05012164,2229
E05012165,6556
E05012166,1758
E05012167,2395
E05012168,7344
E05012169,6709
E05012170,2469
E05012171,4738
E05012172,1911
E05012173,2431
E05012174,2344
E05012175,7169
E05012176,2050
E05010950,7151
E05010951,6089
E05010952,6736
E05010953,12004
E05010954,3401
E05010955,6466
E05010956,7097
E05010957,6209
E05010958,7098
E05010959,7044
E05010960,9535
E05010961,9964
E05010962,10605
E05010963,3464
E05010964,7499
E05010965,6188
E05010966,6173
E05010967,9695
E05010969,7264
E05010972,4443
E05010973,4078
E05010975,2436
E05010976,7463
E05010981,7627
E05010982,2014
E05010986,2127
E05010987,2479
E05010988,2396
E05010990,2072
E05010991,2223
E05010992,4692
E05013187,2156
E05013188,2223
E05013189,6284
E05013190,8493
E05013191,2221
E05013192,4519
E05013193,6496
E05013194,4413
E05013195,6113
E05013196,7593
E05013197,2178
E05013198,2320
E05013199,6954
E05013212,7830
E05012064,2668
E05012065,3932
E05012066,5492
E05012067,6544
E05012068,7133
E05012069,3071
E05012070,5200
E05012071,5960
E05012072,5039
E05012073,4558
E05012074,5657
E05012075,4419
E05012076,4859
E05012077,2603
E05012078,2341
E05012079,2586
E05012080,5411
E05012081,4937
E05012082,5727
E05012083,6742
E05014360,13128
E05014361,9656
E05014362,10558
E05014363,8980
E05014370,9484
E05014371,9864
E05014372,9270
E05014373,10127
E05014378,11170
E05014381,12706
E05014388,11145
E05014342,10094
E05014343,12291
E05014344,11082
E05014345,12018
E05014346,11199
E05014348,9803
E05014349,9332
E05014353,9365
E05014364,10043
E05014365,9828
E05014367,9830
E05014376,10456
E05014341,9204
E05014347,9425
E05014350,10547
E05014351,10683
E05014352,8734
E05014354,9417
E05014356,8999
E05014357,10753
E05014366,10480
E05014369,10553
E05014379,10295
E05014380,10420
E05014389,11792
E05014390,11041
E05014391,11599
E05014392,10332
E05014393,8395
E05014339,10962
E05014340,10906
E05014355,10060
E05014358,7928
E05014359,8734
E05014368,10935
E05014374,8642
E05014375,12893
E05014377,10498
E05014382,12017
E05014383,10497
E05014384,11284
E05014385,9413
E05014386,9636
E05014387,13040
W05001492,6407
W05001493,3571
W05001494,3749
W05001495,5252
W05001496,5545
W05001497,3100
W05001498,3367
W05001499,5783
W05001500,3711
W05001501,5679
W05001502,5139
W05001503,4360
W05001504,7184
W05001505,6029
W05001506,1015
W05001507,1270
W05001508,2146
W05001509,1128
W05001510,1949
W05001511,1616
W05001512,3645
W05001513,1778
W05001514,1382
W05001515,1192
W05001516,1657
W05001517,6708
W05001518,1777
W05001519,1822
W05001520,1300
W05001521,1254
W05001522,1737
W05001523,1266
W05001524,1418
W05001525,1860
W05001526,1897
W05001527,2002
W05001528,1624
W05001529,1173
W05001530,4675
W05001531,1729
W05001532,1467
W05001533,1297
W05001534,1655
W05001535,1633
W05001536,1675
W05001537,1182
W05001538,2087
W05001539,1506
W05001540,1253
W05001541,2715
W05001542,1845
W05001543,1397
W05001544,2009
W05001545,1376
W05001546,1957
W05001547,1825
W05001548,1057
W05001549,1421
W05001550,1920
W05001551,1993
W05001552,2102
W05001553,1880
W05001554,1290
W05001555,2760
W05001556,1876
W05001557,1358
W05001558,1987
W05001559,1793
W05001560,1218
W05001561,1263
W05001562,1419
W05001563,2122
W05001564,1521
W05001565,1462
W05001566,1992
W05001567,1251
W05001568,2590
W05001569,1666
W05001570,1557
W05001403,1953
W05001404,1956
W05001405,1752
W05001406,2373
W05001407,4560
W05001408,4267
W05001409,3327
W05001410,3762
W05001411,2017
W05001412,3570
W05001413,6424
W05001414,4551
W05001415,7688
W05001416,7114
W05001417,5906
W05001418,7773
W05001419,3740
W05001420,2129
W05001421,1819
W05001422,2736
W05001423,2005
W05001424,1793
W05001425,4298
W05001426,4589
W05001427,6463
W05001428,6023
W05001429,2267
W05001430,4689
W05001431,1736
W05001432,1469
W05001332,1684
W05001333,2092
W05001334,5004
W05001335,4522
W05001336,2329
W05001337,3455
W05001338,1633
W05001339,2239
W05001340,2308
W05001341,4026
W05001342,1798
W05001343,2209
W05001344,3492
W05001345,3919
W05001346,2002
W05001347,5862
W05001348,3805
W05001349,3791
W05001350,4652
W05001351,3456
W05001352,5566
W05001353,4200
W05001354,4203
W05001355,4914
W05001356,5699
W05001357,1846
W05001358,1638
W05001359,1817
W05001360,1655
W05001571,5626
W05001572,3971
W05001573,2271
W05001574,4261
W05001575,3824
W05001576,4257
W05001577,4176
W05001578,2389
W05001579,5303
W05001580,1560
W05001581,2490
W05001582,1790
W05001583,4617
W05001584,5243
W05001585,4572
W05001586,2339
W05001587,2501
W05001588,8053
W05001589,3182
W05001590,2778
W05001591,3512
W05001592,4202
W05001593,5502
W05001594,4177
W05001595,1731
W05001596,2083
W05001597,1922
W05001598,2442
W05001599,2606
W05001600,2123
W05001601,5131
W05001602,1878
W05001603,2726
W05001604,2419
W05001605,2830
W05001606,2173
W05001607,1891
W05001608,4886
W05001609,4708
W05001610,5252
W05001611,5138
W05001612,4353
W05001613,2147
W05001614,1687
W05001615,2243
W05001713,2123
W05001714,5024
W05001715,1938
W05001716,2267
W05001717,1724
W05001718,4261
W05001719,2617
W05001720,3688
W05001721,2265
W05001722,2168
W05001723,2613
W05001724,2422
W05001725,1974
W05001726,4428
W05001727,2064
W05001728,2027
W05001729,2760
W05001730,1976
W05001731,2794
W05001732,2580
W05001733,2560
W05001734,2354
W05001735,2861
W05001736,2465
W05001737,3096
W05001738,2505
W05001739,4458
W05001740,2227
W05001741,1995
W05001742,4789
W05001743,2204
W05001744,2153
W05001745,2295
W05001746,2497
W05001747,2963
W05001748,2725
W05001749,5451
W05001750,2186
W05001751,2604
W05001752,2516
W05001753,2553
W05001754,2196
W05001755,3552
W05001756,3286
W05001757,2965
W05001758,2911
W05001759,2141
W05001760,2504
W05001761,2388
W05001298,1759
W05001299,3320
W05001300,5563
W05001301,2963
W05001302,2179
W05001303,2898
W05001304,1955
W05001305,1863
W05001306,1920
W05001307,3462
W05001308,2505
W05001309,1573
W05001310,2489
W05001311,1764
W05001312,1739
W05001313,2113
W05001314,1806
W05001315,1518
W05001316,2036
W05001317,1365
W05001318,1390
W05001319,1544
W05001320,1852
W05001321,1742
W05001322,1496
W05001323,2011
W05001324,1862
W05001325,1739
W05001326,1279
W05001327,2356
W05001328,1769
W05001329,1774
W05001330,1862
W05001331,2008
W05001433,2009
W05001434,2006
W05001435,1857
W05001436,1953
W05001437,1844
W05001438,2101
W05001439,2333
W05001440,2324
W05001441,1859
W05001442,1834
W05001443,1592
W05001444,2020
W05001445,2303
W05001446,2572
W05001447,2430
W05001448,2135
W05001449,2555
W05001450,1720
W05001451,2215
W05001452,2299
W05001453,1548
W05001454,1724
W05001455,2376
W05001456,2311
W05001457,1815
W05001458,2176
W05001459,2072
W05001460,1905
W05001461,2221
W05001462,2004
W05001463,2869
W05001464,2635
W05001465,2620
W05001466,2478
W05001467,2193
W05001468,2769
W05001469,1308
W05001470,1816
W05001471,2173
W05001472,1991
W05001473,1670
W05001474,2174
W05001475,2167
W05001476,1805
W05001477,1844
W05001478,3684
W05001479,2454
W05001480,1828
W05001481,1731
W05001482,1570
W05001483,1712
W05001484,1751
W05001485,2058
W05001486,1683
W05001487,2276
W05001488,1996
W05001489,2095
W05001490,1945
W05001491,1963
W05001177,2331
W05001178,5439
W05001179,2398
W05001180,6587
W05001181,4037
W05001182,4519
W05001183,9111
W05001184,5521
W05001185,5550
W05001186,2547
W05001187,2853
W05001188,2273
W05001189,5195
W05001190,1988
W05001191,2049
W05001192,2506
W05001193,6409
W05001194,2163
W05001195,5082
W05001196,3205
W05001197,4308
W05001198,5053
W05001199,2588
W05001200,2097
W05001201,2070
W05001202,2959
W05001203,2591
W05001204,4390
W05001205,2444
W05001206,1749
W05001207,2780
W05001208,1941
W05001209,5437
W05001210,2628
W05001211,5239
W05001212,5368
W05001213,2787
W05001214,5336
W05001215,4390
W05001216,2625
W05001217,4175
W05001218,3052
W05001219,2864
W05001220,4263
W05001221,5189
W05001222,2471
W05001223,2731
W05001224,2500
W05001225,2683
W05001226,5041
W05001227,2381
W05001039,3222
W05001040,7407
W05001041,13191
W05001042,8494
W05001043,10405
W05001044,7526
W05001045,9202
W05001046,2776
W05001047,10636
W05001048,2931
W05001049,4946
W05001050,7268
W05001051,2673
W05001052,14896
W05001053,9255
W05001054,2566
W05001055,16028
W05001056,7808
W05001057,8947
W05001058,3552
W05001059,11489
W05001060,3580
W05001061,3113
W05001062,6848
W05001063,2500
W05001064,14780
W05001065,6930
W05001066,8836
W05001067,14023
W05001068,3601
W05001069,3338
W05001070,5726
W05001679,5673
W05001680,2373
W05001681,2721
W05001682,6751
W05001683,3138
W05001684,2947
W05001685,2931
W05001686,6582
W05001687,2051
W05001688,5407
W05001689,1582
W05001690,4848
W05001691,5171
W05001692,2295
W05001693,5249
W05001694,5127
W05001695,3886
W05001696,2136
W05001697,3290
W05001698,2146
W05001699,2078
W05001700,4217
W05001701,2599
W05001702,7833
W05001703,6123
W05001704,3801
W05001705,4805
W05001706,5462
W05001707,5756
W05001708,5594
W05001709,2560
W05001710,6663
W05001711,6785
W05001712,1711
W05001228,2384
W05001229,2508
W05001230,4130
W05001231,2520
W05001232,2738
W05001233,3478
W05001234,10073
W05001235,9087
W05001236,6665
W05001237,4126
W05001238,11251
W05001239,7400
W05001240,7688
W05001241,2966
W05001242,4697
W05001243,5685
W05001244,2373
W05001245,2317
W05001246,3234
W05001247,3100
W05001248,5175
W05001249,10011
W05001250,2302
W05001251,5681
W05001252,2538
W05001253,8880
W05001254,2358
W05001255,10120
W05001379,8663
W05001380,6184
W05001381,9844
W05001382,4912
W05001383,5251
W05001384,4830
W05001385,6556
W05001386,8216
W05001387,5508
W05001388,5488
W05001389,7940
W05001390,2090
W05001391,2084
W05001392,9940
W05001393,1924
W05001394,5650
W05001395,6779
W05001396,4167
W05001397,4611
W05001398,2194
W05001399,6978
W05001400,4665
W05001401,4699
W05001402,2768
W05001270,11609
W05001271,12127
W05001272,11696
W05001273,16138
W05001274,21821
W05001275,11391
W05001276,15428
W05001277,13066
W05001278,9415
W05001279,20818
W05001280,12600
W05001281,10476
W05001282,8776
W05001283,8425
W05001284,10420
W05001285,11599
W05001286,16199
W05001287,9095
W05001288,12911
W05001289,18277
W05001290,11719
W05001291,7092
W05001292,11471
W05001293,13756
W05001294,8792
W05001295,14145
W05001296,17231
W05001297,15817
W05001071,10012
W05001072,6375
W05001073,6869
W05001074,9642
W05001075,7503
W05001076,9216
W05001077,6895
W05001078,2939
W05001079,2777
W05001080,5112
W05001081,5743
W05001082,7144
W05001083,3338
W05001084,2915
W05001085,6953
W05001086,2306
W05001087,6204
W05001088,3748
W05001089,6771
W05001090,6195
W05001091,3409
W05001092,7249
W05001093,5751
W05001094,5300
W05001095,5347
W05001096,2974
W05001097,2013
W05001098,2858
W05001099,3201
W05001100,2910
W05001101,5671
W05001102,2732
W05001103,3547
W05001104,3053
W05001105,3560
W05001106,6053
W05001107,6837
W05001108,3653
W05001109,3556
W05001110,5171
W05001111,5705
W05001112,7648
W05001113,7530
W05001114,3614
W05001115,4579
W05001116,5075
W05001648,6508
W05001649,9869
W05001650,5446
W05001651,2709
W05001652,6459
W05001653,8103
W05001654,7393
W05001655,3198
W05001656,5796
W05001657,2437
W05001658,1995
W05001659,5510
W05001660,4089
W05001661,5124
W05001662,2418
W05001663,7481
W05001664,5447
W05001665,4470
W05001666,4650
W05001667,6237
W05001668,5658
W05001669,12214
W05001670,8381
W05001671,6143
W05001672,5085
W05001673,7488
W05001674,8494
W05001675,3098
W05001676,4594
W05001677,3966
W05001678,5486
W05001256,6426
W05001257,5805
W05001258,4554
W05001259,5248
W05001260,3937
W05001261,4448
W05001262,4702
W05001263,4194
W05001264,4023
W05001265,4404
W05001266,4543
W05001267,3908
W05001268,5194
W05001269,5521
W05001361,6710
W05001362,6019
W05001363,2438
W05001364,5143
W05001365,5040
W05001366,2767
W05001367,2001
W05001368,6495
W05001369,2494
W05001370,5895
W05001371,7482
W05001372,7136
W05001373,3790
W05001374,7448
W05001375,4359
W05001376,5307
W05001377,5919
W05001378,5839
W05001762,5018
W05001763,2124
W05001764,1780
W05001765,1562
W05001766,2249
W05001767,3154
W05001768,1966
W05001769,2083
W05001770,1388
W05001771,2343
W05001772,2367
W05001773,1865
W05001774,2273
W05001775,2131
W05001776,2308
W05001777,4051
W05001778,4110
W05001779,3845
W05001780,1814
W05001781,1781
W05001782,4131
W05001783,1819
W05001784,2017
W05001785,3676
W05001786,1795
W05001787,2284
W05001788,2262
W05001789,2055
W05001790,1877
W05001791,2485
W05001792,2431
W05001793,1790
W05001794,2191
W05001795,2119
W05001796,1770
W05001797,1968
W05001798,2014
W05001799,1939
W05001800,2125
W05001627,9497
W05001628,8558
W05001629,7660
W05001630,8295
W05001631,6955
W05001632,7971
W05001633,8980
W05001634,5255
W05001635,13583
W05001636,3275
W05001637,7605
W05001638,8116
W05001639,8303
W05001640,2949
W05001641,2984
W05001642,7965
W05001643,5244
W05001644,8880
W05001645,6497
W05001646,11875
W05001647,9148
W05001117,3984
W05001118,2151
W05001119,1947
W05001120,4026
W05001121,4230
W05001122,1965
W05001123,2469
W05001124,2272
W05001125,1740
W05001126,3495
W05001127,2219
W05001128,1839
W05001129,2034
W05001130,2462
W05001131,2055
W05001132,1756
W05001133,1650
W05001134,1482
W05001135,1680
W05001136,2120
W05001137,1604
W05001138,3603
W05001139,1613
W05001140,1845
W05001141,1794
W05001142,2185
W05001143,3413
W05001144,2149
W05001145,1854
W05001146,1733
W05001147,2137
W05001148,1585
W05001149,1981
W05001150,1466
W05001151,1626
W05001152,1938
W05001153,4181
W05001154,2293
W05001155,1988
W05001156,1552
W05001157,2108
W05001158,2161
W05001159,1747
W05001160,5166
W05001161,2105
W05001162,2199
W05001163,1893
W05001164,1683
W05001165,1930
W05001166,2083
W05001167,2175
W05001168,1701
W05001169,1872
W05001170,2082
W05001171,1734
W05001172,2532
W05001173,2285
W05001174,1820
W05001175,2064
W05001176,1720
W05001616,3768
W05001617,7271
W05001618,6631
W05001619,5342
W05001620,3773
W05001621,4162
W05001622,5279
W05001623,5048
W05001624,7897
W05001625,6272
W05001626,3396
